treatment_order,city_key,grid_id,station_event_id,opening_month,status,active_families,selected_method,donor_scope,control_city_key,control_grid_id,control_unit_key,candidate_count,candidate_city_count,training_feature_count,holdout_feature_count,training_distance,holdout_rms_standardized_gap,holdout_max_abs_standardized_gap,training_distance_threshold,holdout_rms_threshold,holdout_max_abs_threshold,control_selection_uses_post_outcome,failure_reason
1,shanghai,g00136x00165,shanghai_station_c72c54257f13,2010-02,pending,,,,,,,,,,,,,,,,,False,
2,shanghai,g00137x00169,shanghai_station_f47abbacd586,2010-02,pending,,,,,,,,,,,,,,,,,False,
3,shanghai,g00133x00107,shanghai_station_b709999f0a74,2010-03,pending,,,,,,,,,,,,,,,,,False,
4,shanghai,g00155x00085,shanghai_station_20a894e6aeef,2010-03,pending,,,,,,,,,,,,,,,,,False,
5,shanghai,g00156x00081,shanghai_station_bda6b3b723b3,2010-03,pending,,,,,,,,,,,,,,,,,False,
6,shanghai,g00165x00094,shanghai_station_e2a4cea54b04,2010-03,pending,,,,,,,,,,,,,,,,,False,
7,shanghai,g00127x00202,shanghai_station_a7723786b04e,2010-04,pending,,,,,,,,,,,,,,,,,False,
8,shanghai,g00132x00183,shanghai_station_376ec52a6851,2010-04,pending,,,,,,,,,,,,,,,,,False,
9,shanghai,g00133x00188,shanghai_station_9a9543f89bf4,2010-04,pending,,,,,,,,,,,,,,,,,False,
10,shanghai,g00134x00180,shanghai_station_27ee77796e29,2010-04,pending,,,,,,,,,,,,,,,,,False,
11,shanghai,g00134x00194,shanghai_station_0ed0dd903da6,2010-04,pending,,,,,,,,,,,,,,,,,False,
12,shanghai,g00138x00175,shanghai_station_b784ae5614b7,2010-04,pending,,,,,,,,,,,,,,,,,False,
13,shanghai,g00138x00178,shanghai_station_d5455c48ee34,2010-04,pending,,,,,,,,,,,,,,,,,False,
14,shanghai,g00128x00118,shanghai_station_f17b5b51723b,2010-04,pending,,,,,,,,,,,,,,,,,False,
15,shanghai,g00129x00119,shanghai_station_1f12987a3ed0,2010-04,pending,,,,,,,,,,,,,,,,,False,
16,shanghai,g00130x00120,shanghai_station_2d7871f98485,2010-04,pending,,,,,,,,,,,,,,,,,False,
17,shanghai,g00134x00122,shanghai_station_7afe3f29ac59,2010-04,pending,,,,,,,,,,,,,,,,,False,
18,shanghai,g00135x00125,shanghai_station_9974f50358ab,2010-04,pending,,,,,,,,,,,,,,,,,False,
19,shanghai,g00135x00127,shanghai_station_236f64d8052a,2010-04,pending,,,,,,,,,,,,,,,,,False,
20,shanghai,g00135x00128,shanghai_station_3d014b7d6859,2010-04,pending,,,,,,,,,,,,,,,,,False,
21,shanghai,g00135x00130,shanghai_station_b47c1099ea18,2010-04,pending,,,,,,,,,,,,,,,,,False,
22,shanghai,g00137x00135,shanghai_station_e15f7ddab79b,2010-04,pending,,,,,,,,,,,,,,,,,False,
23,shanghai,g00139x00142,shanghai_station_95cadf02a1f2,2010-04,pending,,,,,,,,,,,,,,,,,False,
24,shanghai,g00147x00142,shanghai_station_86208cd6b939,2010-04,pending,,,,,,,,,,,,,,,,,False,
25,shanghai,g00148x00143,shanghai_station_849010a01081,2010-04,pending,,,,,,,,,,,,,,,,,False,
26,shanghai,g00150x00144,shanghai_station_7c8f768a5810,2010-04,pending,,,,,,,,,,,,,,,,,False,
27,shanghai,g00152x00146,shanghai_station_2354f55d14d2,2010-04,pending,,,,,,,,,,,,,,,,,False,
28,shanghai,g00153x00147,shanghai_station_caa4f65f7873,2010-04,pending,,,,,,,,,,,,,,,,,False,
29,shanghai,g00157x00148,shanghai_station_976f88502a47,2010-04,pending,,,,,,,,,,,,,,,,,False,
30,shanghai,g00158x00148,shanghai_station_5dd3e7115142,2010-04,pending,,,,,,,,,,,,,,,,,False,
31,shanghai,g00160x00147,shanghai_station_086c22b528b2,2010-04,pending,,,,,,,,,,,,,,,,,False,
32,shanghai,g00162x00147,shanghai_station_959d983d005f,2010-04,pending,,,,,,,,,,,,,,,,,False,
33,shanghai,g00164x00147,shanghai_station_799da2bf9b37,2010-04,pending,,,,,,,,,,,,,,,,,False,
34,shanghai,g00129x00140,shanghai_station_3812d78a89aa,2010-04,pending,,,,,,,,,,,,,,,,,False,
35,shanghai,g00131x00142,shanghai_station_ebfcac421202,2010-04,pending,,,,,,,,,,,,,,,,,False,
36,shanghai,g00135x00142,shanghai_station_41496f37bb68,2010-04,pending,,,,,,,,,,,,,,,,,False,
37,shanghai,g00137x00141,shanghai_station_98db13b5cc56,2010-04,pending,,,,,,,,,,,,,,,,,False,
38,nanjing,g00170x00123,nanjing_station_bc67c4f44670,2010-05,pending,,,,,,,,,,,,,,,,,False,
39,nanjing,g00173x00121,nanjing_station_3678b0abfa6e,2010-05,pending,,,,,,,,,,,,,,,,,False,
40,nanjing,g00177x00107,nanjing_station_945c3c3b5551,2010-05,pending,,,,,,,,,,,,,,,,,False,
41,nanjing,g00177x00110,nanjing_station_a025272d6d1a,2010-05,pending,,,,,,,,,,,,,,,,,False,
42,nanjing,g00178x00113,nanjing_station_4753d85eb445,2010-05,pending,,,,,,,,,,,,,,,,,False,
43,nanjing,g00178x00118,nanjing_station_a6bb8bca028a,2010-05,pending,,,,,,,,,,,,,,,,,False,
44,nanjing,g00179x00116,nanjing_station_c85143d83e30,2010-05,pending,,,,,,,,,,,,,,,,,False,
45,nanjing,g00180x00105,nanjing_station_2b8a72eac997,2010-05,pending,,,,,,,,,,,,,,,,,False,
46,nanjing,g00181x00105,nanjing_station_486499d5691e,2010-05,pending,,,,,,,,,,,,,,,,,False,
47,nanjing,g00184x00086,nanjing_station_8c7c64cf40d6,2010-05,pending,,,,,,,,,,,,,,,,,False,
48,nanjing,g00184x00104,nanjing_station_d1aa530ef42f,2010-05,pending,,,,,,,,,,,,,,,,,False,
49,nanjing,g00187x00094,nanjing_station_a15c88d9010b,2010-05,pending,,,,,,,,,,,,,,,,,False,
50,nanjing,g00187x00096,nanjing_station_b6f4164fc26d,2010-05,pending,,,,,,,,,,,,,,,,,False,
51,nanjing,g00187x00098,nanjing_station_4f4d57deee75,2010-05,pending,,,,,,,,,,,,,,,,,False,
52,nanjing,g00188x00086,nanjing_station_e3c093344d28,2010-05,pending,,,,,,,,,,,,,,,,,False,
53,nanjing,g00193x00087,nanjing_station_3f4b326b3ff4,2010-05,pending,,,,,,,,,,,,,,,,,False,
54,nanjing,g00195x00089,nanjing_station_ca0c16f3adf8,2010-05,pending,,,,,,,,,,,,,,,,,False,
55,nanjing,g00198x00089,nanjing_station_56803152d7b7,2010-05,pending,,,,,,,,,,,,,,,,,False,
56,nanjing,g00200x00091,nanjing_station_35a18a1b8653,2010-05,pending,,,,,,,,,,,,,,,,,False,
57,nanjing,g00200x00093,nanjing_station_8b84eeb2b532,2010-05,pending,,,,,,,,,,,,,,,,,False,
58,nanjing,g00200x00105,nanjing_station_e441e22636b9,2010-05,pending,,,,,,,,,,,,,,,,,False,
59,nanjing,g00200x00111,nanjing_station_9b3a7334f257,2010-05,pending,,,,,,,,,,,,,,,,,False,
60,nanjing,g00200x00112,nanjing_station_77ddcd4fbc64,2010-05,pending,,,,,,,,,,,,,,,,,False,
61,nanjing,g00201x00094,nanjing_station_9a55b733bcc3,2010-05,pending,,,,,,,,,,,,,,,,,False,
62,nanjing,g00201x00096,nanjing_station_b97e5a23b983,2010-05,pending,,,,,,,,,,,,,,,,,False,
63,nanjing,g00201x00107,nanjing_station_975ebd72a916,2010-05,pending,,,,,,,,,,,,,,,,,False,
64,nanjing,g00211x00120,nanjing_station_23c329a3108f,2010-05,pending,,,,,,,,,,,,,,,,,False,
65,nanjing,g00213x00122,nanjing_station_b91ad337b5cd,2010-05,pending,,,,,,,,,,,,,,,,,False,
66,nanjing,g00214x00126,nanjing_station_9abaa0a11aa2,2010-05,pending,,,,,,,,,,,,,,,,,False,
67,nanjing,g00217x00130,nanjing_station_9a4e1a5ca71e,2010-05,pending,,,,,,,,,,,,,,,,,False,
68,nanjing,g00218x00134,nanjing_station_f916d76fbc39,2010-05,pending,,,,,,,,,,,,,,,,,False,
69,wuhan,g00153x00123,wuhan_station_c8d2bbd5b59b,2010-07,pending,,,,,,,,,,,,,,,,,False,
70,wuhan,g00154x00122,wuhan_station_f0b73383d5ba,2010-07,pending,,,,,,,,,,,,,,,,,False,
71,wuhan,g00155x00121,wuhan_station_0a76621c8bfb,2010-07,pending,,,,,,,,,,,,,,,,,False,
72,wuhan,g00156x00119,wuhan_station_e988457afb1f,2010-07,pending,,,,,,,,,,,,,,,,,False,
73,wuhan,g00157x00117,wuhan_station_103be71a8e95,2010-07,pending,,,,,,,,,,,,,,,,,False,
74,wuhan,g00158x00114,wuhan_station_865a1bca9268,2010-07,pending,,,,,,,,,,,,,,,,,False,
75,wuhan,g00160x00108,wuhan_station_9a812c111fc9,2010-07,pending,,,,,,,,,,,,,,,,,False,
76,wuhan,g00160x00112,wuhan_station_0439012f75b6,2010-07,pending,,,,,,,,,,,,,,,,,False,
77,wuhan,g00160x00142,wuhan_station_ebdd356d111d,2010-07,pending,,,,,,,,,,,,,,,,,False,
78,wuhan,g00161x00143,wuhan_station_8ec37a97dbec,2010-07,pending,,,,,,,,,,,,,,,,,False,
79,wuhan,g00162x00106,wuhan_station_8737a81690c8,2010-07,pending,,,,,,,,,,,,,,,,,False,
80,wuhan,g00162x00144,wuhan_station_f013eb540a09,2010-07,pending,,,,,,,,,,,,,,,,,False,
81,wuhan,g00165x00145,wuhan_station_7ecdaca111aa,2010-07,pending,,,,,,,,,,,,,,,,,False,
82,wuhan,g00170x00147,wuhan_station_24e99796ec85,2010-07,pending,,,,,,,,,,,,,,,,,False,
83,guangzhou,g00117x00084,guangzhou_station_f4361e33deb8,2010-09,pending,,,,,,,,,,,,,,,,,False,
84,guangzhou,g00126x00087,guangzhou_station_2c9e203fabf0,2010-09,pending,,,,,,,,,,,,,,,,,False,
85,guangzhou,g00128x00088,guangzhou_station_a60e1820aaf8,2010-09,pending,,,,,,,,,,,,,,,,,False,
86,guangzhou,g00133x00088,guangzhou_station_46651afcbb29,2010-09,pending,,,,,,,,,,,,,,,,,False,
87,guangzhou,g00134x00087,guangzhou_station_4bdc2f7c7483,2010-09,pending,,,,,,,,,,,,,,,,,False,
88,guangzhou,g00137x00084,guangzhou_station_bed0463428f5,2010-09,pending,,,,,,,,,,,,,,,,,False,
89,guangzhou,g00138x00083,guangzhou_station_11e35701f1c9,2010-09,pending,,,,,,,,,,,,,,,,,False,
90,guangzhou,g00159x00082,guangzhou_station_ec6da1808146,2010-09,pending,,,,,,,,,,,,,,,,,False,
91,guangzhou,g00161x00083,guangzhou_station_52f88a2b4548,2010-09,pending,,,,,,,,,,,,,,,,,False,
92,guangzhou,g00165x00084,guangzhou_station_f56bcda34c2b,2010-09,pending,,,,,,,,,,,,,,,,,False,
93,guangzhou,g00168x00085,guangzhou_station_ad3c4e428cf1,2010-09,pending,,,,,,,,,,,,,,,,,False,
94,guangzhou,g00171x00085,guangzhou_station_5e9489a1aab0,2010-09,pending,,,,,,,,,,,,,,,,,False,
95,guangzhou,g00173x00087,guangzhou_station_011dac379a86,2010-09,pending,,,,,,,,,,,,,,,,,False,
96,chengdu,g00120x00228,chengdu_station_6d50ad1dbd76,2010-09,pending,,,,,,,,,,,,,,,,,False,
97,chengdu,g00125x00228,chengdu_station_d757c31ae276,2010-09,pending,,,,,,,,,,,,,,,,,False,
98,chengdu,g00128x00228,chengdu_station_2a774045f4a0,2010-09,pending,,,,,,,,,,,,,,,,,False,
99,chengdu,g00133x00228,chengdu_station_8972ebc498bb,2010-09,pending,,,,,,,,,,,,,,,,,False,
100,chengdu,g00137x00228,chengdu_station_66a7ecff9e6a,2010-09,pending,,,,,,,,,,,,,,,,,False,
101,chengdu,g00141x00228,chengdu_station_330100081497,2010-09,pending,,,,,,,,,,,,,,,,,False,
102,chengdu,g00146x00229,chengdu_station_7443814afa47,2010-09,pending,,,,,,,,,,,,,,,,,False,
103,chengdu,g00153x00232,chengdu_station_b5c478316935,2010-09,pending,,,,,,,,,,,,,,,,,False,
104,shenyang,g00145x00155,shenyang_station_2bc13a110055,2010-09,pending,,,,,,,,,,,,,,,,,False,
105,shenyang,g00145x00157,shenyang_station_0db77497b36e,2010-09,pending,,,,,,,,,,,,,,,,,False,
106,shenyang,g00145x00160,shenyang_station_001b5cd0743f,2010-09,pending,,,,,,,,,,,,,,,,,False,
107,shenyang,g00145x00163,shenyang_station_6aa042e5c98d,2010-09,pending,,,,,,,,,,,,,,,,,False,
108,shenyang,g00146x00166,shenyang_station_9ae80e0d74ec,2010-09,pending,,,,,,,,,,,,,,,,,False,
109,shenyang,g00148x00168,shenyang_station_5b2a1f7b8e2a,2010-09,pending,,,,,,,,,,,,,,,,,False,
110,shenyang,g00150x00184,shenyang_station_7c6b11c2e5d2,2010-09,pending,,,,,,,,,,,,,,,,,False,
111,shenyang,g00150x00187,shenyang_station_0bfbf00dd942,2010-09,pending,,,,,,,,,,,,,,,,,False,
112,shenyang,g00151x00168,shenyang_station_0ac3a5cde4a7,2010-09,pending,,,,,,,,,,,,,,,,,False,
113,shenyang,g00152x00176,shenyang_station_1a1a0f05a3b0,2010-09,pending,,,,,,,,,,,,,,,,,False,
114,shenyang,g00152x00180,shenyang_station_eb30e6ff70d1,2010-09,pending,,,,,,,,,,,,,,,,,False,
115,shenyang,g00152x00191,shenyang_station_d7af6d822bf1,2010-09,pending,,,,,,,,,,,,,,,,,False,
116,shenyang,g00153x00174,shenyang_station_6bff78181e55,2010-09,pending,,,,,,,,,,,,,,,,,False,
117,shenyang,g00153x00195,shenyang_station_5c3a7f5d72c3,2010-09,pending,,,,,,,,,,,,,,,,,False,
118,shenyang,g00154x00204,shenyang_station_da3071d0a684,2010-09,pending,,,,,,,,,,,,,,,,,False,
119,shenyang,g00155x00205,shenyang_station_95e2b5660660,2010-09,pending,,,,,,,,,,,,,,,,,False,
120,shenyang,g00157x00207,shenyang_station_4b03bc70d95e,2010-09,pending,,,,,,,,,,,,,,,,,False,
121,shenyang,g00157x00211,shenyang_station_ff8b652c766f,2010-09,pending,,,,,,,,,,,,,,,,,False,
122,shenyang,g00158x00213,shenyang_station_3ba6746013b3,2010-09,pending,,,,,,,,,,,,,,,,,False,
123,shenyang,g00159x00216,shenyang_station_fe12384ae9a4,2010-09,pending,,,,,,,,,,,,,,,,,False,
124,shenyang,g00163x00219,shenyang_station_e73ef57a2f09,2010-09,pending,,,,,,,,,,,,,,,,,False,
125,shenyang,g00165x00221,shenyang_station_9c87bd02bc7a,2010-09,pending,,,,,,,,,,,,,,,,,False,
126,shenyang,g00165x00223,shenyang_station_832f6ff958dd,2010-09,pending,,,,,,,,,,,,,,,,,False,
127,shenyang,g00165x00226,shenyang_station_b8e69081e0ac,2010-09,pending,,,,,,,,,,,,,,,,,False,
128,guangzhou,g00157x00092,guangzhou_station_83080ad6b382,2010-10,pending,,,,,,,,,,,,,,,,,False,
129,guangzhou,g00160x00093,guangzhou_station_58ac29912e11,2010-10,pending,,,,,,,,,,,,,,,,,False,
130,guangzhou,g00162x00093,guangzhou_station_b9686a5b6c3f,2010-10,pending,,,,,,,,,,,,,,,,,False,
131,guangzhou,g00167x00089,guangzhou_station_2cabcbdfd3e6,2010-10,pending,,,,,,,,,,,,,,,,,False,
132,guangzhou,g00168x00087,guangzhou_station_7c7c6e690cf0,2010-10,pending,,,,,,,,,,,,,,,,,False,
133,guangzhou,g00183x00087,guangzhou_station_a28058888386,2010-10,pending,,,,,,,,,,,,,,,,,False,
134,guangzhou,g00193x00086,guangzhou_station_2442a1f540e0,2010-10,pending,,,,,,,,,,,,,,,,,False,
135,guangzhou,g00154x00093,guangzhou_station_6f04643a6983,2010-10,pending,,,,,,,,,,,,,,,,,False,
136,foshan,g00107x00171,foshan_station_d9031b9311c0,2010-11,pending,,,,,,,,,,,,,,,,,False,
137,foshan,g00108x00172,foshan_station_55a0f4e0603b,2010-11,pending,,,,,,,,,,,,,,,,,False,
138,foshan,g00108x00175,foshan_station_0c1011c156f3,2010-11,pending,,,,,,,,,,,,,,,,,False,
139,guangzhou,g00138x00082,guangzhou_station_dfbe9f31d4ba,2010-11,pending,,,,,,,,,,,,,,,,,False,
140,guangzhou,g00139x00079,guangzhou_station_e32e67575663,2010-11,pending,,,,,,,,,,,,,,,,,False,
141,shanghai,g00133x00120,shanghai_station_bbd75ac16927,2010-11,pending,,,,,,,,,,,,,,,,,False,
142,shanghai,g00134x00112,shanghai_station_abde78c13028,2010-11,pending,,,,,,,,,,,,,,,,,False,
143,shanghai,g00134x00116,shanghai_station_ec845f503f52,2010-11,pending,,,,,,,,,,,,,,,,,False,
144,shanghai,g00177x00119,shanghai_station_d6328ca2f003,2010-12,pending,,,,,,,,,,,,,,,,,False,
145,shanghai,g00180x00117,shanghai_station_1b45b4bf0c74,2010-12,pending,,,,,,,,,,,,,,,,,False,
146,shenzhen,g00164x00070,shenzhen_station_5b768279fbe2,2010-12,pending,,,,,,,,,,,,,,,,,False,
147,shenzhen,g00165x00067,shenzhen_station_f9473220e48a,2010-12,pending,,,,,,,,,,,,,,,,,False,
148,shenzhen,g00167x00072,shenzhen_station_928871605e75,2010-12,pending,,,,,,,,,,,,,,,,,False,
149,shenzhen,g00168x00076,shenzhen_station_15db354e9297,2010-12,pending,,,,,,,,,,,,,,,,,False,
150,shenzhen,g00169x00075,shenzhen_station_2023fb747baa,2010-12,pending,,,,,,,,,,,,,,,,,False,
151,shenzhen,g00171x00075,shenzhen_station_7869363602b7,2010-12,pending,,,,,,,,,,,,,,,,,False,
152,shenzhen,g00173x00077,shenzhen_station_be21b1aab9d7,2010-12,pending,,,,,,,,,,,,,,,,,False,
153,shenzhen,g00174x00082,shenzhen_station_58c94ff82e28,2010-12,pending,,,,,,,,,,,,,,,,,False,
154,shenzhen,g00187x00112,shenzhen_station_68ce087e7727,2010-12,pending,,,,,,,,,,,,,,,,,False,
155,shenzhen,g00191x00114,shenzhen_station_cca8a661c1b8,2010-12,pending,,,,,,,,,,,,,,,,,False,
156,shenzhen,g00193x00117,shenzhen_station_9e2ddb73ccc2,2010-12,pending,,,,,,,,,,,,,,,,,False,
157,shenzhen,g00199x00128,shenzhen_station_402d8631e723,2010-12,pending,,,,,,,,,,,,,,,,,False,
158,shenzhen,g00203x00134,shenzhen_station_4fbfc4a842b3,2010-12,pending,,,,,,,,,,,,,,,,,False,
159,shenzhen,g00206x00135,shenzhen_station_310f0794ab41,2010-12,pending,,,,,,,,,,,,,,,,,False,
160,shenzhen,g00212x00137,shenzhen_station_f4ecb7583b56,2010-12,pending,,,,,,,,,,,,,,,,,False,
161,shenzhen,g00214x00139,shenzhen_station_34fb52780258,2010-12,pending,,,,,,,,,,,,,,,,,False,
162,beijing,g00068x00175,beijing_station_73a666ca857d,2010-12,pending,,,,,,,,,,,,,,,,,False,
163,beijing,g00071x00175,beijing_station_536f259e536b,2010-12,pending,,,,,,,,,,,,,,,,,False,
164,beijing,g00077x00175,beijing_station_228ceb7c6795,2010-12,pending,,,,,,,,,,,,,,,,,False,
165,beijing,g00079x00177,beijing_station_33c7e7f26cde,2010-12,pending,,,,,,,,,,,,,,,,,False,
166,beijing,g00080x00142,beijing_station_736978d16d89,2010-12,pending,,,,,,,,,,,,,,,,,False,
167,beijing,g00080x00144,beijing_station_657dbbaa7c91,2010-12,pending,,,,,,,,,,,,,,,,,False,
168,beijing,g00080x00147,beijing_station_3b380f94cb61,2010-12,pending,,,,,,,,,,,,,,,,,False,
169,beijing,g00080x00150,beijing_station_824e6c238567,2010-12,pending,,,,,,,,,,,,,,,,,False,
170,beijing,g00081x00152,beijing_station_deca1d251725,2010-12,pending,,,,,,,,,,,,,,,,,False,
171,beijing,g00081x00177,beijing_station_a3072def1e2e,2010-12,pending,,,,,,,,,,,,,,,,,False,
172,beijing,g00084x00177,beijing_station_cc543f2276c8,2010-12,pending,,,,,,,,,,,,,,,,,False,
173,beijing,g00085x00152,beijing_station_6625b02ec82c,2010-12,pending,,,,,,,,,,,,,,,,,False,
174,beijing,g00086x00177,beijing_station_49503b4b7493,2010-12,pending,,,,,,,,,,,,,,,,,False,
175,beijing,g00088x00153,beijing_station_7853069cb43d,2010-12,pending,,,,,,,,,,,,,,,,,False,
176,beijing,g00088x00177,beijing_station_2abc2d2019ee,2010-12,pending,,,,,,,,,,,,,,,,,False,
177,beijing,g00089x00157,beijing_station_a6a9ba5791a9,2010-12,pending,,,,,,,,,,,,,,,,,False,
178,beijing,g00090x00213,beijing_station_d85bf8dc7530,2010-12,pending,,,,,,,,,,,,,,,,,False,
179,beijing,g00091x00177,beijing_station_ac1459b1bc7d,2010-12,pending,,,,,,,,,,,,,,,,,False,
180,beijing,g00092x00210,beijing_station_34dccaac4ffb,2010-12,pending,,,,,,,,,,,,,,,,,False,
181,beijing,g00093x00217,beijing_station_166bd15bada5,2010-12,pending,,,,,,,,,,,,,,,,,False,
182,beijing,g00094x00177,beijing_station_90dbf9f415ea,2010-12,pending,,,,,,,,,,,,,,,,,False,
183,beijing,g00095x00158,beijing_station_fc84e2c78163,2010-12,pending,,,,,,,,,,,,,,,,,False,
184,beijing,g00095x00208,beijing_station_a01dad30005a,2010-12,pending,,,,,,,,,,,,,,,,,False,
185,beijing,g00095x00220,beijing_station_e54f014e2a94,2010-12,pending,,,,,,,,,,,,,,,,,False,
186,beijing,g00097x00203,beijing_station_b61e11d1f389,2010-12,pending,,,,,,,,,,,,,,,,,False,
187,beijing,g00097x00207,beijing_station_e9d6ec372537,2010-12,pending,,,,,,,,,,,,,,,,,False,
188,beijing,g00098x00170,beijing_station_6ee339ca3317,2010-12,pending,,,,,,,,,,,,,,,,,False,
189,beijing,g00098x00199,beijing_station_fd0335471964,2010-12,pending,,,,,,,,,,,,,,,,,False,
190,beijing,g00098x00204,beijing_station_b096c4526d0d,2010-12,pending,,,,,,,,,,,,,,,,,False,
191,beijing,g00099x00183,beijing_station_ff2de1028731,2010-12,pending,,,,,,,,,,,,,,,,,False,
192,beijing,g00103x00199,beijing_station_d37a177f2eba,2010-12,pending,,,,,,,,,,,,,,,,,False,
193,beijing,g00104x00197,beijing_station_4224303c0a37,2010-12,pending,,,,,,,,,,,,,,,,,False,
194,beijing,g00146x00205,beijing_station_4218d9a85c3c,2010-12,pending,,,,,,,,,,,,,,,,,False,
195,beijing,g00148x00207,beijing_station_11f5ef02f78f,2010-12,pending,,,,,,,,,,,,,,,,,False,
196,beijing,g00151x00212,beijing_station_3a826d3eae5b,2010-12,pending,,,,,,,,,,,,,,,,,False,
197,beijing,g00156x00216,beijing_station_a1a5b41f228d,2010-12,pending,,,,,,,,,,,,,,,,,False,
198,beijing,g00159x00216,beijing_station_c9af088f1447,2010-12,pending,,,,,,,,,,,,,,,,,False,
199,beijing,g00162x00171,beijing_station_f65e9a8dbce0,2010-12,pending,,,,,,,,,,,,,,,,,False,
200,beijing,g00166x00217,beijing_station_49da984000ed,2010-12,pending,,,,,,,,,,,,,,,,,False,
201,beijing,g00170x00171,beijing_station_5756c4f8f836,2010-12,pending,,,,,,,,,,,,,,,,,False,
202,beijing,g00174x00170,beijing_station_a42f44300886,2010-12,pending,,,,,,,,,,,,,,,,,False,
203,beijing,g00177x00169,beijing_station_ee28b0a795c6,2010-12,pending,,,,,,,,,,,,,,,,,False,
204,beijing,g00187x00170,beijing_station_7ae2c89bff8e,2010-12,pending,,,,,,,,,,,,,,,,,False,
205,shanghai,g00157x00088,shanghai_station_b88af5f2d9ea,2011-04,pending,,,,,,,,,,,,,,,,,False,
206,tianjin,g00141x00113,tianjin_station_f98e9100b664,2011-05,pending,,,,,,,,,,,,,,,,,False,
207,tianjin,g00143x00111,tianjin_station_effa345ce027,2011-05,pending,,,,,,,,,,,,,,,,,False,
208,tianjin,g00145x00109,tianjin_station_b62d9018ef9a,2011-05,pending,,,,,,,,,,,,,,,,,False,
209,shenzhen,g00176x00071,shenzhen_station_59c132fa1775,2011-06,pending,,,,,,,,,,,,,,,,,False,
210,shenzhen,g00177x00067,shenzhen_station_58d4d8ae43d4,2011-06,pending,,,,,,,,,,,,,,,,,False,
211,shenzhen,g00180x00067,shenzhen_station_48deba1cd70b,2011-06,pending,,,,,,,,,,,,,,,,,False,
212,shenzhen,g00181x00065,shenzhen_station_8bdaa529a9f0,2011-06,pending,,,,,,,,,,,,,,,,,False,
213,shenzhen,g00183x00064,shenzhen_station_41404944aa8a,2011-06,pending,,,,,,,,,,,,,,,,,False,
214,shenzhen,g00186x00060,shenzhen_station_7bf04679d0bf,2011-06,pending,,,,,,,,,,,,,,,,,False,
215,shenzhen,g00192x00057,shenzhen_station_36c2006cf8c5,2011-06,pending,,,,,,,,,,,,,,,,,False,
216,shenzhen,g00198x00055,shenzhen_station_4183db756999,2011-06,pending,,,,,,,,,,,,,,,,,False,
217,shenzhen,g00184x00101,shenzhen_station_dd7cdec0b0cf,2011-06,pending,,,,,,,,,,,,,,,,,False,
218,shenzhen,g00196x00094,shenzhen_station_f86f4b4237df,2011-06,pending,,,,,,,,,,,,,,,,,False,
219,shenzhen,g00199x00091,shenzhen_station_728cacf149a5,2011-06,pending,,,,,,,,,,,,,,,,,False,
220,shenzhen,g00201x00091,shenzhen_station_bbf51c5559eb,2011-06,pending,,,,,,,,,,,,,,,,,False,
221,shenzhen,g00205x00096,shenzhen_station_2483144f079d,2011-06,pending,,,,,,,,,,,,,,,,,False,
222,shenzhen,g00179x00066,shenzhen_station_e1ee7d2e99bd,2011-06,pending,,,,,,,,,,,,,,,,,False,
223,shenzhen,g00180x00065,shenzhen_station_a911aaced6c4,2011-06,pending,,,,,,,,,,,,,,,,,False,
224,shenzhen,g00180x00117,shenzhen_station_ba818613bfa2,2011-06,pending,,,,,,,,,,,,,,,,,False,
225,shenzhen,g00182x00066,shenzhen_station_3b378bb76209,2011-06,pending,,,,,,,,,,,,,,,,,False,
226,shenzhen,g00184x00117,shenzhen_station_99ef0e4dc468,2011-06,pending,,,,,,,,,,,,,,,,,False,
227,shenzhen,g00186x00117,shenzhen_station_1090669d7aac,2011-06,pending,,,,,,,,,,,,,,,,,False,
228,shenzhen,g00187x00077,shenzhen_station_4ebb189044cd,2011-06,pending,,,,,,,,,,,,,,,,,False,
229,shenzhen,g00187x00081,shenzhen_station_25e09cbe6f0f,2011-06,pending,,,,,,,,,,,,,,,,,False,
230,shenzhen,g00189x00089,shenzhen_station_d33ea809b6a7,2011-06,pending,,,,,,,,,,,,,,,,,False,
231,shenzhen,g00192x00112,shenzhen_station_f13685263c11,2011-06,pending,,,,,,,,,,,,,,,,,False,
232,shenzhen,g00193x00095,shenzhen_station_f27327bfa7e8,2011-06,pending,,,,,,,,,,,,,,,,,False,
233,shenzhen,g00194x00111,shenzhen_station_549d6ceb55d6,2011-06,pending,,,,,,,,,,,,,,,,,False,
234,shenzhen,g00196x00105,shenzhen_station_1b99307a8ece,2011-06,pending,,,,,,,,,,,,,,,,,False,
235,nanjing,g00185x00100,nanjing_station_5412679cfebe,2011-06,pending,,,,,,,,,,,,,,,,,False,
236,shenzhen,g00172x00099,shenzhen_station_bef94bba84e6,2011-06,pending,,,,,,,,,,,,,,,,,False,
237,shenzhen,g00174x00099,shenzhen_station_97166c261cd2,2011-06,pending,,,,,,,,,,,,,,,,,False,
238,shenzhen,g00177x00099,shenzhen_station_2e5adaded91f,2011-06,pending,,,,,,,,,,,,,,,,,False,
239,shenzhen,g00177x00102,shenzhen_station_fd90f6d65ab0,2011-06,pending,,,,,,,,,,,,,,,,,False,
240,shenzhen,g00179x00086,shenzhen_station_153090561329,2011-06,pending,,,,,,,,,,,,,,,,,False,
241,shenzhen,g00179x00088,shenzhen_station_dc8afa95140f,2011-06,pending,,,,,,,,,,,,,,,,,False,
242,shenzhen,g00179x00090,shenzhen_station_7b279fa7c3c8,2011-06,pending,,,,,,,,,,,,,,,,,False,
243,shenzhen,g00179x00099,shenzhen_station_938d7c433c7b,2011-06,pending,,,,,,,,,,,,,,,,,False,
244,shenzhen,g00179x00108,shenzhen_station_f39a8d2d7526,2011-06,pending,,,,,,,,,,,,,,,,,False,
245,shenzhen,g00180x00091,shenzhen_station_6fc4685e09b9,2011-06,pending,,,,,,,,,,,,,,,,,False,
246,shenzhen,g00180x00093,shenzhen_station_c29e7c7e266e,2011-06,pending,,,,,,,,,,,,,,,,,False,
247,shenzhen,g00180x00097,shenzhen_station_09e4ec36964e,2011-06,pending,,,,,,,,,,,,,,,,,False,
248,shenzhen,g00181x00115,shenzhen_station_3fc3a5e97716,2011-06,pending,,,,,,,,,,,,,,,,,False,
249,changchun,g00165x00235,changchun_station_f75a53625bbf,2011-06,pending,,,,,,,,,,,,,,,,,False,
250,changchun,g00167x00235,changchun_station_9c7a21e87c86,2011-06,pending,,,,,,,,,,,,,,,,,False,
251,changchun,g00170x00235,changchun_station_b6674b60356c,2011-06,pending,,,,,,,,,,,,,,,,,False,
252,changchun,g00171x00235,changchun_station_fc1f3ebeaf47,2011-06,pending,,,,,,,,,,,,,,,,,False,
253,changchun,g00175x00235,changchun_station_8a0c401ede48,2011-06,pending,,,,,,,,,,,,,,,,,False,
254,changchun,g00178x00235,changchun_station_2977b6dd0aef,2011-06,pending,,,,,,,,,,,,,,,,,False,
255,shanghai,g00170x00119,shanghai_station_9b2f30bfaf16,2011-06,pending,,,,,,,,,,,,,,,,,False,
256,shanghai,g00172x00118,shanghai_station_473c4aae2524,2011-06,pending,,,,,,,,,,,,,,,,,False,
257,chongqing,g00326x00251,chongqing_station_713e4068d5ae,2011-07,pending,,,,,,,,,,,,,,,,,False,
258,chongqing,g00327x00253,chongqing_station_d781dc08b1cd,2011-07,pending,,,,,,,,,,,,,,,,,False,
259,chongqing,g00327x00255,chongqing_station_ba9a458743ef,2011-07,pending,,,,,,,,,,,,,,,,,False,
260,chongqing,g00330x00247,chongqing_station_e2ced9e5a533,2011-07,pending,,,,,,,,,,,,,,,,,False,
261,chongqing,g00330x00263,chongqing_station_93f78de9de14,2011-07,pending,,,,,,,,,,,,,,,,,False,
262,chongqing,g00331x00246,chongqing_station_cddbf044a548,2011-07,pending,,,,,,,,,,,,,,,,,False,
263,chongqing,g00331x00266,chongqing_station_7d35caa50556,2011-07,pending,,,,,,,,,,,,,,,,,False,
264,xian,g00124x00261,xian_station_b923f4cd413d,2011-09,pending,,,,,,,,,,,,,,,,,False,
265,xian,g00128x00261,xian_station_2ab2d017e64d,2011-09,pending,,,,,,,,,,,,,,,,,False,
266,xian,g00130x00261,xian_station_24b54e2b7ca2,2011-09,pending,,,,,,,,,,,,,,,,,False,
267,xian,g00132x00261,xian_station_98ab1f2fa183,2011-09,pending,,,,,,,,,,,,,,,,,False,
268,xian,g00134x00261,xian_station_41050137a838,2011-09,pending,,,,,,,,,,,,,,,,,False,
269,xian,g00136x00261,xian_station_7d780bfcbe97,2011-09,pending,,,,,,,,,,,,,,,,,False,
270,xian,g00138x00261,xian_station_be20188d378d,2011-09,pending,,,,,,,,,,,,,,,,,False,
271,xian,g00140x00261,xian_station_31dc96419755,2011-09,pending,,,,,,,,,,,,,,,,,False,
272,xian,g00143x00261,xian_station_e4b00fc8a3b0,2011-09,pending,,,,,,,,,,,,,,,,,False,
273,xian,g00145x00261,xian_station_48b658dcc6f3,2011-09,pending,,,,,,,,,,,,,,,,,False,
274,xian,g00148x00261,xian_station_6574b5363b4d,2011-09,pending,,,,,,,,,,,,,,,,,False,
275,xian,g00151x00261,xian_station_0cbfff0ec1de,2011-09,pending,,,,,,,,,,,,,,,,,False,
276,xian,g00154x00261,xian_station_0713c4564cce,2011-09,pending,,,,,,,,,,,,,,,,,False,
277,xian,g00156x00261,xian_station_9b9939fdb617,2011-09,pending,,,,,,,,,,,,,,,,,False,
278,xian,g00159x00262,xian_station_e726793893fc,2011-09,pending,,,,,,,,,,,,,,,,,False,
279,xian,g00161x00261,xian_station_0728684ba758,2011-09,pending,,,,,,,,,,,,,,,,,False,
280,xian,g00165x00260,xian_station_4cde7c137235,2011-09,pending,,,,,,,,,,,,,,,,,False,
281,chongqing,g00332x00270,chongqing_station_e0333cb89a78,2011-09,pending,,,,,,,,,,,,,,,,,False,
282,chongqing,g00333x00261,chongqing_station_c75ca63de02e,2011-09,pending,,,,,,,,,,,,,,,,,False,
283,chongqing,g00335x00260,chongqing_station_d85538f588f5,2011-09,pending,,,,,,,,,,,,,,,,,False,
284,chongqing,g00340x00258,chongqing_station_759049b6fe56,2011-09,pending,,,,,,,,,,,,,,,,,False,
285,chongqing,g00341x00261,chongqing_station_ccd0bdd5da2a,2011-09,pending,,,,,,,,,,,,,,,,,False,
286,chongqing,g00341x00263,chongqing_station_6626ca52f313,2011-09,pending,,,,,,,,,,,,,,,,,False,
287,chongqing,g00342x00263,chongqing_station_4c6aea476d2f,2011-09,pending,,,,,,,,,,,,,,,,,False,
288,chongqing,g00349x00267,chongqing_station_5d03fb12a2ad,2011-09,pending,,,,,,,,,,,,,,,,,False,
289,chongqing,g00350x00266,chongqing_station_5c90dcb66218,2011-09,pending,,,,,,,,,,,,,,,,,False,
290,chongqing,g00354x00265,chongqing_station_6a7bbf2398ae,2011-09,pending,,,,,,,,,,,,,,,,,False,
291,chongqing,g00357x00266,chongqing_station_261e9453b3d2,2011-10,pending,,,,,,,,,,,,,,,,,False,
292,chongqing,g00360x00267,chongqing_station_d7997bafac81,2011-10,pending,,,,,,,,,,,,,,,,,False,
293,chongqing,g00326x00248,chongqing_station_8dc8c76d7bb4,2011-10,pending,,,,,,,,,,,,,,,,,False,
294,chongqing,g00360x00270,chongqing_station_b1e2b649e671,2011-11,pending,,,,,,,,,,,,,,,,,False,
295,chongqing,g00316x00268,chongqing_station_cb863c91388f,2011-12,pending,,,,,,,,,,,,,,,,,False,
296,chongqing,g00318x00268,chongqing_station_eca7ea8b8ba4,2011-12,pending,,,,,,,,,,,,,,,,,False,
297,chongqing,g00320x00268,chongqing_station_87de56c3ffa4,2011-12,pending,,,,,,,,,,,,,,,,,False,
298,chongqing,g00322x00268,chongqing_station_adc9e6bf8f43,2011-12,pending,,,,,,,,,,,,,,,,,False,
299,chongqing,g00324x00267,chongqing_station_4a073f9acd2b,2011-12,pending,,,,,,,,,,,,,,,,,False,
300,chongqing,g00347x00264,chongqing_station_0413d4b04c3e,2011-12,pending,,,,,,,,,,,,,,,,,False,
301,chongqing,g00361x00274,chongqing_station_2c45d9661e35,2011-12,pending,,,,,,,,,,,,,,,,,False,
302,chongqing,g00363x00276,chongqing_station_3b43264ae853,2011-12,pending,,,,,,,,,,,,,,,,,False,
303,chongqing,g00366x00279,chongqing_station_25e616484de6,2011-12,pending,,,,,,,,,,,,,,,,,False,
304,chongqing,g00367x00280,chongqing_station_d1a8d928651d,2011-12,pending,,,,,,,,,,,,,,,,,False,
305,shenyang,g00116x00199,shenyang_station_b2cc41bd601b,2011-12,pending,,,,,,,,,,,,,,,,,False,
306,shenyang,g00123x00193,shenyang_station_01414f3fac89,2011-12,pending,,,,,,,,,,,,,,,,,False,
307,shenyang,g00128x00194,shenyang_station_1e64e54b6688,2011-12,pending,,,,,,,,,,,,,,,,,False,
308,shenyang,g00132x00197,shenyang_station_eee54eaa78be,2011-12,pending,,,,,,,,,,,,,,,,,False,
309,shenyang,g00135x00194,shenyang_station_4aa3f21d74ed,2011-12,pending,,,,,,,,,,,,,,,,,False,
310,shenyang,g00140x00192,shenyang_station_56d6965fea07,2011-12,pending,,,,,,,,,,,,,,,,,False,
311,shenyang,g00142x00190,shenyang_station_6b8e0315f0d1,2011-12,pending,,,,,,,,,,,,,,,,,False,
312,shenyang,g00153x00189,shenyang_station_e608166842b9,2011-12,pending,,,,,,,,,,,,,,,,,False,
313,shenyang,g00157x00188,shenyang_station_0e0a0ae09d41,2011-12,pending,,,,,,,,,,,,,,,,,False,
314,shenyang,g00161x00187,shenyang_station_d33340f0e20e,2011-12,pending,,,,,,,,,,,,,,,,,False,
315,shenyang,g00163x00186,shenyang_station_689d152ece63,2011-12,pending,,,,,,,,,,,,,,,,,False,
316,shenyang,g00168x00186,shenyang_station_c4cdf4d22a6c,2011-12,pending,,,,,,,,,,,,,,,,,False,
317,shenyang,g00172x00186,shenyang_station_ae51a5d1cf53,2011-12,pending,,,,,,,,,,,,,,,,,False,
318,shenyang,g00176x00185,shenyang_station_415be1b3df7d,2011-12,pending,,,,,,,,,,,,,,,,,False,
319,shenyang,g00183x00183,shenyang_station_ad11e2f19766,2011-12,pending,,,,,,,,,,,,,,,,,False,
320,beijing,g00100x00172,beijing_station_b93cb3280de0,2011-12,pending,,,,,,,,,,,,,,,,,False,
321,beijing,g00102x00171,beijing_station_f34149f9f34a,2011-12,pending,,,,,,,,,,,,,,,,,False,
322,beijing,g00104x00171,beijing_station_7f6cbd235323,2011-12,pending,,,,,,,,,,,,,,,,,False,
323,beijing,g00106x00171,beijing_station_80288c4703ce,2011-12,pending,,,,,,,,,,,,,,,,,False,
324,beijing,g00111x00171,beijing_station_d55c8092786d,2011-12,pending,,,,,,,,,,,,,,,,,False,
325,beijing,g00114x00172,beijing_station_927df766ad58,2011-12,pending,,,,,,,,,,,,,,,,,False,
326,beijing,g00116x00174,beijing_station_a2ec1ce432e7,2011-12,pending,,,,,,,,,,,,,,,,,False,
327,beijing,g00146x00185,beijing_station_6510d8479ec1,2011-12,pending,,,,,,,,,,,,,,,,,False,
328,beijing,g00149x00181,beijing_station_eb3f1484b13f,2011-12,pending,,,,,,,,,,,,,,,,,False,
329,beijing,g00151x00181,beijing_station_1066eb477f82,2011-12,pending,,,,,,,,,,,,,,,,,False,
330,beijing,g00154x00180,beijing_station_c91b43e2c325,2011-12,pending,,,,,,,,,,,,,,,,,False,
331,beijing,g00157x00182,beijing_station_f281fc20287d,2011-12,pending,,,,,,,,,,,,,,,,,False,
332,beijing,g00159x00183,beijing_station_2b4fb7745540,2011-12,pending,,,,,,,,,,,,,,,,,False,
333,beijing,g00169x00225,beijing_station_c9378459e7e3,2011-12,pending,,,,,,,,,,,,,,,,,False,
334,beijing,g00169x00231,beijing_station_47095e4fd7ad,2011-12,pending,,,,,,,,,,,,,,,,,False,
335,beijing,g00169x00233,beijing_station_63431087e56a,2011-12,pending,,,,,,,,,,,,,,,,,False,
336,beijing,g00170x00238,beijing_station_cc3f8b4d4992,2011-12,pending,,,,,,,,,,,,,,,,,False,
337,chongqing,g00337x00259,chongqing_station_f027ab8d6b3c,2012-03,pending,,,,,,,,,,,,,,,,,False,
338,suzhou,g00131x00137,suzhou_station_597f9f2fe534,2012-04,pending,,,,,,,,,,,,,,,,,False,
339,suzhou,g00131x00139,suzhou_station_f92a18ad3f10,2012-04,pending,,,,,,,,,,,,,,,,,False,
340,suzhou,g00131x00142,suzhou_station_097902b09252,2012-04,pending,,,,,,,,,,,,,,,,,False,
341,suzhou,g00132x00143,suzhou_station_32c7d6293141,2012-04,pending,,,,,,,,,,,,,,,,,False,
342,suzhou,g00136x00145,suzhou_station_facc4d5ff3ac,2012-04,pending,,,,,,,,,,,,,,,,,False,
343,suzhou,g00136x00147,suzhou_station_c084e2ba4f6f,2012-04,pending,,,,,,,,,,,,,,,,,False,
344,suzhou,g00136x00149,suzhou_station_030499b72b22,2012-04,pending,,,,,,,,,,,,,,,,,False,
345,suzhou,g00137x00151,suzhou_station_5547aecec0d3,2012-04,pending,,,,,,,,,,,,,,,,,False,
346,suzhou,g00137x00156,suzhou_station_dd37ae7476d4,2012-04,pending,,,,,,,,,,,,,,,,,False,
347,suzhou,g00138x00160,suzhou_station_5609cefb01fc,2012-04,pending,,,,,,,,,,,,,,,,,False,
348,suzhou,g00138x00163,suzhou_station_52d1d211d120,2012-04,pending,,,,,,,,,,,,,,,,,False,
349,suzhou,g00139x00167,suzhou_station_d1c10364d20e,2012-04,pending,,,,,,,,,,,,,,,,,False,
350,suzhou,g00141x00173,suzhou_station_08089a7d174d,2012-04,pending,,,,,,,,,,,,,,,,,False,
351,suzhou,g00141x00176,suzhou_station_df35e534be26,2012-04,pending,,,,,,,,,,,,,,,,,False,
352,suzhou,g00141x00178,suzhou_station_0d051edbd926,2012-04,pending,,,,,,,,,,,,,,,,,False,
353,suzhou,g00141x00183,suzhou_station_f368a8ece2cc,2012-04,pending,,,,,,,,,,,,,,,,,False,
354,chongqing,g00341x00259,chongqing_station_2c61d27b8ec7,2012-05,pending,,,,,,,,,,,,,,,,,False,
355,changchun,g00180x00235,changchun_station_9dddd478667e,2012-05,pending,,,,,,,,,,,,,,,,,False,
356,changchun,g00184x00235,changchun_station_3892e1007c6f,2012-05,pending,,,,,,,,,,,,,,,,,False,
357,changchun,g00189x00232,changchun_station_174626e999c5,2012-05,pending,,,,,,,,,,,,,,,,,False,
358,changchun,g00191x00230,changchun_station_e30a5c9bc312,2012-05,pending,,,,,,,,,,,,,,,,,False,
359,kunming,g00161x00148,kunming_station_d07380b3dbfe,2012-06,pending,,,,,,,,,,,,,,,,,False,
360,kunming,g00174x00176,kunming_station_b805ab75d81f,2012-06,pending,,,,,,,,,,,,,,,,,False,
361,tianjin,g00148x00094,tianjin_station_d4bb519e9fc7,2012-07,pending,,,,,,,,,,,,,,,,,False,
362,tianjin,g00148x00099,tianjin_station_f4eda0cdba8e,2012-07,pending,,,,,,,,,,,,,,,,,False,
363,tianjin,g00148x00100,tianjin_station_97da8eb949f5,2012-07,pending,,,,,,,,,,,,,,,,,False,
364,tianjin,g00148x00109,tianjin_station_5d1e825bf43d,2012-07,pending,,,,,,,,,,,,,,,,,False,
365,tianjin,g00149x00111,tianjin_station_d8fb14f57b80,2012-07,pending,,,,,,,,,,,,,,,,,False,
366,tianjin,g00150x00086,tianjin_station_2319aee4b586,2012-07,pending,,,,,,,,,,,,,,,,,False,
367,tianjin,g00150x00090,tianjin_station_f11b00e01482,2012-07,pending,,,,,,,,,,,,,,,,,False,
368,tianjin,g00150x00115,tianjin_station_12bdeee3417b,2012-07,pending,,,,,,,,,,,,,,,,,False,
369,tianjin,g00151x00122,tianjin_station_8cfcfdb58d93,2012-07,pending,,,,,,,,,,,,,,,,,False,
370,tianjin,g00152x00124,tianjin_station_9fe8c1d19897,2012-07,pending,,,,,,,,,,,,,,,,,False,
371,tianjin,g00153x00129,tianjin_station_eac27d196abf,2012-07,pending,,,,,,,,,,,,,,,,,False,
372,chengdu,g00131x00246,chengdu_station_392d8f8de1df,2012-09,pending,,,,,,,,,,,,,,,,,False,
373,chengdu,g00135x00244,chengdu_station_cd6c936fee4b,2012-09,pending,,,,,,,,,,,,,,,,,False,
374,chengdu,g00136x00239,chengdu_station_d4c3020cebf9,2012-09,pending,,,,,,,,,,,,,,,,,False,
375,chengdu,g00138x00236,chengdu_station_10353506437a,2012-09,pending,,,,,,,,,,,,,,,,,False,
376,chengdu,g00140x00232,chengdu_station_38a22f9f9d82,2012-09,pending,,,,,,,,,,,,,,,,,False,
377,chengdu,g00142x00228,chengdu_station_d5375ec18f34,2012-09,pending,,,,,,,,,,,,,,,,,False,
378,chengdu,g00148x00221,chengdu_station_71651fd14e0d,2012-09,pending,,,,,,,,,,,,,,,,,False,
379,chengdu,g00153x00218,chengdu_station_f118ca5a3f23,2012-09,pending,,,,,,,,,,,,,,,,,False,
380,chongqing,g00337x00256,chongqing_station_ba967cd03530,2012-09,pending,,,,,,,,,,,,,,,,,False,
381,chongqing,g00337x00263,chongqing_station_1d5e208e3016,2012-09,pending,,,,,,,,,,,,,,,,,False,
382,chongqing,g00337x00266,chongqing_station_36de73a71128,2012-09,pending,,,,,,,,,,,,,,,,,False,
383,chongqing,g00338x00261,chongqing_station_d5d468f3326c,2012-09,pending,,,,,,,,,,,,,,,,,False,
384,chongqing,g00344x00253,chongqing_station_b089bcccd688,2012-09,pending,,,,,,,,,,,,,,,,,False,
385,chongqing,g00347x00249,chongqing_station_05567afe1320,2012-09,pending,,,,,,,,,,,,,,,,,False,
386,chongqing,g00348x00249,chongqing_station_4e9317a61567,2012-09,pending,,,,,,,,,,,,,,,,,False,
387,shanghai,g00132x00144,shanghai_station_4bdfb572e437,2012-09,pending,,,,,,,,,,,,,,,,,False,
388,tianjin,g00134x00088,tianjin_station_00304524a3a2,2012-10,pending,,,,,,,,,,,,,,,,,False,
389,tianjin,g00134x00090,tianjin_station_d0119dad8cba,2012-10,pending,,,,,,,,,,,,,,,,,False,
390,tianjin,g00137x00093,tianjin_station_4654b2426262,2012-10,pending,,,,,,,,,,,,,,,,,False,
391,tianjin,g00138x00095,tianjin_station_30a278acf283,2012-10,pending,,,,,,,,,,,,,,,,,False,
392,tianjin,g00138x00099,tianjin_station_b28bb08b73fe,2012-10,pending,,,,,,,,,,,,,,,,,False,
393,tianjin,g00144x00105,tianjin_station_e039df50915f,2012-10,pending,,,,,,,,,,,,,,,,,False,
394,tianjin,g00147x00107,tianjin_station_763ca263fbb6,2012-10,pending,,,,,,,,,,,,,,,,,False,
395,tianjin,g00149x00107,tianjin_station_b270714aabe2,2012-10,pending,,,,,,,,,,,,,,,,,False,
396,tianjin,g00151x00107,tianjin_station_6d0242c8f078,2012-10,pending,,,,,,,,,,,,,,,,,False,
397,tianjin,g00158x00107,tianjin_station_ec2ef850016b,2012-10,pending,,,,,,,,,,,,,,,,,False,
398,tianjin,g00162x00108,tianjin_station_d10a1da390c9,2012-10,pending,,,,,,,,,,,,,,,,,False,
399,tianjin,g00164x00108,tianjin_station_ded431ab2360,2012-10,pending,,,,,,,,,,,,,,,,,False,
400,tianjin,g00168x00110,tianjin_station_a28b8a21f3a1,2012-10,pending,,,,,,,,,,,,,,,,,False,
401,tianjin,g00171x00111,tianjin_station_16a3c19df341,2012-10,pending,,,,,,,,,,,,,,,,,False,
402,tianjin,g00171x00115,tianjin_station_ddf8b9f31d34,2012-10,pending,,,,,,,,,,,,,,,,,False,
403,beijing,g00109x00171,beijing_station_91df704d68c1,2012-10,pending,,,,,,,,,,,,,,,,,False,
404,tianjin,g00146x00108,tianjin_station_2e97537fa982,2012-10,pending,,,,,,,,,,,,,,,,,False,
405,tianjin,g00150x00091,tianjin_station_c37dc332ba9b,2012-11,pending,,,,,,,,,,,,,,,,,False,
406,hangzhou,g00225x00394,hangzhou_station_5ba9c7952f47,2012-11,pending,,,,,,,,,,,,,,,,,False,
407,hangzhou,g00228x00393,hangzhou_station_df45123d218a,2012-11,pending,,,,,,,,,,,,,,,,,False,
408,hangzhou,g00229x00391,hangzhou_station_578f1ca44081,2012-11,pending,,,,,,,,,,,,,,,,,False,
409,hangzhou,g00232x00391,hangzhou_station_fbdcf67928cb,2012-11,pending,,,,,,,,,,,,,,,,,False,
410,hangzhou,g00234x00391,hangzhou_station_8190b24fd3a8,2012-11,pending,,,,,,,,,,,,,,,,,False,
411,hangzhou,g00239x00387,hangzhou_station_29a8dc0def8f,2012-11,pending,,,,,,,,,,,,,,,,,False,
412,hangzhou,g00240x00386,hangzhou_station_26f88540275a,2012-11,pending,,,,,,,,,,,,,,,,,False,
413,hangzhou,g00242x00381,hangzhou_station_b69ab28b4059,2012-11,pending,,,,,,,,,,,,,,,,,False,
414,hangzhou,g00242x00384,hangzhou_station_f96ec9de1301,2012-11,pending,,,,,,,,,,,,,,,,,False,
415,hangzhou,g00244x00381,hangzhou_station_887e2dc0193d,2012-11,pending,,,,,,,,,,,,,,,,,False,
416,hangzhou,g00246x00380,hangzhou_station_fe9549b6062c,2012-11,pending,,,,,,,,,,,,,,,,,False,
417,hangzhou,g00250x00381,hangzhou_station_e2cdb32f5289,2012-11,pending,,,,,,,,,,,,,,,,,False,
418,hangzhou,g00251x00383,hangzhou_station_dc2315e882f4,2012-11,pending,,,,,,,,,,,,,,,,,False,
419,hangzhou,g00253x00392,hangzhou_station_675e2d4a13da,2012-11,pending,,,,,,,,,,,,,,,,,False,
420,hangzhou,g00254x00396,hangzhou_station_e6899f230941,2012-11,pending,,,,,,,,,,,,,,,,,False,
421,hangzhou,g00255x00398,hangzhou_station_1b1cea9cdec0,2012-11,pending,,,,,,,,,,,,,,,,,False,
422,hangzhou,g00256x00401,hangzhou_station_209c4711bd9e,2012-11,pending,,,,,,,,,,,,,,,,,False,
423,hangzhou,g00256x00403,hangzhou_station_a2ca1b946e32,2012-11,pending,,,,,,,,,,,,,,,,,False,
424,hangzhou,g00256x00410,hangzhou_station_a4f8bc2ad267,2012-11,pending,,,,,,,,,,,,,,,,,False,
425,hangzhou,g00256x00412,hangzhou_station_a0db40fa8af8,2012-11,pending,,,,,,,,,,,,,,,,,False,
426,hangzhou,g00256x00414,hangzhou_station_a5518ca402f4,2012-11,pending,,,,,,,,,,,,,,,,,False,
427,hangzhou,g00256x00417,hangzhou_station_7c5ed57d7b28,2012-11,pending,,,,,,,,,,,,,,,,,False,
428,hangzhou,g00260x00405,hangzhou_station_372d209f5d9c,2012-11,pending,,,,,,,,,,,,,,,,,False,
429,hangzhou,g00264x00404,hangzhou_station_7a6c679a26db,2012-11,pending,,,,,,,,,,,,,,,,,False,
430,hangzhou,g00268x00406,hangzhou_station_2b32d79efd08,2012-11,pending,,,,,,,,,,,,,,,,,False,
431,hangzhou,g00272x00407,hangzhou_station_6aad792ee407,2012-11,pending,,,,,,,,,,,,,,,,,False,
432,hangzhou,g00275x00408,hangzhou_station_21a3d5b1fb9c,2012-11,pending,,,,,,,,,,,,,,,,,False,
433,hangzhou,g00277x00408,hangzhou_station_123c509d59fc,2012-11,pending,,,,,,,,,,,,,,,,,False,
434,changchun,g00182x00235,changchun_station_5b3a5823d470,2012-12,pending,,,,,,,,,,,,,,,,,False,
435,chongqing,g00332x00244,chongqing_station_f2d8b52ccf06,2012-12,pending,,,,,,,,,,,,,,,,,False,
436,chongqing,g00333x00243,chongqing_station_319a80a095ee,2012-12,pending,,,,,,,,,,,,,,,,,False,
437,chongqing,g00335x00243,chongqing_station_e6ddebe2e46c,2012-12,pending,,,,,,,,,,,,,,,,,False,
438,chongqing,g00342x00216,chongqing_station_5e851c63c626,2012-12,pending,,,,,,,,,,,,,,,,,False,
439,chongqing,g00342x00220,chongqing_station_770d257a3ea2,2012-12,pending,,,,,,,,,,,,,,,,,False,
440,chongqing,g00342x00243,chongqing_station_4d8ebe43a457,2012-12,pending,,,,,,,,,,,,,,,,,False,
441,chongqing,g00343x00230,chongqing_station_127e84dec34f,2012-12,pending,,,,,,,,,,,,,,,,,False,
442,chongqing,g00355x00251,chongqing_station_9aaae2b2453d,2012-12,pending,,,,,,,,,,,,,,,,,False,
443,chongqing,g00291x00262,chongqing_station_bfe93991bddb,2012-12,pending,,,,,,,,,,,,,,,,,False,
444,chongqing,g00296x00262,chongqing_station_3a5c17fd2e94,2012-12,pending,,,,,,,,,,,,,,,,,False,
445,chongqing,g00299x00262,chongqing_station_11c2812b64e8,2012-12,pending,,,,,,,,,,,,,,,,,False,
446,chongqing,g00309x00265,chongqing_station_30bdbd0a7925,2012-12,pending,,,,,,,,,,,,,,,,,False,
447,chongqing,g00311x00266,chongqing_station_c48232c6a0d5,2012-12,pending,,,,,,,,,,,,,,,,,False,
448,chongqing,g00314x00267,chongqing_station_fd5bd13b9293,2012-12,pending,,,,,,,,,,,,,,,,,False,
449,chongqing,g00326x00266,chongqing_station_68ae8ba1c559,2012-12,pending,,,,,,,,,,,,,,,,,False,
450,chongqing,g00327x00264,chongqing_station_bbd1bb63056a,2012-12,pending,,,,,,,,,,,,,,,,,False,
451,wuhan,g00134x00154,wuhan_station_f35eb806b211,2012-12,pending,,,,,,,,,,,,,,,,,False,
452,wuhan,g00138x00151,wuhan_station_0647360785ca,2012-12,pending,,,,,,,,,,,,,,,,,False,
453,wuhan,g00140x00147,wuhan_station_79726c27fdae,2012-12,pending,,,,,,,,,,,,,,,,,False,
454,wuhan,g00145x00144,wuhan_station_1dc597a48cf6,2012-12,pending,,,,,,,,,,,,,,,,,False,
455,wuhan,g00152x00134,wuhan_station_073bcae02858,2012-12,pending,,,,,,,,,,,,,,,,,False,
456,wuhan,g00153x00132,wuhan_station_204212a2043c,2012-12,pending,,,,,,,,,,,,,,,,,False,
457,wuhan,g00153x00137,wuhan_station_ed3eac6e6587,2012-12,pending,,,,,,,,,,,,,,,,,False,
458,wuhan,g00159x00131,wuhan_station_695fbab158dd,2012-12,pending,,,,,,,,,,,,,,,,,False,
459,wuhan,g00162x00129,wuhan_station_fa9d715a6a26,2012-12,pending,,,,,,,,,,,,,,,,,False,
460,wuhan,g00167x00128,wuhan_station_9708973b486c,2012-12,pending,,,,,,,,,,,,,,,,,False,
461,beijing,g00106x00175,beijing_station_352a9b3af7ea,2012-12,pending,,,,,,,,,,,,,,,,,False,
462,beijing,g00106x00178,beijing_station_815cb56c84fb,2012-12,pending,,,,,,,,,,,,,,,,,False,
463,beijing,g00106x00197,beijing_station_ef3d38442d41,2012-12,pending,,,,,,,,,,,,,,,,,False,
464,beijing,g00107x00180,beijing_station_7dec237e2c9e,2012-12,pending,,,,,,,,,,,,,,,,,False,
465,beijing,g00107x00191,beijing_station_5751b27d136b,2012-12,pending,,,,,,,,,,,,,,,,,False,
466,beijing,g00108x00198,beijing_station_454c3aa058fa,2012-12,pending,,,,,,,,,,,,,,,,,False,
467,beijing,g00111x00173,beijing_station_6905921bbc31,2012-12,pending,,,,,,,,,,,,,,,,,False,
468,beijing,g00111x00199,beijing_station_0c1ca4a18f32,2012-12,pending,,,,,,,,,,,,,,,,,False,
469,beijing,g00113x00199,beijing_station_9241283fbb07,2012-12,pending,,,,,,,,,,,,,,,,,False,
470,beijing,g00118x00174,beijing_station_270005759c05,2012-12,pending,,,,,,,,,,,,,,,,,False,
471,beijing,g00124x00172,beijing_station_a6cb9048090f,2012-12,pending,,,,,,,,,,,,,,,,,False,
472,beijing,g00124x00176,beijing_station_4f3d810f667e,2012-12,pending,,,,,,,,,,,,,,,,,False,
473,beijing,g00124x00198,beijing_station_c60b9233ceaf,2012-12,pending,,,,,,,,,,,,,,,,,False,
474,beijing,g00124x00200,beijing_station_a16b2eb10ef8,2012-12,pending,,,,,,,,,,,,,,,,,False,
475,beijing,g00124x00202,beijing_station_750f892ad254,2012-12,pending,,,,,,,,,,,,,,,,,False,
476,beijing,g00124x00207,beijing_station_e4e8ebd1756a,2012-12,pending,,,,,,,,,,,,,,,,,False,
477,beijing,g00124x00209,beijing_station_2449eee3c5ac,2012-12,pending,,,,,,,,,,,,,,,,,False,
478,beijing,g00124x00217,beijing_station_287a42b54ea7,2012-12,pending,,,,,,,,,,,,,,,,,False,
479,beijing,g00124x00220,beijing_station_11dc9bc31692,2012-12,pending,,,,,,,,,,,,,,,,,False,
480,beijing,g00124x00223,beijing_station_6fdc35047c23,2012-12,pending,,,,,,,,,,,,,,,,,False,
481,beijing,g00124x00226,beijing_station_9c915bca8aa0,2012-12,pending,,,,,,,,,,,,,,,,,False,
482,beijing,g00125x00226,beijing_station_55e9775a0ace,2012-12,pending,,,,,,,,,,,,,,,,,False,
483,beijing,g00126x00168,beijing_station_49831165451e,2012-12,pending,,,,,,,,,,,,,,,,,False,
484,beijing,g00126x00171,beijing_station_ae94b8865fe1,2012-12,pending,,,,,,,,,,,,,,,,,False,
485,beijing,g00126x00174,beijing_station_3e6e8a8d786f,2012-12,pending,,,,,,,,,,,,,,,,,False,
486,beijing,g00126x00176,beijing_station_0ec73f02181a,2012-12,pending,,,,,,,,,,,,,,,,,False,
487,beijing,g00126x00180,beijing_station_94f861180d64,2012-12,pending,,,,,,,,,,,,,,,,,False,
488,beijing,g00126x00187,beijing_station_84c729967a56,2012-12,pending,,,,,,,,,,,,,,,,,False,
489,beijing,g00126x00190,beijing_station_77a20abbfed4,2012-12,pending,,,,,,,,,,,,,,,,,False,
490,beijing,g00129x00171,beijing_station_c3b42dc05008,2012-12,pending,,,,,,,,,,,,,,,,,False,
491,beijing,g00132x00171,beijing_station_e042cde0a233,2012-12,pending,,,,,,,,,,,,,,,,,False,
492,beijing,g00133x00170,beijing_station_882e00e73bde,2012-12,pending,,,,,,,,,,,,,,,,,False,
493,beijing,g00134x00188,beijing_station_2109526d4c80,2012-12,pending,,,,,,,,,,,,,,,,,False,
494,shanghai,g00088x00093,shanghai_station_3b29d550030b,2012-12,pending,,,,,,,,,,,,,,,,,False,
495,shanghai,g00092x00093,shanghai_station_0ac6f77e3f19,2012-12,pending,,,,,,,,,,,,,,,,,False,
496,shanghai,g00095x00093,shanghai_station_b50938cbe92d,2012-12,pending,,,,,,,,,,,,,,,,,False,
497,shanghai,g00142x00129,shanghai_station_69d4a58167f6,2012-12,pending,,,,,,,,,,,,,,,,,False,
498,shanghai,g00143x00123,shanghai_station_f704d4ae568d,2012-12,pending,,,,,,,,,,,,,,,,,False,
499,shanghai,g00145x00111,shanghai_station_51dcb5eb2c01,2012-12,pending,,,,,,,,,,,,,,,,,False,
500,shanghai,g00145x00114,shanghai_station_ec782802572d,2012-12,pending,,,,,,,,,,,,,,,,,False,
501,shanghai,g00145x00118,shanghai_station_a6b794fb3cbd,2012-12,pending,,,,,,,,,,,,,,,,,False,
502,chongqing,g00340x00253,chongqing_station_956c6e7d3a68,2013-01,pending,,,,,,,,,,,,,,,,,False,
503,chongqing,g00291x00259,chongqing_station_5ad620091e5e,2013-01,pending,,,,,,,,,,,,,,,,,False,
504,chongqing,g00304x00264,chongqing_station_1e2d287afbe5,2013-01,pending,,,,,,,,,,,,,,,,,False,
505,chongqing,g00307x00264,chongqing_station_03932e147cde,2013-01,pending,,,,,,,,,,,,,,,,,False,
506,chongqing,g00344x00263,chongqing_station_6b391edfb4ae,2013-02,pending,,,,,,,,,,,,,,,,,False,
507,chongqing,g00342x00227,chongqing_station_65879c949e66,2013-03,pending,,,,,,,,,,,,,,,,,False,
508,beijing,g00106x00186,beijing_station_14d2d3e5e763,2013-05,pending,,,,,,,,,,,,,,,,,False,
509,beijing,g00108x00173,beijing_station_8a53085ef418,2013-05,pending,,,,,,,,,,,,,,,,,False,
510,beijing,g00109x00173,beijing_station_40e9c69aeaa6,2013-05,pending,,,,,,,,,,,,,,,,,False,
511,beijing,g00110x00153,beijing_station_175914f9915b,2013-05,pending,,,,,,,,,,,,,,,,,False,
512,beijing,g00110x00155,beijing_station_17ca96ccb055,2013-05,pending,,,,,,,,,,,,,,,,,False,
513,beijing,g00110x00162,beijing_station_a7908eadf651,2013-05,pending,,,,,,,,,,,,,,,,,False,
514,beijing,g00111x00164,beijing_station_6f4bc144c8de,2013-05,pending,,,,,,,,,,,,,,,,,False,
515,beijing,g00111x00168,beijing_station_cbcfa82b3375,2013-05,pending,,,,,,,,,,,,,,,,,False,
516,chongqing,g00367x00262,chongqing_station_fe00750f003b,2013-05,pending,,,,,,,,,,,,,,,,,False,
517,chongqing,g00369x00262,chongqing_station_ee0d9d909f8c,2013-05,pending,,,,,,,,,,,,,,,,,False,
518,kunming,g00113x00155,kunming_station_5addbcc57dcf,2013-05,pending,,,,,,,,,,,,,,,,,False,
519,kunming,g00116x00158,kunming_station_9aeca5574c8d,2013-05,pending,,,,,,,,,,,,,,,,,False,
520,kunming,g00119x00158,kunming_station_38e42bf532d7,2013-05,pending,,,,,,,,,,,,,,,,,False,
521,kunming,g00122x00157,kunming_station_dc58ad84d47f,2013-05,pending,,,,,,,,,,,,,,,,,False,
522,kunming,g00124x00156,kunming_station_5f2fe5369567,2013-05,pending,,,,,,,,,,,,,,,,,False,
523,kunming,g00127x00155,kunming_station_ddbc296f09de,2013-05,pending,,,,,,,,,,,,,,,,,False,
524,kunming,g00132x00148,kunming_station_6574b867dc82,2013-05,pending,,,,,,,,,,,,,,,,,False,
525,kunming,g00137x00145,kunming_station_ad9f8e80810e,2013-05,pending,,,,,,,,,,,,,,,,,False,
526,kunming,g00141x00144,kunming_station_e791f8b14871,2013-05,pending,,,,,,,,,,,,,,,,,False,
527,kunming,g00143x00144,kunming_station_e887133f898a,2013-05,pending,,,,,,,,,,,,,,,,,False,
528,kunming,g00147x00144,kunming_station_46864f0fd327,2013-05,pending,,,,,,,,,,,,,,,,,False,
529,kunming,g00150x00143,kunming_station_313ee81f85ba,2013-05,pending,,,,,,,,,,,,,,,,,False,
530,chengdu,g00123x00228,chengdu_station_0899a96eb777,2013-06,pending,,,,,,,,,,,,,,,,,False,
531,chengdu,g00155x00218,chengdu_station_4178e49a6f69,2013-06,pending,,,,,,,,,,,,,,,,,False,
532,chengdu,g00157x00215,chengdu_station_9ca84815f027,2013-06,pending,,,,,,,,,,,,,,,,,False,
533,chengdu,g00157x00217,chengdu_station_7c735622b46b,2013-06,pending,,,,,,,,,,,,,,,,,False,
534,chengdu,g00159x00212,chengdu_station_a38f98197f73,2013-06,pending,,,,,,,,,,,,,,,,,False,
535,chengdu,g00162x00211,chengdu_station_bd28f3924b61,2013-06,pending,,,,,,,,,,,,,,,,,False,
536,shanghai,g00144x00120,shanghai_station_675ece9d1e54,2013-06,pending,,,,,,,,,,,,,,,,,False,
537,hangzhou,g00252x00390,hangzhou_station_c3ab459e6287,2013-06,pending,,,,,,,,,,,,,,,,,False,
538,tianjin,g00149x00105,tianjin_station_3a66ead97fcf,2013-08,pending,,,,,,,,,,,,,,,,,False,
539,shanghai,g00123x00147,shanghai_station_84f168d5caab,2013-08,pending,,,,,,,,,,,,,,,,,False,
540,shanghai,g00123x00149,shanghai_station_7035264da62f,2013-08,pending,,,,,,,,,,,,,,,,,False,
541,shanghai,g00124x00153,shanghai_station_0551546e41f6,2013-08,pending,,,,,,,,,,,,,,,,,False,
542,shanghai,g00125x00141,shanghai_station_0cc90a6bc883,2013-08,pending,,,,,,,,,,,,,,,,,False,
543,shanghai,g00126x00137,shanghai_station_2d883e772001,2013-08,pending,,,,,,,,,,,,,,,,,False,
544,shanghai,g00128x00137,shanghai_station_f65f2b2ef6d1,2013-08,pending,,,,,,,,,,,,,,,,,False,
545,shanghai,g00131x00134,shanghai_station_d0108944c357,2013-08,pending,,,,,,,,,,,,,,,,,False,
546,shanghai,g00134x00133,shanghai_station_908d6101d24b,2013-08,pending,,,,,,,,,,,,,,,,,False,
547,shanghai,g00136x00133,shanghai_station_15671153fedd,2013-08,pending,,,,,,,,,,,,,,,,,False,
548,xian,g00140x00251,xian_station_af0997229d0d,2013-09,pending,,,,,,,,,,,,,,,,,False,
549,xian,g00140x00254,xian_station_74780d0ebb75,2013-09,pending,,,,,,,,,,,,,,,,,False,
550,xian,g00140x00256,xian_station_34f3d5381bb1,2013-09,pending,,,,,,,,,,,,,,,,,False,
551,xian,g00140x00259,xian_station_61ba19734f91,2013-09,pending,,,,,,,,,,,,,,,,,False,
552,xian,g00140x00264,xian_station_cfa7b04c2b59,2013-09,pending,,,,,,,,,,,,,,,,,False,
553,xian,g00140x00266,xian_station_68e8d18e3811,2013-09,pending,,,,,,,,,,,,,,,,,False,
554,xian,g00140x00268,xian_station_a5637d89ded4,2013-09,pending,,,,,,,,,,,,,,,,,False,
555,xian,g00140x00270,xian_station_b48279698f17,2013-09,pending,,,,,,,,,,,,,,,,,False,
556,xian,g00140x00273,xian_station_beb2e2833afb,2013-09,pending,,,,,,,,,,,,,,,,,False,
557,xian,g00140x00276,xian_station_365760b012db,2013-09,pending,,,,,,,,,,,,,,,,,False,
558,xian,g00141x00248,xian_station_3c7c00f07d0e,2013-09,pending,,,,,,,,,,,,,,,,,False,
559,xian,g00141x00279,xian_station_821fc2bf553c,2013-09,pending,,,,,,,,,,,,,,,,,False,
560,xian,g00141x00281,xian_station_cd0f6501fef4,2013-09,pending,,,,,,,,,,,,,,,,,False,
561,xian,g00142x00284,xian_station_58ecd9cbcc60,2013-09,pending,,,,,,,,,,,,,,,,,False,
562,xian,g00143x00245,xian_station_b99a7ef428be,2013-09,pending,,,,,,,,,,,,,,,,,False,
563,xian,g00144x00244,xian_station_428c4266a841,2013-09,pending,,,,,,,,,,,,,,,,,False,
564,xian,g00145x00240,xian_station_375d655cc1a3,2013-09,pending,,,,,,,,,,,,,,,,,False,
565,xian,g00147x00237,xian_station_54c5a6922285,2013-09,pending,,,,,,,,,,,,,,,,,False,
566,chongqing,g00328x00247,chongqing_station_cf00d36628d0,2013-09,pending,,,,,,,,,,,,,,,,,False,
567,harbin,g00371x00182,harbin_station_55409a6fe843,2013-09,pending,,,,,,,,,,,,,,,,,False,
568,harbin,g00374x00181,harbin_station_ceec7921a476,2013-09,pending,,,,,,,,,,,,,,,,,False,
569,harbin,g00377x00181,harbin_station_a952362aa0c8,2013-09,pending,,,,,,,,,,,,,,,,,False,
570,harbin,g00379x00181,harbin_station_b9d5759c10eb,2013-09,pending,,,,,,,,,,,,,,,,,False,
571,harbin,g00381x00180,harbin_station_996ea909f3f9,2013-09,pending,,,,,,,,,,,,,,,,,False,
572,harbin,g00382x00180,harbin_station_a5b2b6363dc3,2013-09,pending,,,,,,,,,,,,,,,,,False,
573,harbin,g00385x00181,harbin_station_c1ba25747931,2013-09,pending,,,,,,,,,,,,,,,,,False,
574,harbin,g00386x00182,harbin_station_b8e44694b3c1,2013-09,pending,,,,,,,,,,,,,,,,,False,
575,harbin,g00387x00183,harbin_station_51cb670fd8b6,2013-09,pending,,,,,,,,,,,,,,,,,False,
576,harbin,g00389x00184,harbin_station_550cb8885ac9,2013-09,pending,,,,,,,,,,,,,,,,,False,
577,harbin,g00391x00187,harbin_station_a0d486078f3f,2013-09,pending,,,,,,,,,,,,,,,,,False,
578,harbin,g00393x00188,harbin_station_93a6df5282e7,2013-09,pending,,,,,,,,,,,,,,,,,False,
579,harbin,g00394x00189,harbin_station_93b3b752301a,2013-09,pending,,,,,,,,,,,,,,,,,False,
580,harbin,g00397x00193,harbin_station_2434ae8b7f01,2013-09,pending,,,,,,,,,,,,,,,,,False,
581,harbin,g00397x00194,harbin_station_74e1417345c8,2013-09,pending,,,,,,,,,,,,,,,,,False,
582,harbin,g00397x00196,harbin_station_864a23a6291f,2013-09,pending,,,,,,,,,,,,,,,,,False,
583,shanghai,g00156x00079,shanghai_station_9755deb0dfda,2013-10,pending,,,,,,,,,,,,,,,,,False,
584,shanghai,g00158x00070,shanghai_station_a95ee2e5ae0e,2013-10,pending,,,,,,,,,,,,,,,,,False,
585,shanghai,g00158x00073,shanghai_station_dcd53f7e754e,2013-10,pending,,,,,,,,,,,,,,,,,False,
586,beijing,g00127x00188,beijing_station_1afcc8e5eb64,2013-12,pending,,,,,,,,,,,,,,,,,False,
587,beijing,g00160x00177,beijing_station_bec7f7958a2f,2013-12,pending,,,,,,,,,,,,,,,,,False,
588,beijing,g00161x00181,beijing_station_2780ca446385,2013-12,pending,,,,,,,,,,,,,,,,,False,
589,beijing,g00164x00175,beijing_station_e08ae885b83a,2013-12,pending,,,,,,,,,,,,,,,,,False,
590,guangzhou,g00143x00078,guangzhou_station_bba72462f4a3,2013-12,pending,,,,,,,,,,,,,,,,,False,
591,guangzhou,g00144x00074,guangzhou_station_acca00745601,2013-12,pending,,,,,,,,,,,,,,,,,False,
592,guangzhou,g00144x00086,guangzhou_station_c8ed1db59d0c,2013-12,pending,,,,,,,,,,,,,,,,,False,
593,guangzhou,g00145x00082,guangzhou_station_3fa0c2262947,2013-12,pending,,,,,,,,,,,,,,,,,False,
594,guangzhou,g00145x00083,guangzhou_station_53e332f42475,2013-12,pending,,,,,,,,,,,,,,,,,False,
595,guangzhou,g00148x00071,guangzhou_station_3a3e92f7f526,2013-12,pending,,,,,,,,,,,,,,,,,False,
596,guangzhou,g00150x00088,guangzhou_station_02c0032acae6,2013-12,pending,,,,,,,,,,,,,,,,,False,
597,guangzhou,g00151x00089,guangzhou_station_83dd04b3c37c,2013-12,pending,,,,,,,,,,,,,,,,,False,
598,guangzhou,g00152x00070,guangzhou_station_cfe3283faa31,2013-12,pending,,,,,,,,,,,,,,,,,False,
599,guangzhou,g00153x00069,guangzhou_station_64460bb727d3,2013-12,pending,,,,,,,,,,,,,,,,,False,
600,guangzhou,g00154x00092,guangzhou_station_34dbb1d35741,2013-12,pending,,,,,,,,,,,,,,,,,False,
601,guangzhou,g00158x00098,guangzhou_station_011b69403c02,2013-12,pending,,,,,,,,,,,,,,,,,False,
602,suzhou,g00125x00162,suzhou_station_44567a204cf9,2013-12,pending,,,,,,,,,,,,,,,,,False,
603,suzhou,g00126x00156,suzhou_station_d92751254400,2013-12,pending,,,,,,,,,,,,,,,,,False,
604,suzhou,g00130x00155,suzhou_station_4a609eca3545,2013-12,pending,,,,,,,,,,,,,,,,,False,
605,suzhou,g00131x00153,suzhou_station_0d852c708899,2013-12,pending,,,,,,,,,,,,,,,,,False,
606,suzhou,g00133x00153,suzhou_station_77a78e126c98,2013-12,pending,,,,,,,,,,,,,,,,,False,
607,suzhou,g00135x00153,suzhou_station_3134bebd6daa,2013-12,pending,,,,,,,,,,,,,,,,,False,
608,suzhou,g00137x00153,suzhou_station_6740c4b1395d,2013-12,pending,,,,,,,,,,,,,,,,,False,
609,suzhou,g00138x00153,suzhou_station_01c5ce0e3172,2013-12,pending,,,,,,,,,,,,,,,,,False,
610,suzhou,g00140x00154,suzhou_station_223def10b198,2013-12,pending,,,,,,,,,,,,,,,,,False,
611,suzhou,g00146x00156,suzhou_station_a1c95930f532,2013-12,pending,,,,,,,,,,,,,,,,,False,
612,suzhou,g00148x00158,suzhou_station_5b1e01fda8b5,2013-12,pending,,,,,,,,,,,,,,,,,False,
613,suzhou,g00153x00158,suzhou_station_aca7f3600cad,2013-12,pending,,,,,,,,,,,,,,,,,False,
614,suzhou,g00155x00158,suzhou_station_d7149ea3b2da,2013-12,pending,,,,,,,,,,,,,,,,,False,
615,suzhou,g00159x00158,suzhou_station_3657f9d8ddb3,2013-12,pending,,,,,,,,,,,,,,,,,False,
616,suzhou,g00162x00160,suzhou_station_04bf3cc5609c,2013-12,pending,,,,,,,,,,,,,,,,,False,
617,tianjin,g00131x00081,tianjin_station_99d4bb123c8b,2013-12,pending,,,,,,,,,,,,,,,,,False,
618,tianjin,g00133x00083,tianjin_station_5c9483c84844,2013-12,pending,,,,,,,,,,,,,,,,,False,
619,tianjin,g00134x00084,tianjin_station_63d80c347e1a,2013-12,pending,,,,,,,,,,,,,,,,,False,
620,wuhan,g00140x00144,wuhan_station_f24f3e86ffa1,2013-12,pending,,,,,,,,,,,,,,,,,False,
621,wuhan,g00142x00145,wuhan_station_046c873ed995,2013-12,pending,,,,,,,,,,,,,,,,,False,
622,wuhan,g00143x00146,wuhan_station_d01ebae400c1,2013-12,pending,,,,,,,,,,,,,,,,,False,
623,wuhan,g00145x00147,wuhan_station_5dfac7627108,2013-12,pending,,,,,,,,,,,,,,,,,False,
624,wuhan,g00147x00148,wuhan_station_a924f9f361fa,2013-12,pending,,,,,,,,,,,,,,,,,False,
625,wuhan,g00149x00150,wuhan_station_ea8b203b3eec,2013-12,pending,,,,,,,,,,,,,,,,,False,
626,wuhan,g00152x00152,wuhan_station_4784d134dfce,2013-12,pending,,,,,,,,,,,,,,,,,False,
627,wuhan,g00154x00153,wuhan_station_5d54f4802f5a,2013-12,pending,,,,,,,,,,,,,,,,,False,
628,wuhan,g00156x00156,wuhan_station_9f61d827d53e,2013-12,pending,,,,,,,,,,,,,,,,,False,
629,wuhan,g00156x00161,wuhan_station_e0a7b749ddc6,2013-12,pending,,,,,,,,,,,,,,,,,False,
630,wuhan,g00157x00159,wuhan_station_3e70e2d2f6f4,2013-12,pending,,,,,,,,,,,,,,,,,False,
631,zhengzhou,g00131x00185,zhengzhou_station_a72797a37af9,2013-12,pending,,,,,,,,,,,,,,,,,False,
632,zhengzhou,g00131x00187,zhengzhou_station_58c1106859de,2013-12,pending,,,,,,,,,,,,,,,,,False,
633,zhengzhou,g00131x00189,zhengzhou_station_5816f5c58d8a,2013-12,pending,,,,,,,,,,,,,,,,,False,
634,zhengzhou,g00132x00191,zhengzhou_station_cd3a5db25628,2013-12,pending,,,,,,,,,,,,,,,,,False,
635,zhengzhou,g00133x00179,zhengzhou_station_91b541e5f3d6,2013-12,pending,,,,,,,,,,,,,,,,,False,
636,zhengzhou,g00133x00181,zhengzhou_station_3fb29714ef6c,2013-12,pending,,,,,,,,,,,,,,,,,False,
637,zhengzhou,g00133x00183,zhengzhou_station_080de2fcf64f,2013-12,pending,,,,,,,,,,,,,,,,,False,
638,zhengzhou,g00134x00173,zhengzhou_station_47870eab0807,2013-12,pending,,,,,,,,,,,,,,,,,False,
639,zhengzhou,g00134x00176,zhengzhou_station_00fc68de6a29,2013-12,pending,,,,,,,,,,,,,,,,,False,
640,zhengzhou,g00134x00192,zhengzhou_station_5d2afb5e3dc3,2013-12,pending,,,,,,,,,,,,,,,,,False,
641,zhengzhou,g00134x00211,zhengzhou_station_80c23b7f4a85,2013-12,pending,,,,,,,,,,,,,,,,,False,
642,zhengzhou,g00135x00194,zhengzhou_station_f1cecca644e9,2013-12,pending,,,,,,,,,,,,,,,,,False,
643,zhengzhou,g00135x00197,zhengzhou_station_2125c7f9b088,2013-12,pending,,,,,,,,,,,,,,,,,False,
644,zhengzhou,g00135x00199,zhengzhou_station_c2cd60dff945,2013-12,pending,,,,,,,,,,,,,,,,,False,
645,zhengzhou,g00135x00214,zhengzhou_station_fd2132f419e7,2013-12,pending,,,,,,,,,,,,,,,,,False,
646,zhengzhou,g00136x00201,zhengzhou_station_63e45bd922ce,2013-12,pending,,,,,,,,,,,,,,,,,False,
647,zhengzhou,g00136x00207,zhengzhou_station_620a506aa770,2013-12,pending,,,,,,,,,,,,,,,,,False,
648,zhengzhou,g00136x00209,zhengzhou_station_68d7ccd44552,2013-12,pending,,,,,,,,,,,,,,,,,False,
649,zhengzhou,g00138x00217,zhengzhou_station_1d3b38a0c809,2013-12,pending,,,,,,,,,,,,,,,,,False,
650,shanghai,g00069x00227,shanghai_station_54ee2ad755d2,2013-12,pending,,,,,,,,,,,,,,,,,False,
651,shanghai,g00073x00223,shanghai_station_4796719ef182,2013-12,pending,,,,,,,,,,,,,,,,,False,
652,shanghai,g00081x00212,shanghai_station_4cdcb6457076,2013-12,pending,,,,,,,,,,,,,,,,,False,
653,shanghai,g00096x00201,shanghai_station_2adea3dcba88,2013-12,pending,,,,,,,,,,,,,,,,,False,
654,shanghai,g00101x00173,shanghai_station_3cf4077974b2,2013-12,pending,,,,,,,,,,,,,,,,,False,
655,shanghai,g00102x00183,shanghai_station_f9769d8bb7e5,2013-12,pending,,,,,,,,,,,,,,,,,False,
656,shanghai,g00102x00195,shanghai_station_eed6f0dad072,2013-12,pending,,,,,,,,,,,,,,,,,False,
657,shanghai,g00103x00167,shanghai_station_8308a1ca344a,2013-12,pending,,,,,,,,,,,,,,,,,False,
658,shanghai,g00108x00166,shanghai_station_421bd14a6718,2013-12,pending,,,,,,,,,,,,,,,,,False,
659,shanghai,g00115x00165,shanghai_station_0a68e183a281,2013-12,pending,,,,,,,,,,,,,,,,,False,
660,shanghai,g00125x00163,shanghai_station_f09cdbe5440d,2013-12,pending,,,,,,,,,,,,,,,,,False,
661,shanghai,g00145x00142,shanghai_station_ba8c21dc8a3d,2013-12,pending,,,,,,,,,,,,,,,,,False,
662,shanghai,g00146x00145,shanghai_station_2a2da4375f19,2013-12,pending,,,,,,,,,,,,,,,,,False,
663,shanghai,g00147x00147,shanghai_station_af1293830347,2013-12,pending,,,,,,,,,,,,,,,,,False,
664,shanghai,g00148x00148,shanghai_station_1b26a3d5ea61,2013-12,pending,,,,,,,,,,,,,,,,,False,
665,shanghai,g00149x00172,shanghai_station_887aa17c702e,2013-12,pending,,,,,,,,,,,,,,,,,False,
666,shanghai,g00150x00152,shanghai_station_7882b1f4d79d,2013-12,pending,,,,,,,,,,,,,,,,,False,
667,shanghai,g00152x00154,shanghai_station_fd82f7f50de8,2013-12,pending,,,,,,,,,,,,,,,,,False,
668,shanghai,g00153x00156,shanghai_station_038711f0976c,2013-12,pending,,,,,,,,,,,,,,,,,False,
669,shanghai,g00153x00157,shanghai_station_a2f2dbb3ce41,2013-12,pending,,,,,,,,,,,,,,,,,False,
670,shanghai,g00153x00161,shanghai_station_2652b64351c9,2013-12,pending,,,,,,,,,,,,,,,,,False,
671,shanghai,g00153x00162,shanghai_station_e5e48406ed7b,2013-12,pending,,,,,,,,,,,,,,,,,False,
672,shanghai,g00153x00165,shanghai_station_9f5a0f50447c,2013-12,pending,,,,,,,,,,,,,,,,,False,
673,shanghai,g00153x00168,shanghai_station_027f3b45055a,2013-12,pending,,,,,,,,,,,,,,,,,False,
674,shanghai,g00153x00170,shanghai_station_bbbdab847c34,2013-12,pending,,,,,,,,,,,,,,,,,False,
675,chongqing,g00358x00252,chongqing_station_0133e99f272b,2013-12,pending,,,,,,,,,,,,,,,,,False,
676,chongqing,g00371x00251,chongqing_station_aa46710600a4,2013-12,pending,,,,,,,,,,,,,,,,,False,
677,chongqing,g00382x00234,chongqing_station_662769701a34,2013-12,pending,,,,,,,,,,,,,,,,,False,
678,chongqing,g00385x00233,chongqing_station_9b2afc4ac2d5,2013-12,pending,,,,,,,,,,,,,,,,,False,
679,chongqing,g00390x00241,chongqing_station_05be0ceb5ad6,2013-12,pending,,,,,,,,,,,,,,,,,False,
680,changsha,g00088x00247,changsha_station_231160742fe3,2014-04,pending,,,,,,,,,,,,,,,,,False,
681,changsha,g00089x00252,changsha_station_dae5d8572ad4,2014-04,pending,,,,,,,,,,,,,,,,,False,
682,changsha,g00091x00245,changsha_station_f064215fd15b,2014-04,pending,,,,,,,,,,,,,,,,,False,
683,changsha,g00092x00225,changsha_station_e617d92ffea4,2014-04,pending,,,,,,,,,,,,,,,,,False,
684,changsha,g00093x00244,changsha_station_350d2776ed28,2014-04,pending,,,,,,,,,,,,,,,,,False,
685,changsha,g00096x00225,changsha_station_1b6694a3db73,2014-04,pending,,,,,,,,,,,,,,,,,False,
686,changsha,g00097x00243,changsha_station_ad4d9049680b,2014-04,pending,,,,,,,,,,,,,,,,,False,
687,changsha,g00098x00239,changsha_station_bcac168f5dde,2014-04,pending,,,,,,,,,,,,,,,,,False,
688,changsha,g00098x00242,changsha_station_36ca074ee38e,2014-04,pending,,,,,,,,,,,,,,,,,False,
689,changsha,g00099x00228,changsha_station_5778c8ae56c3,2014-04,pending,,,,,,,,,,,,,,,,,False,
690,changsha,g00099x00230,changsha_station_5e87b158a151,2014-04,pending,,,,,,,,,,,,,,,,,False,
691,changsha,g00099x00231,changsha_station_e2aa9d8d4094,2014-04,pending,,,,,,,,,,,,,,,,,False,
692,changsha,g00099x00233,changsha_station_c02c231101ae,2014-04,pending,,,,,,,,,,,,,,,,,False,
693,changsha,g00099x00234,changsha_station_4d8ed4dfba28,2014-04,pending,,,,,,,,,,,,,,,,,False,
694,changsha,g00099x00238,changsha_station_c514728742c4,2014-04,pending,,,,,,,,,,,,,,,,,False,
695,changsha,g00100x00226,changsha_station_03b3a9709329,2014-04,pending,,,,,,,,,,,,,,,,,False,
696,changsha,g00101x00222,changsha_station_f7ea6d5b2213,2014-04,pending,,,,,,,,,,,,,,,,,False,
697,changsha,g00101x00224,changsha_station_4cac3a943ab1,2014-04,pending,,,,,,,,,,,,,,,,,False,
698,changsha,g00102x00219,changsha_station_4e338e21351f,2014-04,pending,,,,,,,,,,,,,,,,,False,
699,kunming,g00150x00140,kunming_station_f63c6aef7bfa,2014-04,pending,,,,,,,,,,,,,,,,,False,
700,kunming,g00152x00139,kunming_station_89897ddefaa8,2014-04,pending,,,,,,,,,,,,,,,,,False,
701,kunming,g00153x00137,kunming_station_0ade2f2e878b,2014-04,pending,,,,,,,,,,,,,,,,,False,
702,kunming,g00155x00136,kunming_station_6fe023c9430a,2014-04,pending,,,,,,,,,,,,,,,,,False,
703,kunming,g00160x00134,kunming_station_4666018e8963,2014-04,pending,,,,,,,,,,,,,,,,,False,
704,kunming,g00161x00134,kunming_station_551203822165,2014-04,pending,,,,,,,,,,,,,,,,,False,
705,kunming,g00162x00134,kunming_station_b1ac5a678147,2014-04,pending,,,,,,,,,,,,,,,,,False,
706,kunming,g00164x00134,kunming_station_4c009d7dcd2a,2014-04,pending,,,,,,,,,,,,,,,,,False,
707,kunming,g00168x00135,kunming_station_2db759665d11,2014-04,pending,,,,,,,,,,,,,,,,,False,
708,kunming,g00170x00136,kunming_station_684a22bccb63,2014-04,pending,,,,,,,,,,,,,,,,,False,
709,kunming,g00171x00137,kunming_station_ee15cbceb4cc,2014-04,pending,,,,,,,,,,,,,,,,,False,
710,kunming,g00174x00138,kunming_station_766c69c0b59a,2014-04,pending,,,,,,,,,,,,,,,,,False,
711,kunming,g00175x00139,kunming_station_be5ef01f862c,2014-04,pending,,,,,,,,,,,,,,,,,False,
712,kunming,g00177x00140,kunming_station_a43570c0d3ac,2014-04,pending,,,,,,,,,,,,,,,,,False,
713,kunming,g00177x00143,kunming_station_1f6e80e3c00b,2014-04,pending,,,,,,,,,,,,,,,,,False,
714,kunming,g00178x00141,kunming_station_01c52dfa66da,2014-04,pending,,,,,,,,,,,,,,,,,False,
715,dalian,g00036x00036,dalian_station_5e6787319b90,2014-05,pending,,,,,,,,,,,,,,,,,False,
716,dalian,g00038x00030,dalian_station_c03c64f2ef9b,2014-05,pending,,,,,,,,,,,,,,,,,False,
717,dalian,g00041x00064,dalian_station_2898f3fb8e50,2014-05,pending,,,,,,,,,,,,,,,,,False,
718,dalian,g00045x00049,dalian_station_43aaf8c889eb,2014-05,pending,,,,,,,,,,,,,,,,,False,
719,dalian,g00046x00091,dalian_station_40fb75643401,2014-05,pending,,,,,,,,,,,,,,,,,False,
720,shanghai,g00145x00140,shanghai_station_f809ff6ec848,2014-05,pending,,,,,,,,,,,,,,,,,False,
721,wuhan,g00172x00147,wuhan_station_2b5c7949c18c,2014-05,pending,,,,,,,,,,,,,,,,,False,
722,wuhan,g00174x00148,wuhan_station_b68e4cff40f0,2014-05,pending,,,,,,,,,,,,,,,,,False,
723,wuhan,g00180x00145,wuhan_station_1778aeecabce,2014-05,pending,,,,,,,,,,,,,,,,,False,
724,ningbo,g00261x00170,ningbo_station_8f813de7811b,2014-05,pending,,,,,,,,,,,,,,,,,False,
725,ningbo,g00262x00161,ningbo_station_a19f427af4c2,2014-05,pending,,,,,,,,,,,,,,,,,False,
726,ningbo,g00262x00165,ningbo_station_9b94a4fa04b5,2014-05,pending,,,,,,,,,,,,,,,,,False,
727,ningbo,g00263x00159,ningbo_station_696bbe93196a,2014-05,pending,,,,,,,,,,,,,,,,,False,
728,ningbo,g00264x00154,ningbo_station_28ab634515cc,2014-05,pending,,,,,,,,,,,,,,,,,False,
729,ningbo,g00264x00156,ningbo_station_5b2dc18899e5,2014-05,pending,,,,,,,,,,,,,,,,,False,
730,ningbo,g00265x00152,ningbo_station_a8417ba1d507,2014-05,pending,,,,,,,,,,,,,,,,,False,
731,ningbo,g00269x00139,ningbo_station_a7a1588c89ca,2014-05,pending,,,,,,,,,,,,,,,,,False,
732,ningbo,g00269x00141,ningbo_station_93e3a3133d18,2014-05,pending,,,,,,,,,,,,,,,,,False,
733,ningbo,g00270x00137,ningbo_station_3e99f0250d3e,2014-05,pending,,,,,,,,,,,,,,,,,False,
734,xian,g00112x00260,xian_station_d9dcc0a87925,2014-06,pending,,,,,,,,,,,,,,,,,False,
735,xian,g00115x00260,xian_station_49b6dda7c3e0,2014-06,pending,,,,,,,,,,,,,,,,,False,
736,xian,g00118x00260,xian_station_d4ad27c74073,2014-06,pending,,,,,,,,,,,,,,,,,False,
737,xian,g00121x00260,xian_station_efb8ee7c714e,2014-06,pending,,,,,,,,,,,,,,,,,False,
738,nanjing,g00138x00107,nanjing_station_db6938b4edbc,2014-07,pending,,,,,,,,,,,,,,,,,False,
739,nanjing,g00146x00106,nanjing_station_b91b611fd8e9,2014-07,pending,,,,,,,,,,,,,,,,,False,
740,nanjing,g00158x00102,nanjing_station_9a31957ea3af,2014-07,pending,,,,,,,,,,,,,,,,,False,
741,nanjing,g00167x00100,nanjing_station_5852a705999e,2014-07,pending,,,,,,,,,,,,,,,,,False,
742,nanjing,g00173x00099,nanjing_station_8f4edd6e198a,2014-07,pending,,,,,,,,,,,,,,,,,False,
743,nanjing,g00179x00098,nanjing_station_8fa536d71971,2014-07,pending,,,,,,,,,,,,,,,,,False,
744,nanjing,g00190x00097,nanjing_station_fa0435d3673c,2014-07,pending,,,,,,,,,,,,,,,,,False,
745,nanjing,g00191x00096,nanjing_station_64f95f3a2114,2014-07,pending,,,,,,,,,,,,,,,,,False,
746,nanjing,g00192x00106,nanjing_station_c0519ea853d4,2014-07,pending,,,,,,,,,,,,,,,,,False,
747,nanjing,g00193x00115,nanjing_station_5b94f236ec79,2014-07,pending,,,,,,,,,,,,,,,,,False,
748,nanjing,g00194x00113,nanjing_station_0d7daa64d68b,2014-07,pending,,,,,,,,,,,,,,,,,False,
749,nanjing,g00195x00086,nanjing_station_9e0bf5f0336e,2014-07,pending,,,,,,,,,,,,,,,,,False,
750,nanjing,g00199x00082,nanjing_station_06837c3bbe90,2014-07,pending,,,,,,,,,,,,,,,,,False,
751,nanjing,g00201x00066,nanjing_station_a6563bd1df89,2014-07,pending,,,,,,,,,,,,,,,,,False,
752,nanjing,g00204x00068,nanjing_station_3858b921077c,2014-07,pending,,,,,,,,,,,,,,,,,False,
753,nanjing,g00204x00075,nanjing_station_9d6cd72c2a93,2014-07,pending,,,,,,,,,,,,,,,,,False,
754,nanjing,g00206x00069,nanjing_station_b61db1188cfc,2014-07,pending,,,,,,,,,,,,,,,,,False,
755,nanjing,g00206x00072,nanjing_station_dc7908797e81,2014-07,pending,,,,,,,,,,,,,,,,,False,
756,wuxi,g00097x00167,wuxi_station_5d0931f9609f,2014-07,pending,,,,,,,,,,,,,,,,,False,
757,wuxi,g00099x00168,wuxi_station_54913417279f,2014-07,pending,,,,,,,,,,,,,,,,,False,
758,wuxi,g00101x00173,wuxi_station_c989de1f7d1b,2014-07,pending,,,,,,,,,,,,,,,,,False,
759,wuxi,g00101x00175,wuxi_station_e1251879b243,2014-07,pending,,,,,,,,,,,,,,,,,False,
760,wuxi,g00103x00177,wuxi_station_aad3ac73e857,2014-07,pending,,,,,,,,,,,,,,,,,False,
761,wuxi,g00105x00176,wuxi_station_2312e5cd9c5b,2014-07,pending,,,,,,,,,,,,,,,,,False,
762,wuxi,g00107x00176,wuxi_station_9d0cbcb1e415,2014-07,pending,,,,,,,,,,,,,,,,,False,
763,wuxi,g00110x00177,wuxi_station_6b04403de4d1,2014-07,pending,,,,,,,,,,,,,,,,,False,
764,wuxi,g00112x00176,wuxi_station_42369bc8a28b,2014-07,pending,,,,,,,,,,,,,,,,,False,
765,wuxi,g00114x00174,wuxi_station_1bb875b8cf79,2014-07,pending,,,,,,,,,,,,,,,,,False,
766,wuxi,g00115x00173,wuxi_station_988b7cb56c37,2014-07,pending,,,,,,,,,,,,,,,,,False,
767,wuxi,g00117x00173,wuxi_station_abe289901bb3,2014-07,pending,,,,,,,,,,,,,,,,,False,
768,wuxi,g00118x00173,wuxi_station_6f814ed3e476,2014-07,pending,,,,,,,,,,,,,,,,,False,
769,wuxi,g00120x00172,wuxi_station_57bdef4e5d22,2014-07,pending,,,,,,,,,,,,,,,,,False,
770,wuxi,g00121x00172,wuxi_station_39171b275573,2014-07,pending,,,,,,,,,,,,,,,,,False,
771,wuxi,g00123x00173,wuxi_station_232b2fca9782,2014-07,pending,,,,,,,,,,,,,,,,,False,
772,wuxi,g00125x00173,wuxi_station_c3a000817b07,2014-07,pending,,,,,,,,,,,,,,,,,False,
773,wuxi,g00127x00173,wuxi_station_1d2c25021ff9,2014-07,pending,,,,,,,,,,,,,,,,,False,
774,wuxi,g00131x00173,wuxi_station_2c767b5f187c,2014-07,pending,,,,,,,,,,,,,,,,,False,
775,wuxi,g00133x00173,wuxi_station_041880fdb80e,2014-07,pending,,,,,,,,,,,,,,,,,False,
776,wuxi,g00135x00173,wuxi_station_38663bdf096d,2014-07,pending,,,,,,,,,,,,,,,,,False,
777,wuxi,g00139x00175,wuxi_station_ea848ae10764,2014-07,pending,,,,,,,,,,,,,,,,,False,
778,wuxi,g00142x00175,wuxi_station_7f20056ec17c,2014-07,pending,,,,,,,,,,,,,,,,,False,
779,shanghai,g00163x00121,shanghai_station_3f70c74fc2e3,2014-07,pending,,,,,,,,,,,,,,,,,False,
780,shanghai,g00163x00122,shanghai_station_633bf3f584d2,2014-07,pending,,,,,,,,,,,,,,,,,False,
781,nanjing,g00224x00084,nanjing_station_e0e60580d760,2014-08,pending,,,,,,,,,,,,,,,,,False,
782,nanjing,g00227x00087,nanjing_station_31be31030912,2014-08,pending,,,,,,,,,,,,,,,,,False,
783,nanjing,g00232x00087,nanjing_station_c36cf6fd7703,2014-08,pending,,,,,,,,,,,,,,,,,False,
784,nanjing,g00238x00088,nanjing_station_a9e43c4f975d,2014-08,pending,,,,,,,,,,,,,,,,,False,
785,nanjing,g00240x00089,nanjing_station_13ee73e47c44,2014-08,pending,,,,,,,,,,,,,,,,,False,
786,nanjing,g00243x00091,nanjing_station_02896d05eb96,2014-08,pending,,,,,,,,,,,,,,,,,False,
787,nanjing,g00247x00093,nanjing_station_9ed77dd513eb,2014-08,pending,,,,,,,,,,,,,,,,,False,
788,nanjing,g00254x00097,nanjing_station_aa99b0b8f7ab,2014-08,pending,,,,,,,,,,,,,,,,,False,
789,nanjing,g00256x00099,nanjing_station_e1da312596d7,2014-08,pending,,,,,,,,,,,,,,,,,False,
790,nanjing,g00261x00103,nanjing_station_3d04bd44ccf1,2014-08,pending,,,,,,,,,,,,,,,,,False,
791,nanjing,g00264x00106,nanjing_station_f63897f19fbf,2014-08,pending,,,,,,,,,,,,,,,,,False,
792,nanjing,g00267x00109,nanjing_station_04737f3b8a73,2014-08,pending,,,,,,,,,,,,,,,,,False,
793,nanjing,g00270x00110,nanjing_station_5253ddb1e62f,2014-08,pending,,,,,,,,,,,,,,,,,False,
794,nanjing,g00272x00109,nanjing_station_1e4b1369e328,2014-08,pending,,,,,,,,,,,,,,,,,False,
795,nanjing,g00282x00119,nanjing_station_4d6847d24ef1,2014-08,pending,,,,,,,,,,,,,,,,,False,
796,nanjing,g00288x00126,nanjing_station_0b9e15059cf7,2014-08,pending,,,,,,,,,,,,,,,,,False,
797,nanjing,g00296x00130,nanjing_station_b1aa09918b57,2014-08,pending,,,,,,,,,,,,,,,,,False,
798,tianjin,g00147x00133,tianjin_station_7808bcff5ba4,2014-08,pending,,,,,,,,,,,,,,,,,False,
799,kunming,g00165x00134,kunming_station_2274f550eaa3,2014-09,pending,,,,,,,,,,,,,,,,,False,
800,wuhan,g00160x00113,wuhan_station_6041482534bf,2014-09,pending,,,,,,,,,,,,,,,,,False,
801,chongqing,g00338x00243,chongqing_station_67b3b10c8da6,2014-09,pending,,,,,,,,,,,,,,,,,False,
802,chongqing,g00352x00250,chongqing_station_31a23d04fe95,2014-09,pending,,,,,,,,,,,,,,,,,False,
803,chongqing,g00388x00238,chongqing_station_dc082a05261f,2014-09,pending,,,,,,,,,,,,,,,,,False,
804,chengdu,g00121x00267,chengdu_station_d95ce8044c27,2014-10,pending,,,,,,,,,,,,,,,,,False,
805,chengdu,g00123x00265,chengdu_station_3be2bb0b3109,2014-10,pending,,,,,,,,,,,,,,,,,False,
806,chengdu,g00124x00262,chengdu_station_2b359274ae1b,2014-10,pending,,,,,,,,,,,,,,,,,False,
807,chengdu,g00126x00259,chengdu_station_2e5820b86c5b,2014-10,pending,,,,,,,,,,,,,,,,,False,
808,chengdu,g00127x00256,chengdu_station_ff1883621605,2014-10,pending,,,,,,,,,,,,,,,,,False,
809,chengdu,g00128x00254,chengdu_station_1456b341aedf,2014-10,pending,,,,,,,,,,,,,,,,,False,
810,hangzhou,g00214x00400,hangzhou_station_0fb3e115a964,2014-11,pending,,,,,,,,,,,,,,,,,False,
811,hangzhou,g00217x00400,hangzhou_station_9776370f6942,2014-11,pending,,,,,,,,,,,,,,,,,False,
812,hangzhou,g00220x00400,hangzhou_station_2f3fd2ac73e6,2014-11,pending,,,,,,,,,,,,,,,,,False,
813,hangzhou,g00223x00400,hangzhou_station_ef2ede942100,2014-11,pending,,,,,,,,,,,,,,,,,False,
814,hangzhou,g00225x00400,hangzhou_station_56e3001a02ee,2014-11,pending,,,,,,,,,,,,,,,,,False,
815,hangzhou,g00227x00400,hangzhou_station_04f47d559a19,2014-11,pending,,,,,,,,,,,,,,,,,False,
816,hangzhou,g00230x00400,hangzhou_station_73ad7f34b29b,2014-11,pending,,,,,,,,,,,,,,,,,False,
817,hangzhou,g00233x00400,hangzhou_station_9a5ba5303783,2014-11,pending,,,,,,,,,,,,,,,,,False,
818,hangzhou,g00236x00401,hangzhou_station_14aff3a3857c,2014-11,pending,,,,,,,,,,,,,,,,,False,
819,hangzhou,g00239x00400,hangzhou_station_d2d3d5d84573,2014-11,pending,,,,,,,,,,,,,,,,,False,
820,chongqing,g00371x00248,chongqing_station_82411a0e7812,2014-11,pending,,,,,,,,,,,,,,,,,False,
821,beijing,g00109x00212,beijing_station_a480e8c4be63,2014-12,pending,,,,,,,,,,,,,,,,,False,
822,beijing,g00110x00211,beijing_station_62a703f31a9f,2014-12,pending,,,,,,,,,,,,,,,,,False,
823,beijing,g00111x00206,beijing_station_4f94cc24b0db,2014-12,pending,,,,,,,,,,,,,,,,,False,
824,beijing,g00113x00206,beijing_station_6cc5dd97121c,2014-12,pending,,,,,,,,,,,,,,,,,False,
825,beijing,g00116x00177,beijing_station_3dba5db29bac,2014-12,pending,,,,,,,,,,,,,,,,,False,
826,beijing,g00116x00178,beijing_station_7209bbf106bd,2014-12,pending,,,,,,,,,,,,,,,,,False,
827,beijing,g00116x00182,beijing_station_3584378d106e,2014-12,pending,,,,,,,,,,,,,,,,,False,
828,beijing,g00116x00186,beijing_station_de4284e9af8f,2014-12,pending,,,,,,,,,,,,,,,,,False,
829,beijing,g00116x00207,beijing_station_5391979b4d66,2014-12,pending,,,,,,,,,,,,,,,,,False,
830,beijing,g00117x00176,beijing_station_c25fdcc41b00,2014-12,pending,,,,,,,,,,,,,,,,,False,
831,beijing,g00117x00189,beijing_station_0735391b5e4b,2014-12,pending,,,,,,,,,,,,,,,,,False,
832,beijing,g00117x00190,beijing_station_95f76ac43348,2014-12,pending,,,,,,,,,,,,,,,,,False,
833,beijing,g00117x00195,beijing_station_6995eb4eb2ce,2014-12,pending,,,,,,,,,,,,,,,,,False,
834,beijing,g00117x00197,beijing_station_dbe885d337a9,2014-12,pending,,,,,,,,,,,,,,,,,False,
835,beijing,g00117x00203,beijing_station_0ab3545cc861,2014-12,pending,,,,,,,,,,,,,,,,,False,
836,beijing,g00117x00204,beijing_station_9707bb50d314,2014-12,pending,,,,,,,,,,,,,,,,,False,
837,beijing,g00117x00206,beijing_station_786376f32ac7,2014-12,pending,,,,,,,,,,,,,,,,,False,
838,beijing,g00119x00238,beijing_station_ed6387800311,2014-12,pending,,,,,,,,,,,,,,,,,False,
839,beijing,g00119x00243,beijing_station_22da931911dc,2014-12,pending,,,,,,,,,,,,,,,,,False,
840,beijing,g00119x00246,beijing_station_890ece9f3d53,2014-12,pending,,,,,,,,,,,,,,,,,False,
841,beijing,g00119x00248,beijing_station_4fdb404ff975,2014-12,pending,,,,,,,,,,,,,,,,,False,
842,beijing,g00122x00234,beijing_station_74717e1b9672,2014-12,pending,,,,,,,,,,,,,,,,,False,
843,beijing,g00124x00230,beijing_station_5c36fc5f2eaf,2014-12,pending,,,,,,,,,,,,,,,,,False,
844,beijing,g00128x00202,beijing_station_f76c7e18c0a1,2014-12,pending,,,,,,,,,,,,,,,,,False,
845,beijing,g00131x00204,beijing_station_14fe35e9d4f3,2014-12,pending,,,,,,,,,,,,,,,,,False,
846,beijing,g00134x00205,beijing_station_a4758192e307,2014-12,pending,,,,,,,,,,,,,,,,,False,
847,beijing,g00137x00203,beijing_station_c4102da03ab0,2014-12,pending,,,,,,,,,,,,,,,,,False,
848,beijing,g00139x00201,beijing_station_b626556e8676,2014-12,pending,,,,,,,,,,,,,,,,,False,
849,beijing,g00140x00201,beijing_station_478683b43931,2014-12,pending,,,,,,,,,,,,,,,,,False,
850,beijing,g00141x00179,beijing_station_64a4e6331094,2014-12,pending,,,,,,,,,,,,,,,,,False,
851,beijing,g00141x00181,beijing_station_de44f5fe391d,2014-12,pending,,,,,,,,,,,,,,,,,False,
852,beijing,g00141x00184,beijing_station_b5d0914df5e3,2014-12,pending,,,,,,,,,,,,,,,,,False,
853,beijing,g00141x00191,beijing_station_55bcf9a38f3f,2014-12,pending,,,,,,,,,,,,,,,,,False,
854,beijing,g00141x00194,beijing_station_63ca384ad457,2014-12,pending,,,,,,,,,,,,,,,,,False,
855,beijing,g00143x00201,beijing_station_128cdb2d40fa,2014-12,pending,,,,,,,,,,,,,,,,,False,
856,beijing,g00145x00201,beijing_station_242b48ca04c7,2014-12,pending,,,,,,,,,,,,,,,,,False,
857,beijing,g00147x00203,beijing_station_a96aabcbbe21,2014-12,pending,,,,,,,,,,,,,,,,,False,
858,shanghai,g00130x00161,shanghai_station_f8269e4257f4,2014-12,pending,,,,,,,,,,,,,,,,,False,
859,shanghai,g00142x00131,shanghai_station_94edab092988,2014-12,pending,,,,,,,,,,,,,,,,,False,
860,shanghai,g00144x00134,shanghai_station_8162b7ff106a,2014-12,pending,,,,,,,,,,,,,,,,,False,
861,wuhan,g00141x00140,wuhan_station_366f31b8a061,2014-12,pending,,,,,,,,,,,,,,,,,False,
862,wuhan,g00143x00133,wuhan_station_28fdec4096e2,2014-12,pending,,,,,,,,,,,,,,,,,False,
863,wuhan,g00145x00130,wuhan_station_819c3aac63ae,2014-12,pending,,,,,,,,,,,,,,,,,False,
864,wuhan,g00146x00126,wuhan_station_219dbd92e91d,2014-12,pending,,,,,,,,,,,,,,,,,False,
865,wuhan,g00146x00128,wuhan_station_e70b57e36414,2014-12,pending,,,,,,,,,,,,,,,,,False,
866,wuhan,g00147x00123,wuhan_station_006ad1719f3d,2014-12,pending,,,,,,,,,,,,,,,,,False,
867,wuhan,g00148x00109,wuhan_station_78e1eacca542,2014-12,pending,,,,,,,,,,,,,,,,,False,
868,wuhan,g00148x00120,wuhan_station_635cccf4800f,2014-12,pending,,,,,,,,,,,,,,,,,False,
869,wuhan,g00148x00122,wuhan_station_df4406579aa5,2014-12,pending,,,,,,,,,,,,,,,,,False,
870,wuhan,g00149x00115,wuhan_station_b40cb6276287,2014-12,pending,,,,,,,,,,,,,,,,,False,
871,wuhan,g00149x00118,wuhan_station_8a9ae8c74b1a,2014-12,pending,,,,,,,,,,,,,,,,,False,
872,wuxi,g00115x00157,wuxi_station_ee1a5134c1d0,2014-12,pending,,,,,,,,,,,,,,,,,False,
873,wuxi,g00116x00160,wuxi_station_966811289913,2014-12,pending,,,,,,,,,,,,,,,,,False,
874,wuxi,g00116x00162,wuxi_station_66dd20dd37ea,2014-12,pending,,,,,,,,,,,,,,,,,False,
875,wuxi,g00117x00165,wuxi_station_c92f95a9c6d9,2014-12,pending,,,,,,,,,,,,,,,,,False,
876,wuxi,g00117x00167,wuxi_station_a12414517028,2014-12,pending,,,,,,,,,,,,,,,,,False,
877,wuxi,g00118x00169,wuxi_station_fc1dc7193358,2014-12,pending,,,,,,,,,,,,,,,,,False,
878,wuxi,g00119x00170,wuxi_station_fed7c705fde0,2014-12,pending,,,,,,,,,,,,,,,,,False,
879,wuxi,g00120x00174,wuxi_station_ad1c6f3f86df,2014-12,pending,,,,,,,,,,,,,,,,,False,
880,wuxi,g00120x00187,wuxi_station_530ea5260fcc,2014-12,pending,,,,,,,,,,,,,,,,,False,
881,wuxi,g00120x00190,wuxi_station_388b4f997e45,2014-12,pending,,,,,,,,,,,,,,,,,False,
882,wuxi,g00120x00193,wuxi_station_fec00a747ba7,2014-12,pending,,,,,,,,,,,,,,,,,False,
883,wuxi,g00120x00197,wuxi_station_2a7f0e74d75a,2014-12,pending,,,,,,,,,,,,,,,,,False,
884,wuxi,g00121x00176,wuxi_station_89654f61b4e2,2014-12,pending,,,,,,,,,,,,,,,,,False,
885,wuxi,g00121x00178,wuxi_station_596d1a0eb1da,2014-12,pending,,,,,,,,,,,,,,,,,False,
886,wuxi,g00121x00184,wuxi_station_035503d80253,2014-12,pending,,,,,,,,,,,,,,,,,False,
887,wuxi,g00122x00180,wuxi_station_689b3a28823c,2014-12,pending,,,,,,,,,,,,,,,,,False,
888,wuxi,g00122x00182,wuxi_station_c7012a2f0ce6,2014-12,pending,,,,,,,,,,,,,,,,,False,
889,chongqing,g00291x00255,chongqing_station_c1ca8b785196,2014-12,pending,,,,,,,,,,,,,,,,,False,
890,chongqing,g00293x00254,chongqing_station_6184c052d222,2014-12,pending,,,,,,,,,,,,,,,,,False,
891,chongqing,g00300x00253,chongqing_station_a33248812b1d,2014-12,pending,,,,,,,,,,,,,,,,,False,
892,chongqing,g00302x00251,chongqing_station_29b5b9c1683b,2014-12,pending,,,,,,,,,,,,,,,,,False,
893,chongqing,g00305x00249,chongqing_station_dd5776539b53,2014-12,pending,,,,,,,,,,,,,,,,,False,
894,chongqing,g00307x00249,chongqing_station_6cd0dfb50437,2014-12,pending,,,,,,,,,,,,,,,,,False,
895,chongqing,g00311x00248,chongqing_station_c088091f6678,2014-12,pending,,,,,,,,,,,,,,,,,False,
896,chongqing,g00316x00281,chongqing_station_69bf08b1c4ce,2014-12,pending,,,,,,,,,,,,,,,,,False,
897,chongqing,g00318x00283,chongqing_station_296b29b52d3a,2014-12,pending,,,,,,,,,,,,,,,,,False,
898,chongqing,g00321x00284,chongqing_station_744182496c3d,2014-12,pending,,,,,,,,,,,,,,,,,False,
899,chongqing,g00324x00284,chongqing_station_200f4b1c5847,2014-12,pending,,,,,,,,,,,,,,,,,False,
900,chongqing,g00334x00268,chongqing_station_3a049bc15518,2014-12,pending,,,,,,,,,,,,,,,,,False,
901,chongqing,g00342x00213,chongqing_station_5faf5ca453f7,2014-12,pending,,,,,,,,,,,,,,,,,False,
902,guangzhou,g00142x00098,guangzhou_station_8f931945e772,2014-12,pending,,,,,,,,,,,,,,,,,False,
903,guangzhou,g00142x00099,guangzhou_station_cb653c7eec1b,2014-12,pending,,,,,,,,,,,,,,,,,False,
904,guangzhou,g00142x00101,guangzhou_station_cbf562e97a94,2014-12,pending,,,,,,,,,,,,,,,,,False,
905,guangzhou,g00142x00102,guangzhou_station_0b2770112cf9,2014-12,pending,,,,,,,,,,,,,,,,,False,
906,guangzhou,g00143x00079,guangzhou_station_94a536fc614b,2015-01,pending,,,,,,,,,,,,,,,,,False,
907,hangzhou,g00241x00389,hangzhou_station_f13bd144db1f,2015-02,pending,,,,,,,,,,,,,,,,,False,
908,hangzhou,g00242x00390,hangzhou_station_42ebf2e1c40c,2015-02,pending,,,,,,,,,,,,,,,,,False,
909,hangzhou,g00243x00391,hangzhou_station_fe1609f1bc1d,2015-02,pending,,,,,,,,,,,,,,,,,False,
910,hangzhou,g00247x00389,hangzhou_station_4f3da9cc6ecd,2015-02,pending,,,,,,,,,,,,,,,,,False,
911,hangzhou,g00251x00389,hangzhou_station_f21e5488d83e,2015-02,pending,,,,,,,,,,,,,,,,,False,
912,chongqing,g00356x00255,chongqing_station_dee3ab273313,2015-02,pending,,,,,,,,,,,,,,,,,False,
913,chongqing,g00358x00259,chongqing_station_9303e187d85a,2015-02,pending,,,,,,,,,,,,,,,,,False,
914,nanjing,g00163x00107,nanjing_station_3b2f3205ffec,2015-04,pending,,,,,,,,,,,,,,,,,False,
915,nanjing,g00169x00107,nanjing_station_d7730ca634ed,2015-04,pending,,,,,,,,,,,,,,,,,False,
916,nanjing,g00172x00107,nanjing_station_28b9edcc9c3a,2015-04,pending,,,,,,,,,,,,,,,,,False,
917,nanjing,g00173x00105,nanjing_station_04724e2955e3,2015-04,pending,,,,,,,,,,,,,,,,,False,
918,nanjing,g00176x00103,nanjing_station_d2a2271a9ea2,2015-04,pending,,,,,,,,,,,,,,,,,False,
919,nanjing,g00180x00102,nanjing_station_250333ca7e6b,2015-04,pending,,,,,,,,,,,,,,,,,False,
920,nanjing,g00183x00102,nanjing_station_318373b384dc,2015-04,pending,,,,,,,,,,,,,,,,,False,
921,nanjing,g00187x00101,nanjing_station_c35492aa6116,2015-04,pending,,,,,,,,,,,,,,,,,False,
922,nanjing,g00189x00101,nanjing_station_4618ff950122,2015-04,pending,,,,,,,,,,,,,,,,,False,
923,nanjing,g00191x00100,nanjing_station_c981c7b3368b,2015-04,pending,,,,,,,,,,,,,,,,,False,
924,nanjing,g00195x00100,nanjing_station_6be9ca59f977,2015-04,pending,,,,,,,,,,,,,,,,,False,
925,nanjing,g00197x00099,nanjing_station_fc42fd81bbbf,2015-04,pending,,,,,,,,,,,,,,,,,False,
926,nanjing,g00199x00099,nanjing_station_59d7771eb89d,2015-04,pending,,,,,,,,,,,,,,,,,False,
927,nanjing,g00209x00102,nanjing_station_bda1949fc4ef,2015-04,pending,,,,,,,,,,,,,,,,,False,
928,nanjing,g00213x00098,nanjing_station_c35c1b5f9f2b,2015-04,pending,,,,,,,,,,,,,,,,,False,
929,nanjing,g00216x00096,nanjing_station_db12098d2279,2015-04,pending,,,,,,,,,,,,,,,,,False,
930,nanjing,g00222x00091,nanjing_station_c85594246351,2015-04,pending,,,,,,,,,,,,,,,,,False,
931,nanjing,g00225x00088,nanjing_station_5cc4b5cddade,2015-04,pending,,,,,,,,,,,,,,,,,False,
932,nanjing,g00226x00083,nanjing_station_9f63962887da,2015-04,pending,,,,,,,,,,,,,,,,,False,
933,nanjing,g00227x00081,nanjing_station_f6d68882eaad,2015-04,pending,,,,,,,,,,,,,,,,,False,
934,nanjing,g00228x00076,nanjing_station_ad8a1df724ee,2015-04,pending,,,,,,,,,,,,,,,,,False,
935,dalian,g00059x00107,dalian_station_4b597357650e,2015-05,pending,,,,,,,,,,,,,,,,,False,
936,dalian,g00059x00111,dalian_station_bacc8eafa94e,2015-05,pending,,,,,,,,,,,,,,,,,False,
937,dalian,g00060x00105,dalian_station_f2a0429892de,2015-05,pending,,,,,,,,,,,,,,,,,False,
938,dalian,g00060x00109,dalian_station_13e69688087e,2015-05,pending,,,,,,,,,,,,,,,,,False,
939,dalian,g00060x00113,dalian_station_df38fb807561,2015-05,pending,,,,,,,,,,,,,,,,,False,
940,dalian,g00061x00103,dalian_station_12cabdc6fe97,2015-05,pending,,,,,,,,,,,,,,,,,False,
941,dalian,g00061x00115,dalian_station_9f4274043590,2015-05,pending,,,,,,,,,,,,,,,,,False,
942,dalian,g00061x00116,dalian_station_49e5898fa794,2015-05,pending,,,,,,,,,,,,,,,,,False,
943,dalian,g00062x00117,dalian_station_18ed41f9c2aa,2015-05,pending,,,,,,,,,,,,,,,,,False,
944,dalian,g00062x00123,dalian_station_6a905f535745,2015-05,pending,,,,,,,,,,,,,,,,,False,
945,dalian,g00063x00098,dalian_station_e54f1db60c83,2015-05,pending,,,,,,,,,,,,,,,,,False,
946,dalian,g00063x00099,dalian_station_6a1715e86e22,2015-05,pending,,,,,,,,,,,,,,,,,False,
947,dalian,g00069x00100,dalian_station_a8c46ab92ad5,2015-05,pending,,,,,,,,,,,,,,,,,False,
948,dalian,g00071x00099,dalian_station_e39b7498beac,2015-05,pending,,,,,,,,,,,,,,,,,False,
949,hangzhou,g00249x00389,hangzhou_station_82736d71f6b6,2015-06,pending,,,,,,,,,,,,,,,,,False,
950,chengdu,g00110x00230,chengdu_station_185ba3fa4f9f,2015-07,pending,,,,,,,,,,,,,,,,,False,
951,chengdu,g00111x00229,chengdu_station_8210c0053790,2015-07,pending,,,,,,,,,,,,,,,,,False,
952,chengdu,g00113x00229,chengdu_station_5f9189ca449e,2015-07,pending,,,,,,,,,,,,,,,,,False,
953,chengdu,g00116x00229,chengdu_station_a0a86d16f90d,2015-07,pending,,,,,,,,,,,,,,,,,False,
954,chengdu,g00118x00229,chengdu_station_a5f69868fbd6,2015-07,pending,,,,,,,,,,,,,,,,,False,
955,ningbo,g00251x00138,ningbo_station_da7390d98566,2015-09,pending,,,,,,,,,,,,,,,,,False,
956,ningbo,g00253x00134,ningbo_station_5bc66e4128a3,2015-09,pending,,,,,,,,,,,,,,,,,False,
957,ningbo,g00258x00144,ningbo_station_a75eb5720d11,2015-09,pending,,,,,,,,,,,,,,,,,False,
958,ningbo,g00260x00144,ningbo_station_034579e8acfc,2015-09,pending,,,,,,,,,,,,,,,,,False,
959,ningbo,g00262x00146,ningbo_station_845b4ef56609,2015-09,pending,,,,,,,,,,,,,,,,,False,
960,ningbo,g00264x00151,ningbo_station_b82a3f657d43,2015-09,pending,,,,,,,,,,,,,,,,,False,
961,ningbo,g00271x00154,ningbo_station_7eb3d26fc2bc,2015-09,pending,,,,,,,,,,,,,,,,,False,
962,ningbo,g00272x00156,ningbo_station_73b47ceef776,2015-09,pending,,,,,,,,,,,,,,,,,False,
963,ningbo,g00274x00167,ningbo_station_1ee45151ee9a,2015-09,pending,,,,,,,,,,,,,,,,,False,
964,ningbo,g00276x00173,ningbo_station_e06dc5983415,2015-09,pending,,,,,,,,,,,,,,,,,False,
965,nanjing,g00218x00095,nanjing_station_5eacb7378096,2015-10,pending,,,,,,,,,,,,,,,,,False,
966,chongqing,g00363x00258,chongqing_station_2e2257f81344,2015-10,pending,,,,,,,,,,,,,,,,,False,
967,chongqing,g00367x00252,chongqing_station_e59312b46a87,2015-10,pending,,,,,,,,,,,,,,,,,False,
968,dalian,g00057x00107,dalian_station_060b44fdb9dc,2015-10,pending,,,,,,,,,,,,,,,,,False,
969,dalian,g00061x00108,dalian_station_aa130026cbd1,2015-10,pending,,,,,,,,,,,,,,,,,False,
970,dalian,g00062x00108,dalian_station_3fab3b113b63,2015-10,pending,,,,,,,,,,,,,,,,,False,
971,dalian,g00064x00108,dalian_station_7c3ac2134859,2015-10,pending,,,,,,,,,,,,,,,,,False,
972,dalian,g00065x00106,dalian_station_536f4ce47fa4,2015-10,pending,,,,,,,,,,,,,,,,,False,
973,dalian,g00069x00106,dalian_station_e60ff2e4026f,2015-10,pending,,,,,,,,,,,,,,,,,False,
974,dalian,g00075x00107,dalian_station_6a34ae57b912,2015-10,pending,,,,,,,,,,,,,,,,,False,
975,dalian,g00077x00107,dalian_station_1f33e242c201,2015-10,pending,,,,,,,,,,,,,,,,,False,
976,dalian,g00081x00109,dalian_station_ed3fe09a1b11,2015-10,pending,,,,,,,,,,,,,,,,,False,
977,dalian,g00084x00113,dalian_station_d45743618413,2015-10,pending,,,,,,,,,,,,,,,,,False,
978,hangzhou,g00250x00423,hangzhou_station_a058fcede73c,2015-11,pending,,,,,,,,,,,,,,,,,False,
979,hangzhou,g00254x00423,hangzhou_station_c1b8d36fc9b0,2015-11,pending,,,,,,,,,,,,,,,,,False,
980,hangzhou,g00256x00422,hangzhou_station_caaf702f9aae,2015-11,pending,,,,,,,,,,,,,,,,,False,
981,qingdao,g00161x00185,qingdao_station_ba05abc95636,2015-12,pending,,,,,,,,,,,,,,,,,False,
982,qingdao,g00162x00186,qingdao_station_63fbb01ecead,2015-12,pending,,,,,,,,,,,,,,,,,False,
983,qingdao,g00166x00190,qingdao_station_c98f3c94732f,2015-12,pending,,,,,,,,,,,,,,,,,False,
984,qingdao,g00168x00190,qingdao_station_3f6111602526,2015-12,pending,,,,,,,,,,,,,,,,,False,
985,qingdao,g00171x00190,qingdao_station_fd302ff49f95,2015-12,pending,,,,,,,,,,,,,,,,,False,
986,qingdao,g00172x00188,qingdao_station_5a112cd3c8c7,2015-12,pending,,,,,,,,,,,,,,,,,False,
987,qingdao,g00174x00184,qingdao_station_f35879fca11a,2015-12,pending,,,,,,,,,,,,,,,,,False,
988,shanghai,g00119x00167,shanghai_station_9c13486ea1d5,2015-12,pending,,,,,,,,,,,,,,,,,False,
989,shanghai,g00120x00119,shanghai_station_15cec1e7af57,2015-12,pending,,,,,,,,,,,,,,,,,False,
990,shanghai,g00121x00164,shanghai_station_b243a7530326,2015-12,pending,,,,,,,,,,,,,,,,,False,
991,shanghai,g00122x00122,shanghai_station_9755887d4720,2015-12,pending,,,,,,,,,,,,,,,,,False,
992,shanghai,g00122x00124,shanghai_station_10b16db45e91,2015-12,pending,,,,,,,,,,,,,,,,,False,
993,shanghai,g00126x00124,shanghai_station_20ffe5a49c3a,2015-12,pending,,,,,,,,,,,,,,,,,False,
994,shanghai,g00127x00125,shanghai_station_7c5d181f00b1,2015-12,pending,,,,,,,,,,,,,,,,,False,
995,shanghai,g00127x00128,shanghai_station_dcf56cb301f2,2015-12,pending,,,,,,,,,,,,,,,,,False,
996,shanghai,g00128x00132,shanghai_station_effd28fe239c,2015-12,pending,,,,,,,,,,,,,,,,,False,
997,shanghai,g00129x00134,shanghai_station_8d27fed43c45,2015-12,pending,,,,,,,,,,,,,,,,,False,
998,shanghai,g00129x00136,shanghai_station_3b410ca725a7,2015-12,pending,,,,,,,,,,,,,,,,,False,
999,shanghai,g00132x00137,shanghai_station_1969cc05ddc7,2015-12,pending,,,,,,,,,,,,,,,,,False,
1000,shanghai,g00134x00138,shanghai_station_6bb21ae7ae6d,2015-12,pending,,,,,,,,,,,,,,,,,False,
1001,shanghai,g00136x00138,shanghai_station_28a28a2978e7,2015-12,pending,,,,,,,,,,,,,,,,,False,
1002,shanghai,g00139x00137,shanghai_station_4947bfc9ed73,2015-12,pending,,,,,,,,,,,,,,,,,False,
1003,shanghai,g00139x00141,shanghai_station_b04237ee7247,2015-12,pending,,,,,,,,,,,,,,,,,False,
1004,shanghai,g00140x00138,shanghai_station_6e5ed9207cac,2015-12,pending,,,,,,,,,,,,,,,,,False,
1005,shanghai,g00142x00138,shanghai_station_d47d769f4bc2,2015-12,pending,,,,,,,,,,,,,,,,,False,
1006,shanghai,g00143x00138,shanghai_station_7def3c6b2755,2015-12,pending,,,,,,,,,,,,,,,,,False,
1007,shanghai,g00145x00135,shanghai_station_88e16b2bd299,2015-12,pending,,,,,,,,,,,,,,,,,False,
1008,shanghai,g00145x00137,shanghai_station_e60b5845e776,2015-12,pending,,,,,,,,,,,,,,,,,False,
1009,beijing,g00111x00191,beijing_station_8fe147339587,2015-12,pending,,,,,,,,,,,,,,,,,False,
1010,beijing,g00111x00196,beijing_station_9cf18494d947,2015-12,pending,,,,,,,,,,,,,,,,,False,
1011,beijing,g00113x00202,beijing_station_106659be1dc1,2015-12,pending,,,,,,,,,,,,,,,,,False,
1012,beijing,g00131x00188,beijing_station_b780f3b69011,2015-12,pending,,,,,,,,,,,,,,,,,False,
1013,beijing,g00190x00161,beijing_station_229e3775f1e5,2015-12,pending,,,,,,,,,,,,,,,,,False,
1014,beijing,g00190x00166,beijing_station_710c3ca8378f,2015-12,pending,,,,,,,,,,,,,,,,,False,
1015,beijing,g00190x00169,beijing_station_636a1b7d4e35,2015-12,pending,,,,,,,,,,,,,,,,,False,
1016,beijing,g00194x00157,beijing_station_b0127179be45,2015-12,pending,,,,,,,,,,,,,,,,,False,
1017,beijing,g00195x00155,beijing_station_e75653d2ecc7,2015-12,pending,,,,,,,,,,,,,,,,,False,
1018,chengdu,g00139x00238,chengdu_station_19637611ee08,2015-12,pending,,,,,,,,,,,,,,,,,False,
1019,chengdu,g00143x00232,chengdu_station_b21d3056427d,2015-12,pending,,,,,,,,,,,,,,,,,False,
1020,chengdu,g00144x00225,chengdu_station_b06543a7c883,2015-12,pending,,,,,,,,,,,,,,,,,False,
1021,chengdu,g00144x00230,chengdu_station_4881fb85830b,2015-12,pending,,,,,,,,,,,,,,,,,False,
1022,chengdu,g00145x00205,chengdu_station_949cf24be991,2015-12,pending,,,,,,,,,,,,,,,,,False,
1023,chengdu,g00145x00219,chengdu_station_b0ab6119267d,2015-12,pending,,,,,,,,,,,,,,,,,False,
1024,chengdu,g00145x00221,chengdu_station_ce9ccc8c6824,2015-12,pending,,,,,,,,,,,,,,,,,False,
1025,chengdu,g00146x00201,chengdu_station_b9f04d72cd36,2015-12,pending,,,,,,,,,,,,,,,,,False,
1026,chengdu,g00146x00209,chengdu_station_f8c9227ee116,2015-12,pending,,,,,,,,,,,,,,,,,False,
1027,chengdu,g00146x00216,chengdu_station_39770ac6b00f,2015-12,pending,,,,,,,,,,,,,,,,,False,
1028,nanchang,g00132x00138,nanchang_station_ccbf6d9b339b,2015-12,pending,,,,,,,,,,,,,,,,,False,
1029,nanchang,g00133x00107,nanchang_station_8491527da7c5,2015-12,pending,,,,,,,,,,,,,,,,,False,
1030,nanchang,g00133x00109,nanchang_station_c41dbc3f7fb0,2015-12,pending,,,,,,,,,,,,,,,,,False,
1031,nanchang,g00133x00110,nanchang_station_44d38ccd34c4,2015-12,pending,,,,,,,,,,,,,,,,,False,
1032,nanchang,g00133x00112,nanchang_station_261285d188c4,2015-12,pending,,,,,,,,,,,,,,,,,False,
1033,nanchang,g00133x00114,nanchang_station_4f181f213398,2015-12,pending,,,,,,,,,,,,,,,,,False,
1034,nanchang,g00133x00116,nanchang_station_9d9544cbe5c8,2015-12,pending,,,,,,,,,,,,,,,,,False,
1035,nanchang,g00133x00118,nanchang_station_3c812ee65ad3,2015-12,pending,,,,,,,,,,,,,,,,,False,
1036,nanchang,g00133x00119,nanchang_station_44dba25c4a3e,2015-12,pending,,,,,,,,,,,,,,,,,False,
1037,nanchang,g00133x00121,nanchang_station_520f56c9ac77,2015-12,pending,,,,,,,,,,,,,,,,,False,
1038,nanchang,g00133x00123,nanchang_station_ee4d0dab8456,2015-12,pending,,,,,,,,,,,,,,,,,False,
1039,nanchang,g00133x00126,nanchang_station_1c50f2573fb2,2015-12,pending,,,,,,,,,,,,,,,,,False,
1040,nanchang,g00133x00130,nanchang_station_4357ed05a929,2015-12,pending,,,,,,,,,,,,,,,,,False,
1041,nanchang,g00133x00133,nanchang_station_66fe1188677e,2015-12,pending,,,,,,,,,,,,,,,,,False,
1042,nanchang,g00133x00136,nanchang_station_d098b67abe22,2015-12,pending,,,,,,,,,,,,,,,,,False,
1043,nanchang,g00134x00104,nanchang_station_18f1b33adc43,2015-12,pending,,,,,,,,,,,,,,,,,False,
1044,nanchang,g00135x00102,nanchang_station_296ab6c1096c,2015-12,pending,,,,,,,,,,,,,,,,,False,
1045,nanchang,g00137x00102,nanchang_station_9a9bbd72daf0,2015-12,pending,,,,,,,,,,,,,,,,,False,
1046,nanchang,g00138x00103,nanchang_station_75a92d3c1668,2015-12,pending,,,,,,,,,,,,,,,,,False,
1047,nanchang,g00139x00105,nanchang_station_dd3c3a0a5929,2015-12,pending,,,,,,,,,,,,,,,,,False,
1048,nanchang,g00140x00107,nanchang_station_ee586397680c,2015-12,pending,,,,,,,,,,,,,,,,,False,
1049,nanchang,g00142x00108,nanchang_station_603220478efb,2015-12,pending,,,,,,,,,,,,,,,,,False,
1050,nanchang,g00146x00103,nanchang_station_f5fb110aea10,2015-12,pending,,,,,,,,,,,,,,,,,False,
1051,nanchang,g00148x00104,nanchang_station_f889582e6b1b,2015-12,pending,,,,,,,,,,,,,,,,,False,
1052,changsha,g00097x00212,changsha_station_fe9826d71897,2015-12,pending,,,,,,,,,,,,,,,,,False,
1053,changsha,g00098x00214,changsha_station_990a6210c835,2015-12,pending,,,,,,,,,,,,,,,,,False,
1054,changsha,g00099x00216,changsha_station_dc6c61078875,2015-12,pending,,,,,,,,,,,,,,,,,False,
1055,changsha,g00100x00218,changsha_station_e3cc7b12de98,2015-12,pending,,,,,,,,,,,,,,,,,False,
1056,guangzhou,g00134x00076,guangzhou_station_533cab902b66,2015-12,pending,,,,,,,,,,,,,,,,,False,
1057,guangzhou,g00135x00082,guangzhou_station_9dc7c109db71,2015-12,pending,,,,,,,,,,,,,,,,,False,
1058,guangzhou,g00137x00077,guangzhou_station_03f128120435,2015-12,pending,,,,,,,,,,,,,,,,,False,
1059,wuhan,g00132x00111,wuhan_station_631e0df86c20,2015-12,pending,,,,,,,,,,,,,,,,,False,
1060,wuhan,g00135x00114,wuhan_station_c5b4b1d7c814,2015-12,pending,,,,,,,,,,,,,,,,,False,
1061,wuhan,g00138x00116,wuhan_station_3363b177d68f,2015-12,pending,,,,,,,,,,,,,,,,,False,
1062,wuhan,g00140x00117,wuhan_station_945356847d34,2015-12,pending,,,,,,,,,,,,,,,,,False,
1063,wuhan,g00142x00119,wuhan_station_63406e431c7e,2015-12,pending,,,,,,,,,,,,,,,,,False,
1064,wuhan,g00144x00120,wuhan_station_27a844ec7c11,2015-12,pending,,,,,,,,,,,,,,,,,False,
1065,wuhan,g00146x00121,wuhan_station_f118ff18f48a,2015-12,pending,,,,,,,,,,,,,,,,,False,
1066,wuhan,g00152x00125,wuhan_station_de36ba4d44ff,2015-12,pending,,,,,,,,,,,,,,,,,False,
1067,wuhan,g00153x00126,wuhan_station_5576bc368359,2015-12,pending,,,,,,,,,,,,,,,,,False,
1068,wuhan,g00157x00130,wuhan_station_9a001aa660ad,2015-12,pending,,,,,,,,,,,,,,,,,False,
1069,wuhan,g00157x00134,wuhan_station_76f0adb3b1d0,2015-12,pending,,,,,,,,,,,,,,,,,False,
1070,wuhan,g00158x00132,wuhan_station_96716d9089f3,2015-12,pending,,,,,,,,,,,,,,,,,False,
1071,wuhan,g00159x00138,wuhan_station_7356e925d68a,2015-12,pending,,,,,,,,,,,,,,,,,False,
1072,wuhan,g00161x00140,wuhan_station_e915777ffa5e,2015-12,pending,,,,,,,,,,,,,,,,,False,
1073,wuhan,g00162x00141,wuhan_station_be173fff7ba0,2015-12,pending,,,,,,,,,,,,,,,,,False,
1074,wuhan,g00165x00140,wuhan_station_777ca7d20111,2015-12,pending,,,,,,,,,,,,,,,,,False,
1075,wuhan,g00169x00139,wuhan_station_5edecbb51275,2015-12,pending,,,,,,,,,,,,,,,,,False,
1076,chongqing,g00335x00267,chongqing_station_daaba04c179c,2016-01,pending,,,,,,,,,,,,,,,,,False,
1077,ningbo,g00257x00178,ningbo_station_dc61eac70bc0,2016-03,pending,,,,,,,,,,,,,,,,,False,
1078,ningbo,g00257x00186,ningbo_station_65012870a212,2016-03,pending,,,,,,,,,,,,,,,,,False,
1079,ningbo,g00269x00198,ningbo_station_a547ae4c0977,2016-03,pending,,,,,,,,,,,,,,,,,False,
1080,ningbo,g00269x00205,ningbo_station_c76c1d78ea2a,2016-03,pending,,,,,,,,,,,,,,,,,False,
1081,ningbo,g00272x00201,ningbo_station_cd1545eb4f55,2016-03,pending,,,,,,,,,,,,,,,,,False,
1082,shanghai,g00122x00177,shanghai_station_d71cc4770cc4,2016-04,pending,,,,,,,,,,,,,,,,,False,
1083,hangzhou,g00241x00396,hangzhou_station_15a85709f4a2,2016-04,pending,,,,,,,,,,,,,,,,,False,
1084,fuzhou,g00220x00218,fuzhou_station_4b1ecb676c2e,2016-05,pending,,,,,,,,,,,,,,,,,False,
1085,fuzhou,g00220x00220,fuzhou_station_f2c907bc418e,2016-05,pending,,,,,,,,,,,,,,,,,False,
1086,fuzhou,g00221x00215,fuzhou_station_f61f079d1a69,2016-05,pending,,,,,,,,,,,,,,,,,False,
1087,fuzhou,g00223x00214,fuzhou_station_dea04626eec4,2016-05,pending,,,,,,,,,,,,,,,,,False,
1088,fuzhou,g00224x00212,fuzhou_station_0731f58d389a,2016-05,pending,,,,,,,,,,,,,,,,,False,
1089,fuzhou,g00226x00211,fuzhou_station_50688424ca1e,2016-05,pending,,,,,,,,,,,,,,,,,False,
1090,fuzhou,g00227x00210,fuzhou_station_88363cb5cbf1,2016-05,pending,,,,,,,,,,,,,,,,,False,
1091,fuzhou,g00229x00208,fuzhou_station_e459819dda7b,2016-05,pending,,,,,,,,,,,,,,,,,False,
1092,fuzhou,g00231x00207,fuzhou_station_143824413b48,2016-05,pending,,,,,,,,,,,,,,,,,False,
1093,dongguan,g00105x00070,dongguan_station_c82f653730c5,2016-05,pending,,,,,,,,,,,,,,,,,False,
1094,dongguan,g00108x00071,dongguan_station_09a36aecb05b,2016-05,pending,,,,,,,,,,,,,,,,,False,
1095,dongguan,g00111x00073,dongguan_station_e31e47a1c681,2016-05,pending,,,,,,,,,,,,,,,,,False,
1096,dongguan,g00117x00087,dongguan_station_898252d7b48b,2016-05,pending,,,,,,,,,,,,,,,,,False,
1097,changsha,g00070x00235,changsha_station_e4434f02a3fd,2016-06,pending,,,,,,,,,,,,,,,,,False,
1098,changsha,g00072x00234,changsha_station_2a4f7a77f30c,2016-06,pending,,,,,,,,,,,,,,,,,False,
1099,changsha,g00074x00234,changsha_station_52b134b67147,2016-06,pending,,,,,,,,,,,,,,,,,False,
1100,changsha,g00078x00234,changsha_station_eb25991d00c1,2016-06,pending,,,,,,,,,,,,,,,,,False,
1101,changsha,g00083x00233,changsha_station_58155d1529a3,2016-06,pending,,,,,,,,,,,,,,,,,False,
1102,changsha,g00090x00233,changsha_station_08e93b504d1a,2016-06,pending,,,,,,,,,,,,,,,,,False,
1103,changsha,g00091x00233,changsha_station_87ff263f9d33,2016-06,pending,,,,,,,,,,,,,,,,,False,
1104,changsha,g00093x00233,changsha_station_39dec509297b,2016-06,pending,,,,,,,,,,,,,,,,,False,
1105,changsha,g00094x00232,changsha_station_3ae3d5eeb60d,2016-06,pending,,,,,,,,,,,,,,,,,False,
1106,changsha,g00096x00231,changsha_station_d14c3bed3434,2016-06,pending,,,,,,,,,,,,,,,,,False,
1107,changsha,g00101x00231,changsha_station_1d08d77b8ddc,2016-06,pending,,,,,,,,,,,,,,,,,False,
1108,changsha,g00103x00231,changsha_station_62e21c87622e,2016-06,pending,,,,,,,,,,,,,,,,,False,
1109,changsha,g00108x00232,changsha_station_e411a411f915,2016-06,pending,,,,,,,,,,,,,,,,,False,
1110,changsha,g00112x00233,changsha_station_65d93ac7d47d,2016-06,pending,,,,,,,,,,,,,,,,,False,
1111,changsha,g00114x00232,changsha_station_0657c38512c9,2016-06,pending,,,,,,,,,,,,,,,,,False,
1112,nanning,g00149x00240,nanning_station_19c8878e4b8b,2016-06,pending,,,,,,,,,,,,,,,,,False,
1113,nanning,g00149x00242,nanning_station_051a3ae41178,2016-06,pending,,,,,,,,,,,,,,,,,False,
1114,nanning,g00149x00243,nanning_station_225d75a94907,2016-06,pending,,,,,,,,,,,,,,,,,False,
1115,nanning,g00149x00246,nanning_station_229384dc3d6b,2016-06,pending,,,,,,,,,,,,,,,,,False,
1116,nanning,g00150x00236,nanning_station_f7f997e435c4,2016-06,pending,,,,,,,,,,,,,,,,,False,
1117,nanning,g00150x00249,nanning_station_6f3140131187,2016-06,pending,,,,,,,,,,,,,,,,,False,
1118,nanning,g00153x00249,nanning_station_ef5f0c3be082,2016-06,pending,,,,,,,,,,,,,,,,,False,
1119,nanning,g00155x00247,nanning_station_f8b8b4bff912,2016-06,pending,,,,,,,,,,,,,,,,,False,
1120,shenzhen,g00181x00064,shenzhen_station_928471c40101,2016-06,pending,,,,,,,,,,,,,,,,,False,
1121,shenzhen,g00197x00050,shenzhen_station_4c64a18770de,2016-06,pending,,,,,,,,,,,,,,,,,False,
1122,shenzhen,g00211x00050,shenzhen_station_68d8db03e6e4,2016-06,pending,,,,,,,,,,,,,,,,,False,
1123,shenzhen,g00214x00052,shenzhen_station_1cbebb39afc1,2016-06,pending,,,,,,,,,,,,,,,,,False,
1124,shenzhen,g00218x00052,shenzhen_station_42ad1190e5be,2016-06,pending,,,,,,,,,,,,,,,,,False,
1125,chengdu,g00137x00225,chengdu_station_245bd41c1bba,2016-07,pending,,,,,,,,,,,,,,,,,False,
1126,chengdu,g00138x00230,chengdu_station_bbf095a8214c,2016-07,pending,,,,,,,,,,,,,,,,,False,
1127,chengdu,g00141x00231,chengdu_station_406da10984db,2016-07,pending,,,,,,,,,,,,,,,,,False,
1128,chengdu,g00149x00234,chengdu_station_2a17e32678ee,2016-07,pending,,,,,,,,,,,,,,,,,False,
1129,chengdu,g00151x00233,chengdu_station_facee3624cec,2016-07,pending,,,,,,,,,,,,,,,,,False,
1130,chengdu,g00152x00234,chengdu_station_0de029acc924,2016-07,pending,,,,,,,,,,,,,,,,,False,
1131,chengdu,g00155x00235,chengdu_station_53deb23a5176,2016-07,pending,,,,,,,,,,,,,,,,,False,
1132,chengdu,g00157x00236,chengdu_station_35f5cc121a0a,2016-07,pending,,,,,,,,,,,,,,,,,False,
1133,chengdu,g00162x00237,chengdu_station_20f33fe50d4d,2016-07,pending,,,,,,,,,,,,,,,,,False,
1134,tianjin,g00136x00098,tianjin_station_f973fd1b3ed2,2016-08,pending,,,,,,,,,,,,,,,,,False,
1135,tianjin,g00137x00097,tianjin_station_df58f49d9e5d,2016-08,pending,,,,,,,,,,,,,,,,,False,
1136,tianjin,g00138x00096,tianjin_station_a797ab609365,2016-08,pending,,,,,,,,,,,,,,,,,False,
1137,tianjin,g00142x00097,tianjin_station_fb1e2197bc6b,2016-08,pending,,,,,,,,,,,,,,,,,False,
1138,tianjin,g00146x00097,tianjin_station_c015b82e87d9,2016-08,pending,,,,,,,,,,,,,,,,,False,
1139,tianjin,g00148x00097,tianjin_station_872462458533,2016-08,pending,,,,,,,,,,,,,,,,,False,
1140,zhengzhou,g00113x00194,zhengzhou_station_06e811020288,2016-08,pending,,,,,,,,,,,,,,,,,False,
1141,zhengzhou,g00117x00194,zhengzhou_station_84e3fa63f7a6,2016-08,pending,,,,,,,,,,,,,,,,,False,
1142,zhengzhou,g00121x00194,zhengzhou_station_f181e9470b62,2016-08,pending,,,,,,,,,,,,,,,,,False,
1143,zhengzhou,g00122x00194,zhengzhou_station_b8b332722a6d,2016-08,pending,,,,,,,,,,,,,,,,,False,
1144,zhengzhou,g00125x00194,zhengzhou_station_b1902735c4e1,2016-08,pending,,,,,,,,,,,,,,,,,False,
1145,zhengzhou,g00127x00194,zhengzhou_station_02a1ff591c2b,2016-08,pending,,,,,,,,,,,,,,,,,False,
1146,zhengzhou,g00129x00194,zhengzhou_station_87b559ea8627,2016-08,pending,,,,,,,,,,,,,,,,,False,
1147,zhengzhou,g00132x00194,zhengzhou_station_7b63d0db1ea7,2016-08,pending,,,,,,,,,,,,,,,,,False,
1148,zhengzhou,g00137x00193,zhengzhou_station_ef495f0d7252,2016-08,pending,,,,,,,,,,,,,,,,,False,
1149,zhengzhou,g00141x00193,zhengzhou_station_0d0f6e69566e,2016-08,pending,,,,,,,,,,,,,,,,,False,
1150,zhengzhou,g00142x00193,zhengzhou_station_44eba3160dd8,2016-08,pending,,,,,,,,,,,,,,,,,False,
1151,zhengzhou,g00144x00193,zhengzhou_station_78e0a073dffc,2016-08,pending,,,,,,,,,,,,,,,,,False,
1152,zhengzhou,g00147x00193,zhengzhou_station_1a36b06bc285,2016-08,pending,,,,,,,,,,,,,,,,,False,
1153,zhengzhou,g00149x00193,zhengzhou_station_fb7fb017861c,2016-08,pending,,,,,,,,,,,,,,,,,False,
1154,zhengzhou,g00153x00192,zhengzhou_station_5b746a283374,2016-08,pending,,,,,,,,,,,,,,,,,False,
1155,suzhou,g00124x00165,suzhou_station_60758bcea125,2016-09,pending,,,,,,,,,,,,,,,,,False,
1156,suzhou,g00124x00169,suzhou_station_d1765cea175a,2016-09,pending,,,,,,,,,,,,,,,,,False,
1157,suzhou,g00124x00171,suzhou_station_a3d978afa09e,2016-09,pending,,,,,,,,,,,,,,,,,False,
1158,suzhou,g00124x00173,suzhou_station_e7a2ae5e798e,2016-09,pending,,,,,,,,,,,,,,,,,False,
1159,suzhou,g00125x00176,suzhou_station_93bf18e4b868,2016-09,pending,,,,,,,,,,,,,,,,,False,
1160,suzhou,g00126x00177,suzhou_station_e502524ea218,2016-09,pending,,,,,,,,,,,,,,,,,False,
1161,suzhou,g00128x00183,suzhou_station_e4ce5eb6d830,2016-09,pending,,,,,,,,,,,,,,,,,False,
1162,suzhou,g00164x00163,suzhou_station_db0aeaedc020,2016-09,pending,,,,,,,,,,,,,,,,,False,
1163,shenzhen,g00173x00097,shenzhen_station_a8496ad49c99,2016-10,pending,,,,,,,,,,,,,,,,,False,
1164,shenzhen,g00173x00103,shenzhen_station_3933002728ae,2016-10,pending,,,,,,,,,,,,,,,,,False,
1165,shenzhen,g00174x00084,shenzhen_station_4ce6ba6c127d,2016-10,pending,,,,,,,,,,,,,,,,,False,
1166,shenzhen,g00174x00087,shenzhen_station_199dd380809a,2016-10,pending,,,,,,,,,,,,,,,,,False,
1167,shenzhen,g00174x00101,shenzhen_station_db2724cff49b,2016-10,pending,,,,,,,,,,,,,,,,,False,
1168,shenzhen,g00175x00093,shenzhen_station_5c9f19438f80,2016-10,pending,,,,,,,,,,,,,,,,,False,
1169,shenzhen,g00175x00105,shenzhen_station_b8493afb695a,2016-10,pending,,,,,,,,,,,,,,,,,False,
1170,shenzhen,g00176x00111,shenzhen_station_fbf9ac305b90,2016-10,pending,,,,,,,,,,,,,,,,,False,
1171,shenzhen,g00176x00113,shenzhen_station_bfe96573b4ee,2016-10,pending,,,,,,,,,,,,,,,,,False,
1172,shenzhen,g00177x00106,shenzhen_station_a2c09ae264b7,2016-10,pending,,,,,,,,,,,,,,,,,False,
1173,shenzhen,g00177x00110,shenzhen_station_0b0055b149b3,2016-10,pending,,,,,,,,,,,,,,,,,False,
1174,shenzhen,g00177x00114,shenzhen_station_7c4f965f1fe1,2016-10,pending,,,,,,,,,,,,,,,,,False,
1175,shenzhen,g00178x00092,shenzhen_station_992e45002ddd,2016-10,pending,,,,,,,,,,,,,,,,,False,
1176,shenzhen,g00179x00097,shenzhen_station_07ea0650df59,2016-10,pending,,,,,,,,,,,,,,,,,False,
1177,shenzhen,g00181x00106,shenzhen_station_e09574de9e25,2016-10,pending,,,,,,,,,,,,,,,,,False,
1178,shenzhen,g00181x00110,shenzhen_station_730f1cb551a8,2016-10,pending,,,,,,,,,,,,,,,,,False,
1179,shenzhen,g00182x00085,shenzhen_station_dfd220517542,2016-10,pending,,,,,,,,,,,,,,,,,False,
1180,shenzhen,g00182x00096,shenzhen_station_802918228909,2016-10,pending,,,,,,,,,,,,,,,,,False,
1181,shenzhen,g00182x00108,shenzhen_station_99942e84bb31,2016-10,pending,,,,,,,,,,,,,,,,,False,
1182,shenzhen,g00182x00110,shenzhen_station_a165a63c0e8f,2016-10,pending,,,,,,,,,,,,,,,,,False,
1183,shenzhen,g00183x00083,shenzhen_station_556c9db86dbf,2016-10,pending,,,,,,,,,,,,,,,,,False,
1184,shenzhen,g00183x00097,shenzhen_station_889597335b80,2016-10,pending,,,,,,,,,,,,,,,,,False,
1185,shenzhen,g00183x00107,shenzhen_station_2db55bf3b9cd,2016-10,pending,,,,,,,,,,,,,,,,,False,
1186,shenzhen,g00183x00109,shenzhen_station_55ae03d112b0,2016-10,pending,,,,,,,,,,,,,,,,,False,
1187,shenzhen,g00183x00114,shenzhen_station_233e02368124,2016-10,pending,,,,,,,,,,,,,,,,,False,
1188,shenzhen,g00184x00099,shenzhen_station_dc03f63c3af7,2016-10,pending,,,,,,,,,,,,,,,,,False,
1189,shenzhen,g00185x00079,shenzhen_station_47d7271f1cc0,2016-10,pending,,,,,,,,,,,,,,,,,False,
1190,shenzhen,g00190x00082,shenzhen_station_beaacad4cb18,2016-10,pending,,,,,,,,,,,,,,,,,False,
1191,xian,g00130x00258,xian_station_f461983e3487,2016-11,pending,,,,,,,,,,,,,,,,,False,
1192,xian,g00130x00264,xian_station_f7615c5c7a7d,2016-11,pending,,,,,,,,,,,,,,,,,False,
1193,xian,g00130x00266,xian_station_16f597c483fc,2016-11,pending,,,,,,,,,,,,,,,,,False,
1194,xian,g00131x00255,xian_station_c82af6212002,2016-11,pending,,,,,,,,,,,,,,,,,False,
1195,xian,g00131x00269,xian_station_554957e501f2,2016-11,pending,,,,,,,,,,,,,,,,,False,
1196,xian,g00132x00253,xian_station_e6e12c98f9e8,2016-11,pending,,,,,,,,,,,,,,,,,False,
1197,xian,g00133x00247,xian_station_c77925ae0b68,2016-11,pending,,,,,,,,,,,,,,,,,False,
1198,xian,g00133x00250,xian_station_3b6e81cff6f3,2016-11,pending,,,,,,,,,,,,,,,,,False,
1199,xian,g00134x00243,xian_station_18a9856abc4a,2016-11,pending,,,,,,,,,,,,,,,,,False,
1200,xian,g00134x00270,xian_station_63c328c5ea0d,2016-11,pending,,,,,,,,,,,,,,,,,False,
1201,xian,g00136x00270,xian_station_5548dac70d23,2016-11,pending,,,,,,,,,,,,,,,,,False,
1202,xian,g00138x00270,xian_station_74fd2a9ad251,2016-11,pending,,,,,,,,,,,,,,,,,False,
1203,xian,g00142x00270,xian_station_4021690336e5,2016-11,pending,,,,,,,,,,,,,,,,,False,
1204,xian,g00145x00270,xian_station_3f60acf3ecd1,2016-11,pending,,,,,,,,,,,,,,,,,False,
1205,xian,g00148x00270,xian_station_37269d65f5fb,2016-11,pending,,,,,,,,,,,,,,,,,False,
1206,xian,g00149x00273,xian_station_802c101eae4c,2016-11,pending,,,,,,,,,,,,,,,,,False,
1207,xian,g00149x00277,xian_station_9fe561e50fca,2016-11,pending,,,,,,,,,,,,,,,,,False,
1208,xian,g00150x00279,xian_station_e107784d94a4,2016-11,pending,,,,,,,,,,,,,,,,,False,
1209,xian,g00153x00281,xian_station_62dbe7a39b7b,2016-11,pending,,,,,,,,,,,,,,,,,False,
1210,xian,g00157x00280,xian_station_804b855fe780,2016-11,pending,,,,,,,,,,,,,,,,,False,
1211,xian,g00160x00278,xian_station_75abac9fac8f,2016-11,pending,,,,,,,,,,,,,,,,,False,
1212,xian,g00163x00279,xian_station_ff6ef8a73703,2016-11,pending,,,,,,,,,,,,,,,,,False,
1213,xian,g00165x00279,xian_station_c60b5cd208a4,2016-11,pending,,,,,,,,,,,,,,,,,False,
1214,xian,g00168x00279,xian_station_a9e87193caed,2016-11,pending,,,,,,,,,,,,,,,,,False,
1215,qingdao,g00148x00178,qingdao_station_672c3f31c529,2016-12,pending,,,,,,,,,,,,,,,,,False,
1216,qingdao,g00149x00172,qingdao_station_81228177144f,2016-12,pending,,,,,,,,,,,,,,,,,False,
1217,qingdao,g00149x00175,qingdao_station_e7d02b4d000f,2016-12,pending,,,,,,,,,,,,,,,,,False,
1218,qingdao,g00149x00176,qingdao_station_9cc7a96f5bf1,2016-12,pending,,,,,,,,,,,,,,,,,False,
1219,qingdao,g00149x00180,qingdao_station_4a57858fb3fe,2016-12,pending,,,,,,,,,,,,,,,,,False,
1220,qingdao,g00150x00170,qingdao_station_7f26d2081390,2016-12,pending,,,,,,,,,,,,,,,,,False,
1221,qingdao,g00150x00181,qingdao_station_26169355cf34,2016-12,pending,,,,,,,,,,,,,,,,,False,
1222,qingdao,g00152x00183,qingdao_station_934e08142f00,2016-12,pending,,,,,,,,,,,,,,,,,False,
1223,qingdao,g00155x00182,qingdao_station_ad0b00331ef2,2016-12,pending,,,,,,,,,,,,,,,,,False,
1224,qingdao,g00157x00183,qingdao_station_da64312981a2,2016-12,pending,,,,,,,,,,,,,,,,,False,
1225,qingdao,g00159x00183,qingdao_station_3470d485a5d3,2016-12,pending,,,,,,,,,,,,,,,,,False,
1226,hefei,g00186x00137,hefei_station_00f388cfe5ce,2016-12,pending,,,,,,,,,,,,,,,,,False,
1227,hefei,g00188x00137,hefei_station_0192e1737d05,2016-12,pending,,,,,,,,,,,,,,,,,False,
1228,hefei,g00189x00137,hefei_station_28156bae5f6b,2016-12,pending,,,,,,,,,,,,,,,,,False,
1229,hefei,g00191x00137,hefei_station_9670133ca1b1,2016-12,pending,,,,,,,,,,,,,,,,,False,
1230,hefei,g00193x00137,hefei_station_f175ba9c8e0f,2016-12,pending,,,,,,,,,,,,,,,,,False,
1231,hefei,g00195x00137,hefei_station_06b60f37372e,2016-12,pending,,,,,,,,,,,,,,,,,False,
1232,hefei,g00198x00137,hefei_station_15c688d0b640,2016-12,pending,,,,,,,,,,,,,,,,,False,
1233,hefei,g00203x00135,hefei_station_a59c23c4f905,2016-12,pending,,,,,,,,,,,,,,,,,False,
1234,hefei,g00205x00135,hefei_station_7937d21be8f3,2016-12,pending,,,,,,,,,,,,,,,,,False,
1235,hefei,g00207x00135,hefei_station_16456f5f0114,2016-12,pending,,,,,,,,,,,,,,,,,False,
1236,hefei,g00209x00135,hefei_station_298b7e45d656,2016-12,pending,,,,,,,,,,,,,,,,,False,
1237,hefei,g00210x00135,hefei_station_e6f2c194d6bb,2016-12,pending,,,,,,,,,,,,,,,,,False,
1238,hefei,g00219x00137,hefei_station_90e3fae62f80,2016-12,pending,,,,,,,,,,,,,,,,,False,
1239,hefei,g00221x00137,hefei_station_9353a87d38e7,2016-12,pending,,,,,,,,,,,,,,,,,False,
1240,hefei,g00223x00137,hefei_station_ec5f7d0a19e0,2016-12,pending,,,,,,,,,,,,,,,,,False,
1241,hefei,g00224x00137,hefei_station_47a501103f68,2016-12,pending,,,,,,,,,,,,,,,,,False,
1242,hefei,g00225x00138,hefei_station_90371c9a9d5c,2016-12,pending,,,,,,,,,,,,,,,,,False,
1243,hefei,g00227x00139,hefei_station_4c078c6fb7fc,2016-12,pending,,,,,,,,,,,,,,,,,False,
1244,kunming,g00124x00162,kunming_station_6b4e583abe19,2016-12,pending,,,,,,,,,,,,,,,,,False,
1245,chongqing,g00370x00279,chongqing_station_8b1b7765f3da,2016-12,pending,,,,,,,,,,,,,,,,,False,
1246,chongqing,g00371x00279,chongqing_station_95868e431865,2016-12,pending,,,,,,,,,,,,,,,,,False,
1247,chongqing,g00375x00281,chongqing_station_eea1d77cbbe6,2016-12,pending,,,,,,,,,,,,,,,,,False,
1248,chongqing,g00380x00282,chongqing_station_7e08a63846c6,2016-12,pending,,,,,,,,,,,,,,,,,False,
1249,chongqing,g00382x00283,chongqing_station_2ac9c6fb6f97,2016-12,pending,,,,,,,,,,,,,,,,,False,
1250,chongqing,g00383x00285,chongqing_station_91ce5a404317,2016-12,pending,,,,,,,,,,,,,,,,,False,
1251,foshan,g00091x00173,foshan_station_39a5be0e319b,2016-12,pending,,,,,,,,,,,,,,,,,False,
1252,foshan,g00093x00167,foshan_station_ef838bfbc775,2016-12,pending,,,,,,,,,,,,,,,,,False,
1253,foshan,g00093x00170,foshan_station_cff8cef5f3e5,2016-12,pending,,,,,,,,,,,,,,,,,False,
1254,foshan,g00097x00166,foshan_station_7dd4e23feebb,2016-12,pending,,,,,,,,,,,,,,,,,False,
1255,guangzhou,g00116x00092,guangzhou_station_50220d12079c,2016-12,pending,,,,,,,,,,,,,,,,,False,
1256,guangzhou,g00117x00087,guangzhou_station_a8e076bb9a97,2016-12,pending,,,,,,,,,,,,,,,,,False,
1257,guangzhou,g00122x00102,guangzhou_station_6c5835ba6c24,2016-12,pending,,,,,,,,,,,,,,,,,False,
1258,guangzhou,g00123x00106,guangzhou_station_7453ec05e364,2016-12,pending,,,,,,,,,,,,,,,,,False,
1259,guangzhou,g00157x00121,guangzhou_station_1fe6da1f3486,2016-12,pending,,,,,,,,,,,,,,,,,False,
1260,guangzhou,g00157x00122,guangzhou_station_8d572456cfd2,2016-12,pending,,,,,,,,,,,,,,,,,False,
1261,guangzhou,g00157x00129,guangzhou_station_3107fa656fc9,2016-12,pending,,,,,,,,,,,,,,,,,False,
1262,guangzhou,g00159x00119,guangzhou_station_d0a522dde8b8,2016-12,pending,,,,,,,,,,,,,,,,,False,
1263,guangzhou,g00161x00110,guangzhou_station_cc78ca81d2da,2016-12,pending,,,,,,,,,,,,,,,,,False,
1264,guangzhou,g00161x00115,guangzhou_station_25e1bc21ed06,2016-12,pending,,,,,,,,,,,,,,,,,False,
1265,nanning,g00150x00229,nanning_station_c2d23f6b83e6,2016-12,pending,,,,,,,,,,,,,,,,,False,
1266,nanning,g00150x00231,nanning_station_04986c42518f,2016-12,pending,,,,,,,,,,,,,,,,,False,
1267,nanning,g00150x00233,nanning_station_3cbec63ebc61,2016-12,pending,,,,,,,,,,,,,,,,,False,
1268,nanning,g00153x00198,nanning_station_abc2d81d6333,2016-12,pending,,,,,,,,,,,,,,,,,False,
1269,nanning,g00154x00207,nanning_station_039c7b831693,2016-12,pending,,,,,,,,,,,,,,,,,False,
1270,nanning,g00154x00220,nanning_station_74f115a1feb3,2016-12,pending,,,,,,,,,,,,,,,,,False,
1271,nanning,g00154x00225,nanning_station_258d76c5cd08,2016-12,pending,,,,,,,,,,,,,,,,,False,
1272,nanning,g00155x00201,nanning_station_f7ba5b206cf5,2016-12,pending,,,,,,,,,,,,,,,,,False,
1273,nanning,g00155x00203,nanning_station_6d3c540a2342,2016-12,pending,,,,,,,,,,,,,,,,,False,
1274,nanning,g00155x00209,nanning_station_eb9b0a18d29b,2016-12,pending,,,,,,,,,,,,,,,,,False,
1275,nanning,g00155x00217,nanning_station_343453a82b3b,2016-12,pending,,,,,,,,,,,,,,,,,False,
1276,nanning,g00156x00214,nanning_station_9629c3ac0077,2016-12,pending,,,,,,,,,,,,,,,,,False,
1277,wuhan,g00133x00115,wuhan_station_c467704e6a58,2016-12,pending,,,,,,,,,,,,,,,,,False,
1278,wuhan,g00133x00120,wuhan_station_8bed61b2f40e,2016-12,pending,,,,,,,,,,,,,,,,,False,
1279,wuhan,g00134x00113,wuhan_station_5ffb810beeb2,2016-12,pending,,,,,,,,,,,,,,,,,False,
1280,wuhan,g00136x00127,wuhan_station_6e840526e439,2016-12,pending,,,,,,,,,,,,,,,,,False,
1281,wuhan,g00138x00130,wuhan_station_56b0999e9145,2016-12,pending,,,,,,,,,,,,,,,,,False,
1282,wuhan,g00140x00131,wuhan_station_4b5b8b42ab5e,2016-12,pending,,,,,,,,,,,,,,,,,False,
1283,wuhan,g00142x00132,wuhan_station_87ec17e3481c,2016-12,pending,,,,,,,,,,,,,,,,,False,
1284,wuhan,g00145x00132,wuhan_station_7178d81bf154,2016-12,pending,,,,,,,,,,,,,,,,,False,
1285,wuhan,g00146x00132,wuhan_station_84d3acdefa62,2016-12,pending,,,,,,,,,,,,,,,,,False,
1286,wuhan,g00149x00133,wuhan_station_626084a79900,2016-12,pending,,,,,,,,,,,,,,,,,False,
1287,wuhan,g00149x00134,wuhan_station_1cc07e868403,2016-12,pending,,,,,,,,,,,,,,,,,False,
1288,wuhan,g00150x00136,wuhan_station_e40a2c4157f9,2016-12,pending,,,,,,,,,,,,,,,,,False,
1289,wuhan,g00151x00138,wuhan_station_84b9dca7b980,2016-12,pending,,,,,,,,,,,,,,,,,False,
1290,wuhan,g00154x00138,wuhan_station_deb3fafa1109,2016-12,pending,,,,,,,,,,,,,,,,,False,
1291,wuhan,g00156x00137,wuhan_station_831e5f447c58,2016-12,pending,,,,,,,,,,,,,,,,,False,
1292,wuhan,g00158x00135,wuhan_station_25dcf4f771dd,2016-12,pending,,,,,,,,,,,,,,,,,False,
1293,wuhan,g00160x00134,wuhan_station_086ada34acb0,2016-12,pending,,,,,,,,,,,,,,,,,False,
1294,wuhan,g00162x00133,wuhan_station_8b015c97b16d,2016-12,pending,,,,,,,,,,,,,,,,,False,
1295,wuhan,g00164x00116,wuhan_station_32ef9dcbdaec,2016-12,pending,,,,,,,,,,,,,,,,,False,
1296,wuhan,g00164x00132,wuhan_station_7f7ae8607641,2016-12,pending,,,,,,,,,,,,,,,,,False,
1297,wuhan,g00165x00121,wuhan_station_4e5df0d421e6,2016-12,pending,,,,,,,,,,,,,,,,,False,
1298,wuhan,g00165x00127,wuhan_station_cc721bf6de86,2016-12,pending,,,,,,,,,,,,,,,,,False,
1299,wuhan,g00165x00128,wuhan_station_9ee78cc554ce,2016-12,pending,,,,,,,,,,,,,,,,,False,
1300,wuhan,g00169x00131,wuhan_station_0baa20b98f21,2016-12,pending,,,,,,,,,,,,,,,,,False,
1301,wuhan,g00178x00132,wuhan_station_90de89beb46c,2016-12,pending,,,,,,,,,,,,,,,,,False,
1302,wuhan,g00183x00128,wuhan_station_e99bc5079ae1,2016-12,pending,,,,,,,,,,,,,,,,,False,
1303,wuhan,g00185x00126,wuhan_station_8bac789f315c,2016-12,pending,,,,,,,,,,,,,,,,,False,
1304,wuhan,g00194x00124,wuhan_station_5a92c4dd9efb,2016-12,pending,,,,,,,,,,,,,,,,,False,
1305,kunming,g00125x00160,kunming_station_61e0828b6c80,2016-12,pending,,,,,,,,,,,,,,,,,False,
1306,kunming,g00127x00159,kunming_station_24205237dae0,2016-12,pending,,,,,,,,,,,,,,,,,False,
1307,beijing,g00141x00204,beijing_station_547f2ae51d8c,2016-12,pending,,,,,,,,,,,,,,,,,False,
1308,beijing,g00148x00167,beijing_station_6dc1380de215,2016-12,pending,,,,,,,,,,,,,,,,,False,
1309,beijing,g00152x00165,beijing_station_84c1f67f18fa,2016-12,pending,,,,,,,,,,,,,,,,,False,
1310,beijing,g00156x00143,beijing_station_513e4fa8f74b,2016-12,pending,,,,,,,,,,,,,,,,,False,
1311,beijing,g00156x00149,beijing_station_e5e4a4264490,2016-12,pending,,,,,,,,,,,,,,,,,False,
1312,beijing,g00156x00153,beijing_station_3b5926b45ca3,2016-12,pending,,,,,,,,,,,,,,,,,False,
1313,beijing,g00156x00158,beijing_station_b6a947f61343,2016-12,pending,,,,,,,,,,,,,,,,,False,
1314,beijing,g00156x00163,beijing_station_0ad9ba5e2c3c,2016-12,pending,,,,,,,,,,,,,,,,,False,
1315,beijing,g00157x00162,beijing_station_29ad5e371e55,2016-12,pending,,,,,,,,,,,,,,,,,False,
1316,tianjin,g00123x00196,tianjin_station_13df7ab29c63,2016-12,pending,,,,,,,,,,,,,,,,,False,
1317,tianjin,g00138x00124,tianjin_station_d7fc52a69ed9,2016-12,pending,,,,,,,,,,,,,,,,,False,
1318,tianjin,g00150x00097,tianjin_station_b8aa2f2c280c,2016-12,pending,,,,,,,,,,,,,,,,,False,
1319,tianjin,g00152x00098,tianjin_station_9890abd3794d,2016-12,pending,,,,,,,,,,,,,,,,,False,
1320,tianjin,g00153x00101,tianjin_station_1bbd6379770e,2016-12,pending,,,,,,,,,,,,,,,,,False,
1321,tianjin,g00155x00102,tianjin_station_f6411498010a,2016-12,pending,,,,,,,,,,,,,,,,,False,
1322,tianjin,g00155x00106,tianjin_station_1848eb4773e5,2016-12,pending,,,,,,,,,,,,,,,,,False,
1323,tianjin,g00155x00107,tianjin_station_0327c0ffd124,2016-12,pending,,,,,,,,,,,,,,,,,False,
1324,tianjin,g00155x00109,tianjin_station_5ac07181ca4d,2016-12,pending,,,,,,,,,,,,,,,,,False,
1325,tianjin,g00155x00111,tianjin_station_943c64ceb161,2016-12,pending,,,,,,,,,,,,,,,,,False,
1326,tianjin,g00160x00115,tianjin_station_7f6b25f90f31,2016-12,pending,,,,,,,,,,,,,,,,,False,
1327,tianjin,g00162x00117,tianjin_station_4d7850c69caf,2016-12,pending,,,,,,,,,,,,,,,,,False,
1328,tianjin,g00163x00119,tianjin_station_201c909e0b61,2016-12,pending,,,,,,,,,,,,,,,,,False,
1329,tianjin,g00164x00121,tianjin_station_fd12839180d8,2016-12,pending,,,,,,,,,,,,,,,,,False,
1330,tianjin,g00164x00126,tianjin_station_847ab12e71df,2016-12,pending,,,,,,,,,,,,,,,,,False,
1331,fuzhou,g00233x00205,fuzhou_station_503bff8cde3d,2017-01,pending,,,,,,,,,,,,,,,,,False,
1332,fuzhou,g00236x00203,fuzhou_station_9095933b1291,2017-01,pending,,,,,,,,,,,,,,,,,False,
1333,fuzhou,g00239x00202,fuzhou_station_60a7654ab0e7,2017-01,pending,,,,,,,,,,,,,,,,,False,
1334,fuzhou,g00240x00202,fuzhou_station_d172106915a5,2017-01,pending,,,,,,,,,,,,,,,,,False,
1335,fuzhou,g00242x00201,fuzhou_station_f1f8f1c500dc,2017-01,pending,,,,,,,,,,,,,,,,,False,
1336,fuzhou,g00245x00201,fuzhou_station_6d35506b9c0f,2017-01,pending,,,,,,,,,,,,,,,,,False,
1337,fuzhou,g00246x00202,fuzhou_station_d2732ce8379d,2017-01,pending,,,,,,,,,,,,,,,,,False,
1338,fuzhou,g00248x00205,fuzhou_station_cd5295c29540,2017-01,pending,,,,,,,,,,,,,,,,,False,
1339,fuzhou,g00251x00205,fuzhou_station_1153b374eb57,2017-01,pending,,,,,,,,,,,,,,,,,False,
1340,fuzhou,g00253x00205,fuzhou_station_2b7390ae21a3,2017-01,pending,,,,,,,,,,,,,,,,,False,
1341,fuzhou,g00255x00207,fuzhou_station_dda51e76f696,2017-01,pending,,,,,,,,,,,,,,,,,False,
1342,zhengzhou,g00083x00226,zhengzhou_station_580267a83156,2017-01,pending,,,,,,,,,,,,,,,,,False,
1343,zhengzhou,g00088x00227,zhengzhou_station_ee6e485a135f,2017-01,pending,,,,,,,,,,,,,,,,,False,
1344,zhengzhou,g00092x00227,zhengzhou_station_834334ba9b06,2017-01,pending,,,,,,,,,,,,,,,,,False,
1345,zhengzhou,g00094x00227,zhengzhou_station_71d800818ab4,2017-01,pending,,,,,,,,,,,,,,,,,False,
1346,zhengzhou,g00096x00220,zhengzhou_station_c2e68e185230,2017-01,pending,,,,,,,,,,,,,,,,,False,
1347,zhengzhou,g00098x00203,zhengzhou_station_f8d8d5651729,2017-01,pending,,,,,,,,,,,,,,,,,False,
1348,zhengzhou,g00098x00207,zhengzhou_station_b26370c413b7,2017-01,pending,,,,,,,,,,,,,,,,,False,
1349,zhengzhou,g00101x00195,zhengzhou_station_777f1c4e7025,2017-01,pending,,,,,,,,,,,,,,,,,False,
1350,zhengzhou,g00105x00194,zhengzhou_station_fe8317297465,2017-01,pending,,,,,,,,,,,,,,,,,False,
1351,zhengzhou,g00109x00195,zhengzhou_station_69653f86a219,2017-01,pending,,,,,,,,,,,,,,,,,False,
1352,zhengzhou,g00134x00170,zhengzhou_station_f6c85fe59d7f,2017-01,pending,,,,,,,,,,,,,,,,,False,
1353,zhengzhou,g00135x00168,zhengzhou_station_eff7ffad15b8,2017-01,pending,,,,,,,,,,,,,,,,,False,
1354,zhengzhou,g00139x00168,zhengzhou_station_2b66fd41839a,2017-01,pending,,,,,,,,,,,,,,,,,False,
1355,zhengzhou,g00141x00168,zhengzhou_station_e039a4febc2f,2017-01,pending,,,,,,,,,,,,,,,,,False,
1356,zhengzhou,g00142x00217,zhengzhou_station_2bf557d19641,2017-01,pending,,,,,,,,,,,,,,,,,False,
1357,zhengzhou,g00144x00168,zhengzhou_station_bc6dca78dd1e,2017-01,pending,,,,,,,,,,,,,,,,,False,
1358,zhengzhou,g00146x00168,zhengzhou_station_8b6830b00af1,2017-01,pending,,,,,,,,,,,,,,,,,False,
1359,zhengzhou,g00146x00217,zhengzhou_station_c82de1bea863,2017-01,pending,,,,,,,,,,,,,,,,,False,
1360,zhengzhou,g00148x00168,zhengzhou_station_bd95528a1103,2017-01,pending,,,,,,,,,,,,,,,,,False,
1361,nanjing,g00205x00092,nanjing_station_86587c49acdb,2017-01,pending,,,,,,,,,,,,,,,,,False,
1362,nanjing,g00205x00096,nanjing_station_b3a21fbf002d,2017-01,pending,,,,,,,,,,,,,,,,,False,
1363,nanjing,g00205x00102,nanjing_station_c07341b87d09,2017-01,pending,,,,,,,,,,,,,,,,,False,
1364,nanjing,g00207x00103,nanjing_station_4e450651267d,2017-01,pending,,,,,,,,,,,,,,,,,False,
1365,nanjing,g00209x00106,nanjing_station_b8f9a5fbf798,2017-01,pending,,,,,,,,,,,,,,,,,False,
1366,nanjing,g00210x00125,nanjing_station_2749d938a86b,2017-01,pending,,,,,,,,,,,,,,,,,False,
1367,nanjing,g00210x00131,nanjing_station_2a0f679ef330,2017-01,pending,,,,,,,,,,,,,,,,,False,
1368,nanjing,g00211x00108,nanjing_station_792cbee0721f,2017-01,pending,,,,,,,,,,,,,,,,,False,
1369,nanjing,g00211x00117,nanjing_station_2e197b380132,2017-01,pending,,,,,,,,,,,,,,,,,False,
1370,nanjing,g00211x00136,nanjing_station_85f4c4f6cc13,2017-01,pending,,,,,,,,,,,,,,,,,False,
1371,nanjing,g00213x00113,nanjing_station_aa86704648e3,2017-01,pending,,,,,,,,,,,,,,,,,False,
1372,nanjing,g00215x00137,nanjing_station_2deffe3ce378,2017-01,pending,,,,,,,,,,,,,,,,,False,
1373,nanjing,g00221x00137,nanjing_station_4b1171e42f7c,2017-01,pending,,,,,,,,,,,,,,,,,False,
1374,fuzhou,g00246x00204,fuzhou_station_59d7dbb0b459,2017-01,pending,,,,,,,,,,,,,,,,,False,
1375,harbin,g00377x00178,harbin_station_6e3e8e4815c6,2017-01,pending,,,,,,,,,,,,,,,,,False,
1376,harbin,g00378x00176,harbin_station_70e950862cdb,2017-01,pending,,,,,,,,,,,,,,,,,False,
1377,harbin,g00379x00175,harbin_station_df8a33656985,2017-01,pending,,,,,,,,,,,,,,,,,False,
1378,suzhou,g00098x00157,suzhou_station_916d65c6d7af,2017-04,pending,,,,,,,,,,,,,,,,,False,
1379,suzhou,g00099x00161,suzhou_station_7691f8a11464,2017-04,pending,,,,,,,,,,,,,,,,,False,
1380,suzhou,g00099x00171,suzhou_station_dc2e37d4005a,2017-04,pending,,,,,,,,,,,,,,,,,False,
1381,suzhou,g00100x00155,suzhou_station_3f527664a4c1,2017-04,pending,,,,,,,,,,,,,,,,,False,
1382,suzhou,g00100x00164,suzhou_station_daa541ac24d1,2017-04,pending,,,,,,,,,,,,,,,,,False,
1383,suzhou,g00100x00167,suzhou_station_2ab9b1fc8f71,2017-04,pending,,,,,,,,,,,,,,,,,False,
1384,suzhou,g00102x00155,suzhou_station_b1da9dfc18e4,2017-04,pending,,,,,,,,,,,,,,,,,False,
1385,suzhou,g00104x00155,suzhou_station_8a903937e9d8,2017-04,pending,,,,,,,,,,,,,,,,,False,
1386,suzhou,g00105x00156,suzhou_station_1de280dc9b5a,2017-04,pending,,,,,,,,,,,,,,,,,False,
1387,suzhou,g00107x00159,suzhou_station_09080a999867,2017-04,pending,,,,,,,,,,,,,,,,,False,
1388,suzhou,g00109x00160,suzhou_station_dd72656b0467,2017-04,pending,,,,,,,,,,,,,,,,,False,
1389,suzhou,g00110x00148,suzhou_station_b670f8e28e68,2017-04,pending,,,,,,,,,,,,,,,,,False,
1390,suzhou,g00110x00152,suzhou_station_72000e52a675,2017-04,pending,,,,,,,,,,,,,,,,,False,
1391,suzhou,g00112x00153,suzhou_station_ff91f29a74fd,2017-04,pending,,,,,,,,,,,,,,,,,False,
1392,suzhou,g00114x00159,suzhou_station_fd18715788c9,2017-04,pending,,,,,,,,,,,,,,,,,False,
1393,suzhou,g00115x00152,suzhou_station_71c5731edd98,2017-04,pending,,,,,,,,,,,,,,,,,False,
1394,suzhou,g00117x00152,suzhou_station_0357511fc002,2017-04,pending,,,,,,,,,,,,,,,,,False,
1395,suzhou,g00118x00159,suzhou_station_08d60aa20b1d,2017-04,pending,,,,,,,,,,,,,,,,,False,
1396,suzhou,g00119x00153,suzhou_station_a5afe1fd8adc,2017-04,pending,,,,,,,,,,,,,,,,,False,
1397,suzhou,g00120x00157,suzhou_station_e58c89385785,2017-04,pending,,,,,,,,,,,,,,,,,False,
1398,suzhou,g00122x00158,suzhou_station_d0d6c5e2dd37,2017-04,pending,,,,,,,,,,,,,,,,,False,
1399,suzhou,g00125x00158,suzhou_station_e7cb8e726b05,2017-04,pending,,,,,,,,,,,,,,,,,False,
1400,suzhou,g00128x00158,suzhou_station_02ae7ff9f1d2,2017-04,pending,,,,,,,,,,,,,,,,,False,
1401,suzhou,g00131x00158,suzhou_station_d411fc2c4dd8,2017-04,pending,,,,,,,,,,,,,,,,,False,
1402,suzhou,g00132x00158,suzhou_station_044e3436a429,2017-04,pending,,,,,,,,,,,,,,,,,False,
1403,suzhou,g00135x00158,suzhou_station_3ab89d82371f,2017-04,pending,,,,,,,,,,,,,,,,,False,
1404,suzhou,g00137x00157,suzhou_station_dbc26e39312a,2017-04,pending,,,,,,,,,,,,,,,,,False,
1405,suzhou,g00138x00157,suzhou_station_c68cfe77d9e8,2017-04,pending,,,,,,,,,,,,,,,,,False,
1406,suzhou,g00140x00157,suzhou_station_55372603ea29,2017-04,pending,,,,,,,,,,,,,,,,,False,
1407,suzhou,g00143x00155,suzhou_station_2182615c07c1,2017-04,pending,,,,,,,,,,,,,,,,,False,
1408,suzhou,g00146x00154,suzhou_station_14b460f470db,2017-04,pending,,,,,,,,,,,,,,,,,False,
1409,suzhou,g00152x00153,suzhou_station_c7db5b1fd1b4,2017-04,pending,,,,,,,,,,,,,,,,,False,
1410,suzhou,g00156x00153,suzhou_station_db9f4931dd2a,2017-04,pending,,,,,,,,,,,,,,,,,False,
1411,suzhou,g00157x00153,suzhou_station_11b8ba4ea3c0,2017-04,pending,,,,,,,,,,,,,,,,,False,
1412,dalian,g00079x00107,dalian_station_a538dfd79bf8,2017-06,pending,,,,,,,,,,,,,,,,,False,
1413,chengdu,g00139x00247,chengdu_station_767af2927562,2017-06,pending,,,,,,,,,,,,,,,,,False,
1414,chengdu,g00139x00249,chengdu_station_f97c9bed6e04,2017-06,pending,,,,,,,,,,,,,,,,,False,
1415,chengdu,g00140x00250,chengdu_station_ed3568114a82,2017-06,pending,,,,,,,,,,,,,,,,,False,
1416,chengdu,g00140x00253,chengdu_station_6a21111bb4f3,2017-06,pending,,,,,,,,,,,,,,,,,False,
1417,chengdu,g00140x00258,chengdu_station_83884395614e,2017-06,pending,,,,,,,,,,,,,,,,,False,
1418,chengdu,g00147x00181,chengdu_station_8e4a42048711,2017-06,pending,,,,,,,,,,,,,,,,,False,
1419,chengdu,g00147x00191,chengdu_station_85634897e896,2017-06,pending,,,,,,,,,,,,,,,,,False,
1420,chengdu,g00147x00194,chengdu_station_4078edb6e47f,2017-06,pending,,,,,,,,,,,,,,,,,False,
1421,chengdu,g00147x00199,chengdu_station_534dc589a7ff,2017-06,pending,,,,,,,,,,,,,,,,,False,
1422,chengdu,g00148x00183,chengdu_station_fc5f5b6f4aec,2017-06,pending,,,,,,,,,,,,,,,,,False,
1423,chengdu,g00149x00186,chengdu_station_2bde31ee5da3,2017-06,pending,,,,,,,,,,,,,,,,,False,
1424,chengdu,g00149x00189,chengdu_station_2b0d2c0692bc,2017-06,pending,,,,,,,,,,,,,,,,,False,
1425,chengdu,g00150x00187,chengdu_station_b0598200ec35,2017-06,pending,,,,,,,,,,,,,,,,,False,
1426,dalian,g00045x00094,dalian_station_3cd191706fa8,2017-06,pending,,,,,,,,,,,,,,,,,False,
1427,dalian,g00048x00097,dalian_station_20b1d2a64c77,2017-06,pending,,,,,,,,,,,,,,,,,False,
1428,dalian,g00051x00100,dalian_station_da0c74c96fae,2017-06,pending,,,,,,,,,,,,,,,,,False,
1429,dalian,g00053x00104,dalian_station_89531a3c8037,2017-06,pending,,,,,,,,,,,,,,,,,False,
1430,dalian,g00054x00106,dalian_station_9a685773b35f,2017-06,pending,,,,,,,,,,,,,,,,,False,
1431,dalian,g00059x00129,dalian_station_71c646b73ecd,2017-06,pending,,,,,,,,,,,,,,,,,False,
1432,dalian,g00060x00127,dalian_station_0f38c29e5baa,2017-06,pending,,,,,,,,,,,,,,,,,False,
1433,dalian,g00061x00125,dalian_station_b7d361008e08,2017-06,pending,,,,,,,,,,,,,,,,,False,
1434,shijiazhuang,g00141x00193,shijiazhuang_station_90d1bf1f4c0d,2017-06,pending,,,,,,,,,,,,,,,,,False,
1435,shijiazhuang,g00143x00193,shijiazhuang_station_7acab4812077,2017-06,pending,,,,,,,,,,,,,,,,,False,
1436,shijiazhuang,g00145x00193,shijiazhuang_station_88b29308a94d,2017-06,pending,,,,,,,,,,,,,,,,,False,
1437,shijiazhuang,g00145x00216,shijiazhuang_station_86d8b121d668,2017-06,pending,,,,,,,,,,,,,,,,,False,
1438,shijiazhuang,g00145x00219,shijiazhuang_station_398a8ededc43,2017-06,pending,,,,,,,,,,,,,,,,,False,
1439,shijiazhuang,g00146x00181,shijiazhuang_station_3b1faa02252c,2017-06,pending,,,,,,,,,,,,,,,,,False,
1440,shijiazhuang,g00147x00183,shijiazhuang_station_ad6184f3c80c,2017-06,pending,,,,,,,,,,,,,,,,,False,
1441,shijiazhuang,g00147x00186,shijiazhuang_station_72a351677a45,2017-06,pending,,,,,,,,,,,,,,,,,False,
1442,shijiazhuang,g00147x00188,shijiazhuang_station_b2795041dbee,2017-06,pending,,,,,,,,,,,,,,,,,False,
1443,shijiazhuang,g00147x00191,shijiazhuang_station_aea8afea2085,2017-06,pending,,,,,,,,,,,,,,,,,False,
1444,shijiazhuang,g00147x00193,shijiazhuang_station_00e52d1cf8b0,2017-06,pending,,,,,,,,,,,,,,,,,False,
1445,shijiazhuang,g00147x00195,shijiazhuang_station_a36beabf0775,2017-06,pending,,,,,,,,,,,,,,,,,False,
1446,shijiazhuang,g00147x00197,shijiazhuang_station_b3bdf4a0f1ae,2017-06,pending,,,,,,,,,,,,,,,,,False,
1447,shijiazhuang,g00147x00199,shijiazhuang_station_17ac4342e19b,2017-06,pending,,,,,,,,,,,,,,,,,False,
1448,shijiazhuang,g00147x00201,shijiazhuang_station_35b8cca9e1e4,2017-06,pending,,,,,,,,,,,,,,,,,False,
1449,shijiazhuang,g00147x00203,shijiazhuang_station_aadc21cdde8f,2017-06,pending,,,,,,,,,,,,,,,,,False,
1450,shijiazhuang,g00147x00205,shijiazhuang_station_c037538d394c,2017-06,pending,,,,,,,,,,,,,,,,,False,
1451,shijiazhuang,g00147x00208,shijiazhuang_station_f5a45f1c2bd0,2017-06,pending,,,,,,,,,,,,,,,,,False,
1452,shijiazhuang,g00147x00210,shijiazhuang_station_7f782f1c6f40,2017-06,pending,,,,,,,,,,,,,,,,,False,
1453,shijiazhuang,g00147x00212,shijiazhuang_station_ecddaf29c7e6,2017-06,pending,,,,,,,,,,,,,,,,,False,
1454,shijiazhuang,g00147x00220,shijiazhuang_station_4b409f4679fb,2017-06,pending,,,,,,,,,,,,,,,,,False,
1455,shijiazhuang,g00149x00193,shijiazhuang_station_445530f2d298,2017-06,pending,,,,,,,,,,,,,,,,,False,
1456,shijiazhuang,g00150x00220,shijiazhuang_station_0a7e5a7c896d,2017-06,pending,,,,,,,,,,,,,,,,,False,
1457,shijiazhuang,g00152x00220,shijiazhuang_station_e139eb08a6c7,2017-06,pending,,,,,,,,,,,,,,,,,False,
1458,guangzhou,g00161x00101,guangzhou_station_b5c2cda220ac,2017-06,pending,,,,,,,,,,,,,,,,,False,
1459,guangzhou,g00162x00107,guangzhou_station_f7635426f72a,2017-06,pending,,,,,,,,,,,,,,,,,False,
1460,changchun,g00166x00229,changchun_station_b01ed4508d78,2017-06,pending,,,,,,,,,,,,,,,,,False,
1461,changchun,g00170x00229,changchun_station_9836f7f4c11a,2017-06,pending,,,,,,,,,,,,,,,,,False,
1462,changchun,g00175x00229,changchun_station_d56c3debc6d5,2017-06,pending,,,,,,,,,,,,,,,,,False,
1463,changchun,g00180x00228,changchun_station_11034e94ac5f,2017-06,pending,,,,,,,,,,,,,,,,,False,
1464,changchun,g00183x00228,changchun_station_2a19bfe1eb6c,2017-06,pending,,,,,,,,,,,,,,,,,False,
1465,changchun,g00188x00228,changchun_station_4b5a00b28042,2017-06,pending,,,,,,,,,,,,,,,,,False,
1466,changchun,g00191x00228,changchun_station_9ec18cfa403b,2017-06,pending,,,,,,,,,,,,,,,,,False,
1467,changchun,g00193x00228,changchun_station_9e03e94af6d6,2017-06,pending,,,,,,,,,,,,,,,,,False,
1468,changchun,g00196x00228,changchun_station_267e4c7cf0e2,2017-06,pending,,,,,,,,,,,,,,,,,False,
1469,changchun,g00198x00228,changchun_station_cb21284d6543,2017-06,pending,,,,,,,,,,,,,,,,,False,
1470,hangzhou,g00245x00386,hangzhou_station_4b63f10e17c3,2017-07,gsc_pending,poi+population+viirs,,,,,,,,,,,,,,,,False,same_city:No treated unit is inside explicit donor common support
1471,hangzhou,g00245x00388,hangzhou_station_1b838c02f407,2017-07,pending,,,,,,,,,,,,,,,,,False,
1472,hangzhou,g00246x00382,hangzhou_station_e083d1c2f386,2017-07,pending,,,,,,,,,,,,,,,,,False,
1473,hangzhou,g00246x00384,hangzhou_station_6bd4047fa929,2017-07,gsc_pending,poi+population+viirs,,,,,,,,,,,,,,,,False,same_city:No treated unit is inside explicit donor common support
1474,hangzhou,g00248x00379,hangzhou_station_62eac2516bd4,2017-07,pending,,,,,,,,,,,,,,,,,False,
1475,hangzhou,g00250x00378,hangzhou_station_5e2dac366dbc,2017-07,gsc_pending,housing+poi+population+viirs,,,,,,,,,,,,,,,,False,same_city:No treated unit is inside explicit donor common support
1476,hangzhou,g00251x00372,hangzhou_station_197384627dce,2017-07,pending,,,,,,,,,,,,,,,,,False,
1477,hangzhou,g00251x00374,hangzhou_station_8cfd78d116cd,2017-07,pending,,,,,,,,,,,,,,,,,False,
1478,nanchang,g00106x00090,nanchang_station_5e65bf58bf1d,2017-08,pending,,,,,,,,,,,,,,,,,False,
1479,nanchang,g00108x00090,nanchang_station_26c4240bb9cf,2017-08,pending,,,,,,,,,,,,,,,,,False,
1480,nanchang,g00110x00090,nanchang_station_ae8e60e5ef55,2017-08,pending,,,,,,,,,,,,,,,,,False,
1481,nanchang,g00112x00090,nanchang_station_71cf4db5783f,2017-08,pending,,,,,,,,,,,,,,,,,False,
1482,nanchang,g00115x00091,nanchang_station_68083aec62f7,2017-08,pending,,,,,,,,,,,,,,,,,False,
1483,nanchang,g00116x00092,nanchang_station_18091dd756db,2017-08,pending,,,,,,,,,,,,,,,,,False,
1484,nanchang,g00118x00091,nanchang_station_94712fe86afc,2017-08,pending,,,,,,,,,,,,,,,,,False,
1485,nanchang,g00121x00090,nanchang_station_8285d4089658,2017-08,pending,,,,,,,,,,,,,,,,,False,
1486,nanchang,g00121x00095,nanchang_station_640bf0097af6,2017-08,pending,,,,,,,,,,,,,,,,,False,
1487,nanchang,g00122x00091,nanchang_station_c886013f23e6,2017-08,pending,,,,,,,,,,,,,,,,,False,
1488,nanchang,g00122x00092,nanchang_station_869b0c743431,2017-08,pending,,,,,,,,,,,,,,,,,False,
1489,nanchang,g00123x00096,nanchang_station_0d0e3c945c3f,2017-08,pending,,,,,,,,,,,,,,,,,False,
1490,nanchang,g00126x00098,nanchang_station_626eeca31fb6,2017-08,matched,poi+population+viirs,Matching::Match_M1,same_city,nanchang,g00130x00103,nanchang::g00130x00103,8244.0,1.0,10.0,6.0,2.46498780562347,0.410534977509739,0.826555229293442,2.68770962257943,0.842988695390903,1.48717932148719,False,
1491,nanchang,g00128x00099,nanchang_station_128fec5cfe7b,2017-08,gsc_pending,poi+population+viirs,,,,,,,,,,,,,,,,False,same_city:preonly_placebo_quality_gate_failed
1492,nanchang,g00130x00100,nanchang_station_c8f3fb2345aa,2017-08,pending,,,,,,,,,,,,,,,,,False,
1493,nanchang,g00132x00101,nanchang_station_fe00b9f7366f,2017-08,gsc_pending,poi+population+viirs,,,,,,,,,,,,,,,,False,same_city:No treated unit is inside explicit donor common support
1494,kunming,g00152x00113,kunming_station_e7bfc7e883da,2017-08,pending,,,,,,,,,,,,,,,,,False,
1495,kunming,g00155x00114,kunming_station_533e3b7c5cbc,2017-08,pending,,,,,,,,,,,,,,,,,False,
1496,kunming,g00157x00116,kunming_station_17adffe0d8d8,2017-08,pending,,,,,,,,,,,,,,,,,False,
1497,kunming,g00160x00117,kunming_station_b9c820e0e449,2017-08,pending,,,,,,,,,,,,,,,,,False,
1498,kunming,g00161x00118,kunming_station_1209fb14ca02,2017-08,matched,poi+population+viirs,Matching::Match_M1,same_city,kunming,g00151x00128,kunming::g00151x00128,12906.0,1.0,10.0,6.0,1.34214850488256,0.141523061147429,0.276147136689055,2.68417599065164,0.758056599315061,1.31862774883856,False,
1499,kunming,g00161x00132,kunming_station_610377432c4d,2017-08,pending,,,,,,,,,,,,,,,,,False,
1500,kunming,g00161x00136,kunming_station_4643d5e6dedb,2017-08,pending,,,,,,,,,,,,,,,,,False,
1501,kunming,g00161x00138,kunming_station_155528b583e0,2017-08,pending,,,,,,,,,,,,,,,,,False,
1502,kunming,g00161x00141,kunming_station_40d9f475cad3,2017-08,matched,poi+population+viirs,Matching::Match_M1,same_city,kunming,g00167x00119,kunming::g00167x00119,12906.0,1.0,10.0,6.0,1.53160050202567,0.530928285207575,0.919600422606586,2.68417599065164,0.758056599315061,1.31862774883856,False,
1503,kunming,g00161x00143,kunming_station_70b53c4b03ad,2017-08,pending,,,,,,,,,,,,,,,,,False,
1504,kunming,g00163x00124,kunming_station_c37a7f9fda5a,2017-08,pending,,,,,,,,,,,,,,,,,False,
1505,kunming,g00163x00126,kunming_station_528303cdccef,2017-08,pending,,,,,,,,,,,,,,,,,False,
1506,kunming,g00163x00128,kunming_station_cf0f6a3b6487,2017-08,pending,,,,,,,,,,,,,,,,,False,
1507,kunming,g00164x00120,kunming_station_4cf507014eca,2017-08,matched,poi+population+viirs,Matching::Match_M1,same_city,kunming,g00159x00121,kunming::g00159x00121,12906.0,1.0,10.0,6.0,1.23222615844031,0.321278075809805,0.447881160620753,2.68417599065164,0.758056599315061,1.31862774883856,False,
1508,kunming,g00164x00122,kunming_station_674805e48f19,2017-08,pending,,,,,,,,,,,,,,,,,False,
1509,kunming,g00164x00166,kunming_station_cd4cfdb2cb91,2017-08,pending,,,,,,,,,,,,,,,,,False,
1510,kunming,g00171x00174,kunming_station_5c4d8bd0a2bc,2017-08,pending,,,,,,,,,,,,,,,,,False,
1511,chengdu,g00125x00208,chengdu_station_d3dfa64e2420,2017-09,pending,,,,,,,,,,,,,,,,,False,
1512,chengdu,g00128x00210,chengdu_station_d5be0bb1c279,2017-09,pending,,,,,,,,,,,,,,,,,False,
1513,chengdu,g00129x00216,chengdu_station_928416d7783f,2017-09,matched,poi+population,Matching::Match_M1,same_city,chengdu,g00153x00239,chengdu::g00153x00239,23783.0,1.0,8.0,5.0,1.05384509149286,0.196636864066262,0.33453640847503,1.6221934520605,0.614723928959107,1.05257026404876,False,
1514,chengdu,g00132x00217,chengdu_station_f0d3c39afa5e,2017-09,pending,,,,,,,,,,,,,,,,,False,
1515,chengdu,g00135x00220,chengdu_station_8fdbdebf9c4f,2017-09,gsc_pending,poi+population,,,,,,,,,,,,,,,,False,same_city:preonly_placebo_quality_gate_failed
1516,nanjing,g00199x00121,nanjing_station_1b1694b00cf5,2017-10,gsc_pending,poi+population+viirs,,,,,,,,,,,,,,,,False,same_city:preonly_placebo_quality_gate_failed
1517,nanjing,g00203x00118,nanjing_station_ba94982f3278,2017-10,pending,,,,,,,,,,,,,,,,,False,
1518,zhengzhou,g00096x00226,zhengzhou_station_a469b3c59b59,2017-11,gsc_pending,population+viirs,,,,,,,,,,,,,,,,False,same_city:preonly_placebo_quality_gate_failed
1519,chengdu,g00131x00228,chengdu_station_c57339b8ef9c,2017-12,pending,,,,,,,,,,,,,,,,,False,
1520,chengdu,g00131x00230,chengdu_station_3148230dbff2,2017-12,pending,,,,,,,,,,,,,,,,,False,
1521,chengdu,g00131x00234,chengdu_station_7ef61162ead5,2017-12,pending,,,,,,,,,,,,,,,,,False,
1522,chengdu,g00132x00225,chengdu_station_8c15062af02a,2017-12,pending,,,,,,,,,,,,,,,,,False,
1523,chengdu,g00133x00239,chengdu_station_388e2d36060b,2017-12,pending,,,,,,,,,,,,,,,,,False,
1524,chengdu,g00134x00241,chengdu_station_94cc9a98e870,2017-12,pending,,,,,,,,,,,,,,,,,False,
1525,chengdu,g00136x00242,chengdu_station_65fdd543c824,2017-12,pending,,,,,,,,,,,,,,,,,False,
1526,chengdu,g00138x00218,chengdu_station_b3e807fcc13b,2017-12,pending,,,,,,,,,,,,,,,,,False,
1527,chengdu,g00138x00242,chengdu_station_20c97466095f,2017-12,pending,,,,,,,,,,,,,,,,,False,
1528,chengdu,g00140x00242,chengdu_station_702f6ac830cc,2017-12,pending,,,,,,,,,,,,,,,,,False,
1529,chengdu,g00142x00242,chengdu_station_e4becb978f4d,2017-12,pending,,,,,,,,,,,,,,,,,False,
1530,chengdu,g00144x00242,chengdu_station_ebb0744fe113,2017-12,pending,,,,,,,,,,,,,,,,,False,
1531,chengdu,g00146x00217,chengdu_station_e1e7305cc1d1,2017-12,pending,,,,,,,,,,,,,,,,,False,
1532,chengdu,g00147x00218,chengdu_station_e67d3f554457,2017-12,matched,poi+population,Matching::Match_M1,same_city,chengdu,g00161x00222,chengdu::g00161x00222,23783.0,1.0,8.0,5.0,1.15734439426813,0.302805491182332,0.330718108764733,1.6221934520605,0.614723928959107,1.05257026404876,False,
1533,chengdu,g00149x00219,chengdu_station_a0d07cedf10a,2017-12,pending,,,,,,,,,,,,,,,,,False,
1534,chengdu,g00149x00238,chengdu_station_e023ee11b4be,2017-12,pending,,,,,,,,,,,,,,,,,False,
1535,chengdu,g00151x00221,chengdu_station_bfdf7078bbd6,2017-12,pending,,,,,,,,,,,,,,,,,False,
1536,chengdu,g00151x00223,chengdu_station_939afd892072,2017-12,matched,poi+population,Matching::Match_M1,same_city,chengdu,g00129x00124,chengdu::g00129x00124,23783.0,1.0,8.0,5.0,1.29606836694274,0.242497066959201,0.381137318176114,1.6221934520605,0.614723928959107,1.05257026404876,False,
1537,chengdu,g00151x00225,chengdu_station_ab4a6e5617a1,2017-12,pending,,,,,,,,,,,,,,,,,False,
1538,chengdu,g00151x00226,chengdu_station_849e3be13462,2017-12,pending,,,,,,,,,,,,,,,,,False,
1539,chengdu,g00151x00228,chengdu_station_f84a7a2930ce,2017-12,pending,,,,,,,,,,,,,,,,,False,
1540,chengdu,g00151x00230,chengdu_station_f7749b58990d,2017-12,pending,,,,,,,,,,,,,,,,,False,
1541,chengdu,g00151x00236,chengdu_station_c55ad22a2392,2017-12,pending,,,,,,,,,,,,,,,,,False,
1542,nanjing,g00171x00048,nanjing_station_1565e83f4d7e,2017-12,pending,,,,,,,,,,,,,,,,,False,
1543,nanjing,g00173x00050,nanjing_station_222e28e80fa7,2017-12,pending,,,,,,,,,,,,,,,,,False,
1544,nanjing,g00176x00053,nanjing_station_1cb70366a166,2017-12,pending,,,,,,,,,,,,,,,,,False,
1545,nanjing,g00178x00055,nanjing_station_6d4d5e834431,2017-12,pending,,,,,,,,,,,,,,,,,False,
1546,nanjing,g00179x00075,nanjing_station_4ce00a9d9c9e,2017-12,pending,,,,,,,,,,,,,,,,,False,
1547,nanjing,g00180x00057,nanjing_station_9608c581c4db,2017-12,pending,,,,,,,,,,,,,,,,,False,
1548,nanjing,g00181x00078,nanjing_station_27bdf87e9eb1,2017-12,pending,,,,,,,,,,,,,,,,,False,
1549,nanjing,g00182x00058,nanjing_station_67041d21d04b,2017-12,pending,,,,,,,,,,,,,,,,,False,
1550,nanjing,g00184x00091,nanjing_station_c5480b80e52e,2017-12,pending,,,,,,,,,,,,,,,,,False,
1551,nanjing,g00184x00094,nanjing_station_b5eb9cb9a665,2017-12,pending,,,,,,,,,,,,,,,,,False,
1552,nanjing,g00184x00097,nanjing_station_fc2f3380beb2,2017-12,matched,poi+population+viirs,Matching::Match_M1,same_city,nanjing,g00200x00118,nanjing::g00200x00118,9586.0,1.0,11.0,6.0,1.66684635224958,0.308782291814286,0.637747128157701,2.39700629149474,0.713315817566523,1.35585929990778,False,
1553,nanjing,g00185x00080,nanjing_station_887662462be9,2017-12,pending,,,,,,,,,,,,,,,,,False,
1554,nanjing,g00186x00081,nanjing_station_fb9c278a84f4,2017-12,gsc_pending,poi+population+viirs,,,,,,,,,,,,,,,,False,same_city:preonly_placebo_quality_gate_failed
1555,nanjing,g00186x00084,nanjing_station_60f786e1c561,2017-12,pending,,,,,,,,,,,,,,,,,False,
1556,nanjing,g00187x00082,nanjing_station_b7ca01be4a87,2017-12,pending,,,,,,,,,,,,,,,,,False,
1557,qingdao,g00150x00183,qingdao_station_64a6c8cb67b8,2017-12,gsc_pending,poi+population+viirs,,,,,,,,,,,,,,,,False,same_city:No treated unit is inside explicit donor common support
1558,qingdao,g00150x00185,qingdao_station_db38d4d2b240,2017-12,pending,,,,,,,,,,,,,,,,,False,
1559,qingdao,g00150x00187,qingdao_station_1caab365228f,2017-12,pending,,,,,,,,,,,,,,,,,False,
1560,qingdao,g00151x00179,qingdao_station_58e58753ea8b,2017-12,pending,,,,,,,,,,,,,,,,,False,
1561,qingdao,g00151x00191,qingdao_station_2fd85c683721,2017-12,pending,,,,,,,,,,,,,,,,,False,
1562,qingdao,g00152x00193,qingdao_station_68fab8d01fc3,2017-12,pending,,,,,,,,,,,,,,,,,False,
1563,qingdao,g00154x00194,qingdao_station_b404ae7d2017,2017-12,gsc_pending,housing+poi+population+viirs,,,,,,,,,,,,,,,,False,same_city:No treated unit is inside explicit donor common support
1564,qingdao,g00157x00197,qingdao_station_03a33e98605c,2017-12,pending,,,,,,,,,,,,,,,,,False,
1565,qingdao,g00160x00195,qingdao_station_ecca2973e883,2017-12,pending,,,,,,,,,,,,,,,,,False,
1566,qingdao,g00161x00194,qingdao_station_c31d254b197c,2017-12,pending,,,,,,,,,,,,,,,,,False,
1567,qingdao,g00164x00193,qingdao_station_ae80badce01b,2017-12,pending,,,,,,,,,,,,,,,,,False,
1568,qingdao,g00168x00193,qingdao_station_7b7ce8e30d02,2017-12,pending,,,,,,,,,,,,,,,,,False,
1569,qingdao,g00169x00192,qingdao_station_21587d4e2052,2017-12,pending,,,,,,,,,,,,,,,,,False,
1570,changsha,g00105x00232,changsha_station_961513ef31eb,2017-12,gsc_pending,poi+population+viirs,,,,,,,,,,,,,,,,False,same_city:No treated unit is inside explicit donor common support
1571,hefei,g00220x00102,hefei_station_3b882d515580,2017-12,pending,,,,,,,,,,,,,,,,,False,
1572,hefei,g00220x00104,hefei_station_ed3ea60243fd,2017-12,gsc_pending,poi+population+viirs,,,,,,,,,,,,,,,,False,same_city:Fewer than three complete donors or missing treated feature row
1573,hefei,g00220x00105,hefei_station_ec15829ee46c,2017-12,pending,,,,,,,,,,,,,,,,,False,
1574,hefei,g00220x00108,hefei_station_19e6c342e98a,2017-12,pending,,,,,,,,,,,,,,,,,False,
1575,hefei,g00220x00111,hefei_station_4914d0c49739,2017-12,pending,,,,,,,,,,,,,,,,,False,
1576,hefei,g00220x00115,hefei_station_b5992ba3b829,2017-12,pending,,,,,,,,,,,,,,,,,False,
1577,hefei,g00221x00117,hefei_station_f8c90f345cd9,2017-12,pending,,,,,,,,,,,,,,,,,False,
1578,hefei,g00221x00119,hefei_station_98b85ae4cddb,2017-12,pending,,,,,,,,,,,,,,,,,False,
1579,hefei,g00221x00122,hefei_station_bf435241e936,2017-12,pending,,,,,,,,,,,,,,,,,False,
1580,hefei,g00221x00128,hefei_station_d0d8810cb3dc,2017-12,gsc_pending,poi+population+viirs,,,,,,,,,,,,,,,,False,same_city:Fewer than three complete donors or missing treated feature row
1581,hefei,g00221x00130,hefei_station_990d510fce0e,2017-12,pending,,,,,,,,,,,,,,,,,False,
1582,hefei,g00222x00132,hefei_station_f4577e276027,2017-12,gsc_pending,poi+population+viirs,,,,,,,,,,,,,,,,False,same_city:Fewer than three complete donors or missing treated feature row
1583,hefei,g00222x00134,hefei_station_ebf91e51bf15,2017-12,pending,,,,,,,,,,,,,,,,,False,
1584,hefei,g00224x00139,hefei_station_74d74373a105,2017-12,pending,,,,,,,,,,,,,,,,,False,
1585,hefei,g00224x00141,hefei_station_9153f5e51c61,2017-12,pending,,,,,,,,,,,,,,,,,False,
1586,hefei,g00224x00144,hefei_station_5271eb71e93e,2017-12,pending,,,,,,,,,,,,,,,,,False,
1587,hefei,g00224x00149,hefei_station_76f700be9c94,2017-12,pending,,,,,,,,,,,,,,,,,False,
1588,hefei,g00224x00151,hefei_station_26c198afbcf5,2017-12,pending,,,,,,,,,,,,,,,,,False,
1589,hefei,g00224x00153,hefei_station_5badb09b962c,2017-12,pending,,,,,,,,,,,,,,,,,False,
1590,hefei,g00224x00155,hefei_station_f606912f022d,2017-12,pending,,,,,,,,,,,,,,,,,False,
1591,wuhan,g00150x00151,wuhan_station_79a6b3da7ea4,2017-12,pending,,,,,,,,,,,,,,,,,False,
1592,wuhan,g00150x00152,wuhan_station_a4d2faf82398,2017-12,pending,,,,,,,,,,,,,,,,,False,
1593,wuhan,g00153x00148,wuhan_station_bb1d4c23e57f,2017-12,gsc_pending,poi+population+viirs,,,,,,,,,,,,,,,,False,same_city:No treated unit is inside explicit donor common support
1594,wuhan,g00154x00146,wuhan_station_56743ce819a4,2017-12,pending,,,,,,,,,,,,,,,,,False,
1595,wuhan,g00157x00141,wuhan_station_f066e37fde60,2017-12,pending,,,,,,,,,,,,,,,,,False,
1596,wuhan,g00160x00139,wuhan_station_9ef5d3424656,2017-12,pending,,,,,,,,,,,,,,,,,False,
1597,wuhan,g00161x00137,wuhan_station_88eb4a7d3f2f,2017-12,pending,,,,,,,,,,,,,,,,,False,
1598,wuhan,g00165x00136,wuhan_station_1593d6160614,2017-12,pending,,,,,,,,,,,,,,,,,False,
1599,wuhan,g00167x00105,wuhan_station_08b2d906289a,2017-12,matched,population+viirs,Matching::Match_M1,same_city,wuhan,g00153x00092,wuhan::g00153x00092,52161.0,1.0,4.0,2.0,0.503371969221403,0.43224919359703,0.606002692392078,0.557444340980471,0.572263707696402,0.789206274080556,False,
1600,wuhan,g00167x00136,wuhan_station_e1586f2b6456,2017-12,gsc_pending,population+viirs,,,,,,,,,,,,,,,,False,same_city:preonly_placebo_quality_gate_failed
1601,wuhan,g00167x00140,wuhan_station_cc729bb83073,2017-12,pending,,,,,,,,,,,,,,,,,False,
1602,wuhan,g00168x00142,wuhan_station_d22f0e7333ca,2017-12,pending,,,,,,,,,,,,,,,,,False,
1603,wuhan,g00168x00146,wuhan_station_b20d5fe2fbc8,2017-12,pending,,,,,,,,,,,,,,,,,False,
1604,wuhan,g00170x00105,wuhan_station_b3e1d7154509,2017-12,pending,,,,,,,,,,,,,,,,,False,
1605,wuhan,g00171x00135,wuhan_station_603637fd5e89,2017-12,pending,,,,,,,,,,,,,,,,,False,
1606,wuhan,g00171x00148,wuhan_station_5c1713393cff,2017-12,pending,,,,,,,,,,,,,,,,,False,
1607,wuhan,g00173x00136,wuhan_station_8e5e4fd7a5c1,2017-12,pending,,,,,,,,,,,,,,,,,False,
1608,wuhan,g00173x00152,wuhan_station_d07011e629d4,2017-12,pending,,,,,,,,,,,,,,,,,False,
1609,wuhan,g00174x00154,wuhan_station_4d59864bd96e,2017-12,pending,,,,,,,,,,,,,,,,,False,
1610,wuhan,g00177x00191,wuhan_station_2b81568d3e91,2017-12,pending,,,,,,,,,,,,,,,,,False,
1611,wuhan,g00178x00188,wuhan_station_1691c311e8c7,2017-12,pending,,,,,,,,,,,,,,,,,False,
1612,wuhan,g00178x00197,wuhan_station_dd0990cf687b,2017-12,pending,,,,,,,,,,,,,,,,,False,
1613,wuhan,g00179x00157,wuhan_station_e8ff5c323d82,2017-12,gsc_pending,population+viirs,,,,,,,,,,,,,,,,False,same_city:preonly_placebo_quality_gate_failed
1614,wuhan,g00179x00165,wuhan_station_2275df6d49d8,2017-12,pending,,,,,,,,,,,,,,,,,False,
1615,wuhan,g00179x00174,wuhan_station_d8f7fe2b83ab,2017-12,pending,,,,,,,,,,,,,,,,,False,
1616,wuhan,g00179x00181,wuhan_station_a1e4465cadcd,2017-12,matched,poi+population+viirs,Matching::Match_M1,same_city,wuhan,g00165x00190,wuhan::g00165x00190,11762.0,1.0,10.0,6.0,1.03822153606594,0.271823551354007,0.510419889758977,2.44603884250021,0.808266947836429,1.48651579562091,False,
1617,wuhan,g00179x00183,wuhan_station_c5efef91c7f4,2017-12,pending,,,,,,,,,,,,,,,,,False,
1618,wuhan,g00180x00161,wuhan_station_3658957763b2,2017-12,pending,,,,,,,,,,,,,,,,,False,
1619,wuhan,g00180x00201,wuhan_station_1a73576d1370,2017-12,pending,,,,,,,,,,,,,,,,,False,
1620,hangzhou,g00251x00370,hangzhou_station_52cdb8a76196,2017-12,pending,,,,,,,,,,,,,,,,,False,
1621,hangzhou,g00252x00368,hangzhou_station_e88f436ca307,2017-12,pending,,,,,,,,,,,,,,,,,False,
1622,hangzhou,g00255x00368,hangzhou_station_efd718791ea6,2017-12,pending,,,,,,,,,,,,,,,,,False,
1623,hangzhou,g00257x00368,hangzhou_station_7ad9304e41c2,2017-12,pending,,,,,,,,,,,,,,,,,False,
1624,hangzhou,g00259x00367,hangzhou_station_7415556f7414,2017-12,pending,,,,,,,,,,,,,,,,,False,
1625,hangzhou,g00262x00366,hangzhou_station_5898195c956c,2017-12,pending,,,,,,,,,,,,,,,,,False,
1626,hangzhou,g00263x00366,hangzhou_station_3c163e579e7e,2017-12,pending,,,,,,,,,,,,,,,,,False,
1627,hangzhou,g00266x00364,hangzhou_station_4b8541775c2b,2017-12,pending,,,,,,,,,,,,,,,,,False,
1628,hangzhou,g00268x00358,hangzhou_station_bdd62cbcf6cf,2017-12,pending,,,,,,,,,,,,,,,,,False,
1629,hangzhou,g00268x00360,hangzhou_station_b5345b0aab70,2017-12,pending,,,,,,,,,,,,,,,,,False,
1630,chongqing,g00335x00264,chongqing_station_cf0e275a1c6a,2017-12,pending,,,,,,,,,,,,,,,,,False,
1631,chongqing,g00338x00253,chongqing_station_e96f89d776ab,2017-12,matched,poi+population+viirs,Matching::Match_M1,same_city,chongqing,g00286x00141,chongqing::g00286x00141,74580.0,1.0,10.0,6.0,1.83311034347373,0.244183361860362,0.497585577807827,2.54965602550683,0.600196941454308,1.30507507876469,False,
1632,chongqing,g00340x00263,chongqing_station_efef7d2b0f1e,2017-12,pending,,,,,,,,,,,,,,,,,False,
1633,chongqing,g00343x00263,chongqing_station_a5b00011545e,2017-12,pending,,,,,,,,,,,,,,,,,False,
1634,chongqing,g00344x00255,chongqing_station_67ba165a3a66,2017-12,pending,,,,,,,,,,,,,,,,,False,
1635,chongqing,g00346x00258,chongqing_station_37fd157711d1,2017-12,pending,,,,,,,,,,,,,,,,,False,
1636,chongqing,g00347x00260,chongqing_station_5284d73bf8bc,2017-12,pending,,,,,,,,,,,,,,,,,False,
1637,chongqing,g00347x00266,chongqing_station_8dec7e3c5e12,2017-12,pending,,,,,,,,,,,,,,,,,False,
1638,chongqing,g00349x00270,chongqing_station_6b7ffa884465,2017-12,pending,,,,,,,,,,,,,,,,,False,
1639,chongqing,g00351x00259,chongqing_station_608291d6635d,2017-12,pending,,,,,,,,,,,,,,,,,False,
1640,chongqing,g00354x00261,chongqing_station_0a1e7fe1d1c3,2017-12,gsc_pending,poi+population,,,,,,,,,,,,,,,,False,same_city:preonly_placebo_quality_gate_failed
1641,chongqing,g00354x00277,chongqing_station_959a68c6c0ec,2017-12,pending,,,,,,,,,,,,,,,,,False,
1642,chongqing,g00356x00263,chongqing_station_167d0d4711ce,2017-12,pending,,,,,,,,,,,,,,,,,False,
1643,chongqing,g00357x00265,chongqing_station_596700349c8d,2017-12,pending,,,,,,,,,,,,,,,,,False,
1644,chongqing,g00357x00278,chongqing_station_1bf920e07c08,2017-12,pending,,,,,,,,,,,,,,,,,False,
1645,chongqing,g00365x00283,chongqing_station_f7a38e9b41c9,2017-12,pending,,,,,,,,,,,,,,,,,False,
1646,chongqing,g00367x00278,chongqing_station_9544c43e570e,2017-12,pending,,,,,,,,,,,,,,,,,False,
1647,chongqing,g00368x00267,chongqing_station_c40e81fa18c5,2017-12,matched,poi+population,Matching::Match_M1,same_city,chongqing,g00354x00301,chongqing::g00354x00301,109063.0,1.0,8.0,5.0,0.23572602312435,0.0354717604104761,0.0709435208209521,1.26074347728858,0.630847175677275,1.22043510510275,False,
1648,chongqing,g00368x00269,chongqing_station_95c26c3c1791,2017-12,pending,,,,,,,,,,,,,,,,,False,
1649,chongqing,g00368x00271,chongqing_station_e0f15a3416b0,2017-12,pending,,,,,,,,,,,,,,,,,False,
1650,chongqing,g00368x00274,chongqing_station_77623c0620d4,2017-12,pending,,,,,,,,,,,,,,,,,False,
1651,guangzhou,g00138x00128,guangzhou_station_d763cbf1a0ab,2017-12,pending,,,,,,,,,,,,,,,,,False,
1652,guangzhou,g00140x00120,guangzhou_station_a9917fb4c66a,2017-12,matched,poi+population+viirs,Matching::Match_M1,same_city,guangzhou,g00149x00123,guangzhou::g00149x00123,9439.0,1.0,11.0,6.0,1.14809428958586,0.410006185871618,0.546909597077757,1.91395014034916,0.588735699499359,1.06247641914856,False,
1653,guangzhou,g00140x00124,guangzhou_station_d7fcfa712330,2017-12,pending,,,,,,,,,,,,,,,,,False,
1654,guangzhou,g00191x00139,guangzhou_station_07ae29dab701,2017-12,pending,,,,,,,,,,,,,,,,,False,
1655,guangzhou,g00193x00137,guangzhou_station_682620ddd4b7,2017-12,pending,,,,,,,,,,,,,,,,,False,
1656,guangzhou,g00197x00086,guangzhou_station_60792c9bee43,2017-12,pending,,,,,,,,,,,,,,,,,False,
1657,guangzhou,g00197x00133,guangzhou_station_daf16ec0f5f9,2017-12,pending,,,,,,,,,,,,,,,,,False,
1658,guangzhou,g00200x00130,guangzhou_station_9f7e963efa6d,2017-12,pending,,,,,,,,,,,,,,,,,False,
1659,guangzhou,g00202x00057,guangzhou_station_8320731165d0,2017-12,pending,,,,,,,,,,,,,,,,,False,
1660,guangzhou,g00202x00063,guangzhou_station_e769e4937ea5,2017-12,pending,,,,,,,,,,,,,,,,,False,
1661,guangzhou,g00202x00069,guangzhou_station_10f522030cac,2017-12,pending,,,,,,,,,,,,,,,,,False,
1662,guangzhou,g00203x00127,guangzhou_station_ea531b240dea,2017-12,gsc_pending,poi+population+viirs,,,,,,,,,,,,,,,,False,same_city:preonly_placebo_quality_gate_failed
1663,guangzhou,g00204x00070,guangzhou_station_8b251499a56c,2017-12,pending,,,,,,,,,,,,,,,,,False,
1664,guangzhou,g00205x00076,guangzhou_station_68c65b5091fd,2017-12,pending,,,,,,,,,,,,,,,,,False,
1665,guangzhou,g00207x00071,guangzhou_station_54744430eb22,2017-12,pending,,,,,,,,,,,,,,,,,False,
1666,guangzhou,g00208x00125,guangzhou_station_4642a65892df,2017-12,pending,,,,,,,,,,,,,,,,,False,
1667,guangzhou,g00211x00121,guangzhou_station_f3431c6127c3,2017-12,matched,poi+population+viirs,Matching::Match_M1,same_city,guangzhou,g00213x00123,guangzhou::g00213x00123,9439.0,1.0,11.0,6.0,1.16240611154073,0.0959655806767749,0.185925426413307,1.91395014034916,0.588735699499359,1.06247641914856,False,
1668,guiyang,g00112x00135,guiyang_station_aae9090d3282,2017-12,gsc_pending,poi+population+viirs,,,,,,,,,,,,,,,,False,same_city:Fewer than three complete donors or missing treated feature row
1669,guiyang,g00117x00126,guiyang_station_a4e5d9d93f95,2017-12,pending,,,,,,,,,,,,,,,,,False,
1670,guiyang,g00120x00125,guiyang_station_48d863d28f31,2017-12,pending,,,,,,,,,,,,,,,,,False,
1671,guiyang,g00123x00117,guiyang_station_38fc14a085ec,2017-12,pending,,,,,,,,,,,,,,,,,False,
1672,guiyang,g00123x00123,guiyang_station_23c36d86ef46,2017-12,pending,,,,,,,,,,,,,,,,,False,
1673,guiyang,g00124x00112,guiyang_station_d284b9f67e3d,2017-12,pending,,,,,,,,,,,,,,,,,False,
1674,guiyang,g00125x00110,guiyang_station_81658d2326c8,2017-12,pending,,,,,,,,,,,,,,,,,False,
1675,nanning,g00130x00230,nanning_station_4675859ea2fe,2017-12,pending,,,,,,,,,,,,,,,,,False,
1676,nanning,g00132x00229,nanning_station_b1f6e66e6b94,2017-12,pending,,,,,,,,,,,,,,,,,False,
1677,nanning,g00134x00228,nanning_station_d75eddcf800c,2017-12,pending,,,,,,,,,,,,,,,,,False,
1678,nanning,g00136x00227,nanning_station_3878bf224229,2017-12,pending,,,,,,,,,,,,,,,,,False,
1679,nanning,g00139x00225,nanning_station_095b478d81d5,2017-12,pending,,,,,,,,,,,,,,,,,False,
1680,nanning,g00143x00225,nanning_station_d83a1594b623,2017-12,pending,,,,,,,,,,,,,,,,,False,
1681,nanning,g00144x00225,nanning_station_5727eabd5edf,2017-12,pending,,,,,,,,,,,,,,,,,False,
1682,nanning,g00148x00226,nanning_station_a26810ff4569,2017-12,pending,,,,,,,,,,,,,,,,,False,
1683,nanning,g00151x00227,nanning_station_348d158d68e1,2017-12,pending,,,,,,,,,,,,,,,,,False,
1684,nanning,g00152x00227,nanning_station_a4d9ac66f638,2017-12,pending,,,,,,,,,,,,,,,,,False,
1685,nanning,g00158x00225,nanning_station_fc651ec10f9e,2017-12,pending,,,,,,,,,,,,,,,,,False,
1686,nanning,g00160x00224,nanning_station_f1554e68654a,2017-12,gsc_pending,poi+population+viirs,,,,,,,,,,,,,,,,False,same_city:No treated unit is inside explicit donor common support
1687,nanning,g00162x00223,nanning_station_ee97db73fac7,2017-12,matched,poi+population+viirs,Matching::Match_M1,same_city,nanning,g00151x00224,nanning::g00151x00224,12629.0,1.0,10.0,6.0,1.69480808014443,0.504531943708114,0.770400585637178,3.04104963419397,0.85751760945485,1.46696249488172,False,
1688,nanning,g00167x00223,nanning_station_10f03724d9cf,2017-12,pending,,,,,,,,,,,,,,,,,False,
1689,beijing,g00075x00121,beijing_station_df25bfd63cc0,2017-12,pending,,,,,,,,,,,,,,,,,False,
1690,beijing,g00076x00118,beijing_station_cdf6f8d604d7,2017-12,matched,poi+population+viirs,Matching::Match_M1,same_city,beijing,g00187x00233,beijing::g00187x00233,15799.0,1.0,11.0,6.0,1.30494775559372,0.297070081722638,0.560354535552952,1.80638392189818,0.586731909738558,1.12452517883123,False,
1691,beijing,g00076x00123,beijing_station_db5b058d2cda,2017-12,matched,poi+population+viirs,Matching::Match_M1,same_city,beijing,g00080x00123,beijing::g00080x00123,15799.0,1.0,11.0,6.0,1.31714141931148,0.303506877950228,0.586169885032704,1.80638392189818,0.586731909738558,1.12452517883123,False,
1692,beijing,g00077x00127,beijing_station_3d54742fe9b4,2017-12,pending,,,,,,,,,,,,,,,,,False,
1693,beijing,g00078x00131,beijing_station_a310dc562fb4,2017-12,pending,,,,,,,,,,,,,,,,,False,
1694,beijing,g00078x00134,beijing_station_3dbff28fee55,2017-12,pending,,,,,,,,,,,,,,,,,False,
1695,beijing,g00079x00116,beijing_station_f06844088f3a,2017-12,pending,,,,,,,,,,,,,,,,,False,
1696,beijing,g00080x00135,beijing_station_394cf44e61d5,2017-12,pending,,,,,,,,,,,,,,,,,False,
1697,beijing,g00081x00137,beijing_station_22f32000bbbe,2017-12,pending,,,,,,,,,,,,,,,,,False,
1698,beijing,g00115x00202,beijing_station_e52c013bcae9,2017-12,pending,,,,,,,,,,,,,,,,,False,
1699,beijing,g00117x00138,beijing_station_5ea0cda73d06,2017-12,pending,,,,,,,,,,,,,,,,,False,
1700,beijing,g00117x00140,beijing_station_323090c3a7e6,2017-12,pending,,,,,,,,,,,,,,,,,False,
1701,beijing,g00118x00142,beijing_station_4412fe96681d,2017-12,pending,,,,,,,,,,,,,,,,,False,
1702,beijing,g00120x00142,beijing_station_9e6b591dc347,2017-12,pending,,,,,,,,,,,,,,,,,False,
1703,beijing,g00122x00142,beijing_station_4dd62165c07b,2017-12,pending,,,,,,,,,,,,,,,,,False,
1704,beijing,g00122x00144,beijing_station_12b2e482f011,2017-12,pending,,,,,,,,,,,,,,,,,False,
1705,beijing,g00137x00160,beijing_station_f4167ba028a0,2017-12,pending,,,,,,,,,,,,,,,,,False,
1706,beijing,g00137x00163,beijing_station_071f00bb0896,2017-12,pending,,,,,,,,,,,,,,,,,False,
1707,beijing,g00138x00166,beijing_station_7c0d9076030d,2017-12,pending,,,,,,,,,,,,,,,,,False,
1708,beijing,g00140x00156,beijing_station_b4ea7f4976d7,2017-12,pending,,,,,,,,,,,,,,,,,False,
1709,beijing,g00140x00158,beijing_station_f4970a79992e,2017-12,matched,poi+population+viirs,Matching::Match_M1,same_city,beijing,g00132x00142,beijing::g00132x00142,15799.0,1.0,11.0,6.0,1.04715394263923,0.170676085400716,0.270046865838675,1.80638392189818,0.586731909738558,1.12452517883123,False,
1710,beijing,g00146x00169,beijing_station_ba5a49ca95f6,2017-12,pending,,,,,,,,,,,,,,,,,False,
1711,shanghai,g00114x00053,shanghai_station_87383989472b,2017-12,pending,,,,,,,,,,,,,,,,,False,
1712,shanghai,g00114x00059,shanghai_station_97929ea3483e,2017-12,pending,,,,,,,,,,,,,,,,,False,
1713,shanghai,g00122x00065,shanghai_station_59295e1c28f6,2017-12,pending,,,,,,,,,,,,,,,,,False,
1714,shanghai,g00127x00074,shanghai_station_7e77b36e4a32,2017-12,pending,,,,,,,,,,,,,,,,,False,
1715,shanghai,g00127x00086,shanghai_station_37339ec09ae7,2017-12,pending,,,,,,,,,,,,,,,,,False,
1716,shanghai,g00128x00068,shanghai_station_4b169d7969fc,2017-12,gsc_pending,poi+population+viirs,,,,,,,,,,,,,,,,False,same_city:preonly_placebo_quality_gate_failed
1717,shanghai,g00128x00079,shanghai_station_9557758712c5,2017-12,pending,,,,,,,,,,,,,,,,,False,
1718,shanghai,g00128x00092,shanghai_station_3b51838ec779,2017-12,matched,poi+population+viirs,Matching::Match_M1,same_city,shanghai,g00121x00096,shanghai::g00121x00096,14619.0,1.0,11.0,6.0,0.510393515986093,0.0812042157054668,0.179454370863453,2.05102678580286,0.67733251082414,1.28568180123363,False,
1719,shanghai,g00130x00096,shanghai_station_6b62ad209f8c,2017-12,pending,,,,,,,,,,,,,,,,,False,
1720,shanghai,g00131x00098,shanghai_station_2ac57a160ed2,2017-12,pending,,,,,,,,,,,,,,,,,False,
1721,shanghai,g00133x00103,shanghai_station_3cc39624e349,2017-12,pending,,,,,,,,,,,,,,,,,False,
1722,shanghai,g00134x00106,shanghai_station_5260d26fd65f,2017-12,matched,poi+population+viirs,Matching::Match_M1,same_city,shanghai,g00147x00184,shanghai::g00147x00184,14619.0,1.0,11.0,6.0,1.32208887487167,0.323305213322583,0.662517203418157,2.05102678580286,0.67733251082414,1.28568180123363,False,
1723,shanghai,g00134x00111,shanghai_station_991616995f10,2017-12,pending,,,,,,,,,,,,,,,,,False,
1724,shanghai,g00142x00156,shanghai_station_5561627d6aab,2017-12,pending,,,,,,,,,,,,,,,,,False,
1725,shanghai,g00147x00164,shanghai_station_5e5909e45313,2017-12,pending,,,,,,,,,,,,,,,,,False,
1726,shanghai,g00148x00167,shanghai_station_e39cef2c6775,2017-12,pending,,,,,,,,,,,,,,,,,False,
1727,shanghai,g00149x00170,shanghai_station_069590f26d95,2017-12,pending,,,,,,,,,,,,,,,,,False,
1728,shanghai,g00149x00175,shanghai_station_a68af53e75ee,2017-12,pending,,,,,,,,,,,,,,,,,False,
1729,shanghai,g00150x00177,shanghai_station_fb433006fa5d,2017-12,pending,,,,,,,,,,,,,,,,,False,
1730,shanghai,g00151x00180,shanghai_station_27274a2257a8,2017-12,pending,,,,,,,,,,,,,,,,,False,
1731,xiamen,g00036x00059,xiamen_station_eab6dd8bf78c,2017-12,pending,,,,,,,,,,,,,,,,,False,
1732,xiamen,g00037x00060,xiamen_station_e6c806ac2936,2017-12,pending,,,,,,,,,,,,,,,,,False,
1733,xiamen,g00038x00062,xiamen_station_1c64c51261bc,2017-12,pending,,,,,,,,,,,,,,,,,False,
1734,xiamen,g00039x00063,xiamen_station_1dd2fef0e694,2017-12,gsc_pending,poi+population+viirs,,,,,,,,,,,,,,,,False,same_city:Fewer than three complete donors or missing treated feature row
1735,xiamen,g00041x00066,xiamen_station_be8f01466d4c,2017-12,pending,,,,,,,,,,,,,,,,,False,
1736,xiamen,g00043x00067,xiamen_station_f8fe688c18d8,2017-12,pending,,,,,,,,,,,,,,,,,False,
1737,xiamen,g00046x00068,xiamen_station_caf22ef081af,2017-12,pending,,,,,,,,,,,,,,,,,False,
1738,xiamen,g00048x00067,xiamen_station_d0de785c6781,2017-12,pending,,,,,,,,,,,,,,,,,False,
1739,xiamen,g00052x00066,xiamen_station_2336bd6a6ff1,2017-12,pending,,,,,,,,,,,,,,,,,False,
1740,xiamen,g00055x00066,xiamen_station_e67690a58a35,2017-12,pending,,,,,,,,,,,,,,,,,False,
1741,xiamen,g00061x00061,xiamen_station_df144bf2f598,2017-12,pending,,,,,,,,,,,,,,,,,False,
1742,xiamen,g00062x00056,xiamen_station_9cdd0604a877,2017-12,pending,,,,,,,,,,,,,,,,,False,
1743,xiamen,g00064x00054,xiamen_station_4fd3cdbf99a6,2017-12,gsc_pending,poi+population+viirs,,,,,,,,,,,,,,,,False,same_city:Fewer than three complete donors or missing treated feature row
1744,xiamen,g00064x00055,xiamen_station_2940a6700418,2017-12,pending,,,,,,,,,,,,,,,,,False,
1745,xiamen,g00067x00054,xiamen_station_1a55d86956e0,2017-12,pending,,,,,,,,,,,,,,,,,False,
1746,xiamen,g00069x00053,xiamen_station_35e86b2319ec,2017-12,pending,,,,,,,,,,,,,,,,,False,
1747,xiamen,g00072x00052,xiamen_station_371a525aba99,2017-12,gsc_pending,population+viirs,,,,,,,,,,,,,,,,False,same_city:Fewer than three complete donors or missing treated feature row
1748,xiamen,g00073x00053,xiamen_station_33354885c2f9,2017-12,pending,,,,,,,,,,,,,,,,,False,
1749,xiamen,g00074x00055,xiamen_station_53922bcd194d,2017-12,pending,,,,,,,,,,,,,,,,,False,
1750,xiamen,g00077x00057,xiamen_station_f4d2df5d0d47,2017-12,pending,,,,,,,,,,,,,,,,,False,
1751,xiamen,g00078x00056,xiamen_station_4b1d45f24f76,2017-12,pending,,,,,,,,,,,,,,,,,False,
1752,hangzhou,g00225x00377,hangzhou_station_3a0763db709d,2018-01,pending,,,,,,,,,,,,,,,,,False,
1753,hangzhou,g00227x00377,hangzhou_station_53ae81e16bc5,2018-01,pending,,,,,,,,,,,,,,,,,False,
1754,hangzhou,g00233x00378,hangzhou_station_68e87ee96a1b,2018-01,gsc_pending,poi+population+viirs,,,,,,,,,,,,,,,,False,same_city:preonly_placebo_quality_gate_failed
1755,hangzhou,g00234x00380,hangzhou_station_31c12d806879,2018-01,pending,,,,,,,,,,,,,,,,,False,
1756,hangzhou,g00236x00383,hangzhou_station_e61857a5a58b,2018-01,pending,,,,,,,,,,,,,,,,,False,
1757,chengdu,g00083x00229,chengdu_station_d31e11c72356,2018-03,pending,,,,,,,,,,,,,,,,,False,
1758,chengdu,g00086x00229,chengdu_station_d786a7d79a0e,2018-03,pending,,,,,,,,,,,,,,,,,False,
1759,chengdu,g00086x00230,chengdu_station_8683d6f10028,2018-03,pending,,,,,,,,,,,,,,,,,False,
1760,chengdu,g00089x00230,chengdu_station_b01ec80a697e,2018-03,matched,poi+population,Matching::Match_M1,same_city,chengdu,g00106x00256,chengdu::g00106x00256,27554.0,1.0,8.0,5.0,0.0205884660966559,0.0064940340667095,0.014521101621362,0.91339076845907,1.09170609303166,2.16891524348153,False,
1761,chengdu,g00093x00230,chengdu_station_4936e4c08336,2018-03,pending,,,,,,,,,,,,,,,,,False,
1762,chengdu,g00095x00229,chengdu_station_fd07c8c40f20,2018-03,pending,,,,,,,,,,,,,,,,,False,
1763,chengdu,g00097x00229,chengdu_station_e9047f728ca8,2018-03,pending,,,,,,,,,,,,,,,,,False,
1764,chengdu,g00100x00229,chengdu_station_3b982c437c69,2018-03,matched,poi+population,Matching::Match_M1,same_city,chengdu,g00130x00258,chengdu::g00130x00258,27554.0,1.0,8.0,5.0,0.0937756050809494,0.877043268366596,1.54155309906426,0.91339076845907,1.09170609303166,2.16891524348153,False,
1765,chengdu,g00103x00228,chengdu_station_e63251ab626a,2018-03,pending,,,,,,,,,,,,,,,,,False,
1766,chengdu,g00106x00229,chengdu_station_ccc4ea3a3872,2018-03,pending,,,,,,,,,,,,,,,,,False,
1767,chengdu,g00108x00229,chengdu_station_23a4e96e4190,2018-03,pending,,,,,,,,,,,,,,,,,False,
1768,chengdu,g00108x00231,chengdu_station_f311140c399c,2018-03,pending,,,,,,,,,,,,,,,,,False,
1769,shanghai,g00096x00149,shanghai_station_1888095e1e86,2018-03,pending,,,,,,,,,,,,,,,,,False,
1770,shanghai,g00098x00151,shanghai_station_f198aafbc003,2018-03,pending,,,,,,,,,,,,,,,,,False,
1771,shanghai,g00100x00151,shanghai_station_a4a301a40143,2018-03,pending,,,,,,,,,,,,,,,,,False,
1772,shanghai,g00101x00151,shanghai_station_c3306ebba726,2018-03,pending,,,,,,,,,,,,,,,,,False,
1773,shanghai,g00103x00150,shanghai_station_ca03dac6c526,2018-03,pending,,,,,,,,,,,,,,,,,False,
1774,shanghai,g00104x00147,shanghai_station_101bb857612f,2018-03,pending,,,,,,,,,,,,,,,,,False,
1775,qingdao,g00158x00199,qingdao_station_1bc28a1951da,2018-04,pending,,,,,,,,,,,,,,,,,False,
1776,qingdao,g00160x00200,qingdao_station_56aaff45e302,2018-04,pending,,,,,,,,,,,,,,,,,False,
1777,qingdao,g00163x00201,qingdao_station_15be61be827b,2018-04,pending,,,,,,,,,,,,,,,,,False,
1778,qingdao,g00166x00201,qingdao_station_3f2841b2c453,2018-04,pending,,,,,,,,,,,,,,,,,False,
1779,qingdao,g00168x00201,qingdao_station_875754c160b0,2018-04,pending,,,,,,,,,,,,,,,,,False,
1780,qingdao,g00172x00203,qingdao_station_1025a2b15fc7,2018-04,pending,,,,,,,,,,,,,,,,,False,
1781,qingdao,g00176x00206,qingdao_station_1168b0d96308,2018-04,gsc_pending,poi+population+viirs,,,,,,,,,,,,,,,,False,same_city:preonly_placebo_quality_gate_failed
1782,qingdao,g00182x00210,qingdao_station_aa1f657a1141,2018-04,gsc_pending,poi+population+viirs,,,,,,,,,,,,,,,,False,same_city:preonly_placebo_quality_gate_failed
1783,qingdao,g00188x00215,qingdao_station_c7122aed9214,2018-04,pending,,,,,,,,,,,,,,,,,False,
1784,qingdao,g00198x00223,qingdao_station_e085e3429bcd,2018-04,pending,,,,,,,,,,,,,,,,,False,
1785,qingdao,g00202x00227,qingdao_station_6b6e25063ce5,2018-04,pending,,,,,,,,,,,,,,,,,False,
1786,qingdao,g00212x00234,qingdao_station_9a45e6717c2d,2018-04,matched,population+viirs,Matching::Match_M1,same_city,qingdao,g00157x00210,qingdao::g00157x00210,60727.0,1.0,4.0,2.0,0.313091007702603,0.169313944831341,0.17893811603738,0.32075789765326,0.261751037041954,0.353201252089145,False,
1787,qingdao,g00216x00237,qingdao_station_e4d822d99b8b,2018-04,pending,,,,,,,,,,,,,,,,,False,
1788,qingdao,g00220x00237,qingdao_station_6646eea19dca,2018-04,pending,,,,,,,,,,,,,,,,,False,
1789,qingdao,g00224x00237,qingdao_station_58e4153003de,2018-04,pending,,,,,,,,,,,,,,,,,False,
1790,qingdao,g00227x00242,qingdao_station_a611d867f1e3,2018-04,pending,,,,,,,,,,,,,,,,,False,
1791,qingdao,g00233x00242,qingdao_station_6fa166a58a7e,2018-04,pending,,,,,,,,,,,,,,,,,False,
1792,qingdao,g00237x00243,qingdao_station_ccb2b82c89a1,2018-04,pending,,,,,,,,,,,,,,,,,False,
1793,qingdao,g00238x00247,qingdao_station_6b0a3f2a8407,2018-04,pending,,,,,,,,,,,,,,,,,False,
1794,tianjin,g00127x00111,tianjin_station_380735b935e1,2018-04,pending,,,,,,,,,,,,,,,,,False,
1795,tianjin,g00128x00108,tianjin_station_3bc20d77249b,2018-04,gsc_pending,poi+population+viirs,,,,,,,,,,,,,,,,False,same_city:preonly_placebo_quality_gate_failed
1796,tianjin,g00128x00113,tianjin_station_669ea9a213f3,2018-04,matched,poi+population+viirs,Matching::Match_M1,same_city,tianjin,g00125x00116,tianjin::g00125x00116,14606.0,1.0,12.0,6.0,0.345597957087676,0.139825957192817,0.320131458440858,1.33821233623417,0.981767951384404,1.95060298836476,False,
1797,tianjin,g00128x00115,tianjin_station_b7740e642041,2018-04,pending,,,,,,,,,,,,,,,,,False,
1798,tianjin,g00130x00108,tianjin_station_2b56c0fac6e5,2018-04,pending,,,,,,,,,,,,,,,,,False,
1799,tianjin,g00131x00108,tianjin_station_215aa24b7bbb,2018-04,pending,,,,,,,,,,,,,,,,,False,
1800,tianjin,g00133x00110,tianjin_station_f9fc75b1cd6a,2018-04,pending,,,,,,,,,,,,,,,,,False,
1801,tianjin,g00136x00101,tianjin_station_35064a07939e,2018-04,pending,,,,,,,,,,,,,,,,,False,
1802,tianjin,g00137x00105,tianjin_station_5421ec24c9ba,2018-04,pending,,,,,,,,,,,,,,,,,False,
1803,tianjin,g00137x00109,tianjin_station_73f2da6d57f5,2018-04,pending,,,,,,,,,,,,,,,,,False,
1804,tianjin,g00138x00108,tianjin_station_80dd186b92eb,2018-04,pending,,,,,,,,,,,,,,,,,False,
1805,nanjing,g00107x00149,nanjing_station_44d3c7033f7f,2018-05,pending,,,,,,,,,,,,,,,,,False,
1806,nanjing,g00110x00149,nanjing_station_84f1fc3a6f22,2018-05,pending,,,,,,,,,,,,,,,,,False,
1807,nanjing,g00114x00148,nanjing_station_ab5df3faa73b,2018-05,pending,,,,,,,,,,,,,,,,,False,
1808,nanjing,g00118x00148,nanjing_station_3a547dc65943,2018-05,pending,,,,,,,,,,,,,,,,,False,
1809,nanjing,g00123x00148,nanjing_station_60eba50f375d,2018-05,matched,population+viirs,Matching::Match_M1,same_city,nanjing,g00127x00147,nanjing::g00127x00147,43586.0,1.0,4.0,2.0,0.0922361130292333,0.0967888398811207,0.135250354717757,0.332720436824004,0.346780263020687,0.480812650233905,False,
1810,nanjing,g00134x00118,nanjing_station_591e1d801e28,2018-05,pending,,,,,,,,,,,,,,,,,False,
1811,nanjing,g00134x00138,nanjing_station_4bfc21988e20,2018-05,pending,,,,,,,,,,,,,,,,,False,
1812,nanjing,g00139x00128,nanjing_station_87154999850a,2018-05,pending,,,,,,,,,,,,,,,,,False,
1813,hangzhou,g00229x00378,hangzhou_station_24105102472d,2018-06,pending,,,,,,,,,,,,,,,,,False,
1814,guangzhou,g00201x00079,guangzhou_station_dec4bc5aa1d0,2018-06,pending,,,,,,,,,,,,,,,,,False,
1815,changchun,g00180x00206,changchun_station_23546def6cf5,2018-08,pending,,,,,,,,,,,,,,,,,False,
1816,changchun,g00183x00224,changchun_station_9ab4c61400d8,2018-08,matched,poi+population+viirs,Matching::Match_M1,same_city,changchun,g00198x00224,changchun::g00198x00224,1456.0,1.0,10.0,6.0,0.840209367018901,0.277035060488534,0.451254522643287,2.08217144543453,1.02582051351194,2.16756958336151,False,
1817,changchun,g00183x00230,changchun_station_dc4cd41d08a3,2018-08,pending,,,,,,,,,,,,,,,,,False,
1818,changchun,g00184x00212,changchun_station_c445c9daa2fd,2018-08,pending,,,,,,,,,,,,,,,,,False,
1819,changchun,g00184x00215,changchun_station_a03d5a9016c2,2018-08,pending,,,,,,,,,,,,,,,,,False,
1820,changchun,g00184x00217,changchun_station_47fa71c2cef8,2018-08,pending,,,,,,,,,,,,,,,,,False,
1821,changchun,g00184x00219,changchun_station_a78111b65c3c,2018-08,pending,,,,,,,,,,,,,,,,,False,
1822,changchun,g00184x00220,changchun_station_d838a653c6bc,2018-08,matched,poi+population+viirs,Matching::Match_M1,same_city,changchun,g00195x00224,changchun::g00195x00224,1456.0,1.0,10.0,6.0,0.889657268477835,0.687445466730081,1.04696872044724,2.08217144543453,1.02582051351194,2.16756958336151,False,
1823,changchun,g00184x00231,changchun_station_0858c79bfcee,2018-08,pending,,,,,,,,,,,,,,,,,False,
1824,changchun,g00184x00237,changchun_station_c7d66b29e8de,2018-08,pending,,,,,,,,,,,,,,,,,False,
1825,changchun,g00184x00244,changchun_station_0dca7101a407,2018-08,pending,,,,,,,,,,,,,,,,,False,
1826,wuhan,g00128x00141,wuhan_station_7dc1e7cffbca,2018-10,pending,,,,,,,,,,,,,,,,,False,
1827,wuhan,g00129x00170,wuhan_station_04cc9d8ee25b,2018-10,pending,,,,,,,,,,,,,,,,,False,
1828,wuhan,g00129x00179,wuhan_station_7fbd4092cb66,2018-10,pending,,,,,,,,,,,,,,,,,False,
1829,wuhan,g00129x00193,wuhan_station_c080c21823cc,2018-10,pending,,,,,,,,,,,,,,,,,False,
1830,wuhan,g00129x00197,wuhan_station_9fbfa96432bb,2018-10,pending,,,,,,,,,,,,,,,,,False,
1831,wuhan,g00130x00141,wuhan_station_1adf17f509cd,2018-10,pending,,,,,,,,,,,,,,,,,False,
1832,wuhan,g00130x00164,wuhan_station_dbf3309cacbb,2018-10,pending,,,,,,,,,,,,,,,,,False,
1833,wuhan,g00130x00167,wuhan_station_e69c86b3554f,2018-10,pending,,,,,,,,,,,,,,,,,False,
1834,wuhan,g00130x00173,wuhan_station_50d460e24026,2018-10,pending,,,,,,,,,,,,,,,,,False,
1835,wuhan,g00130x00175,wuhan_station_7200e12005c4,2018-10,matched,poi+population+viirs,Matching::Match_M1,same_city,wuhan,g00145x00175,wuhan::g00145x00175,13809.0,1.0,10.0,6.0,0.797618271861149,0.450296902733618,1.01477643741463,1.76147631990445,1.04546849084105,2.23844985127187,False,
1836,wuhan,g00130x00181,wuhan_station_c2f461352b49,2018-10,pending,,,,,,,,,,,,,,,,,False,
1837,wuhan,g00130x00184,wuhan_station_aac7626764cc,2018-10,pending,,,,,,,,,,,,,,,,,False,
1838,wuhan,g00130x00189,wuhan_station_8e06b81e228b,2018-10,pending,,,,,,,,,,,,,,,,,False,
1839,wuhan,g00130x00200,wuhan_station_25ffb1ec7013,2018-10,pending,,,,,,,,,,,,,,,,,False,
1840,wuhan,g00134x00141,wuhan_station_62e03023e4fa,2018-10,pending,,,,,,,,,,,,,,,,,False,
1841,wuhan,g00137x00141,wuhan_station_1a278270bae3,2018-10,pending,,,,,,,,,,,,,,,,,False,
1842,wuhan,g00140x00142,wuhan_station_165fedae6e98,2018-10,gsc_pending,poi+population+viirs,,,,,,,,,,,,,,,,False,same_city:preonly_placebo_quality_gate_failed
1843,wuhan,g00143x00142,wuhan_station_9ddc11414725,2018-10,pending,,,,,,,,,,,,,,,,,False,
1844,wuhan,g00145x00142,wuhan_station_56a737b3154a,2018-10,pending,,,,,,,,,,,,,,,,,False,
1845,wuhan,g00147x00142,wuhan_station_9c801ba8e614,2018-10,pending,,,,,,,,,,,,,,,,,False,
1846,wuhan,g00150x00145,wuhan_station_5f686f82b4fa,2018-10,pending,,,,,,,,,,,,,,,,,False,
1847,wuhan,g00155x00129,wuhan_station_d0cc476be31a,2018-10,pending,,,,,,,,,,,,,,,,,False,
1848,wuhan,g00155x00132,wuhan_station_d776a6f75990,2018-10,pending,,,,,,,,,,,,,,,,,False,
1849,wuhan,g00155x00134,wuhan_station_78345bd7bc8a,2018-10,gsc_pending,poi+population+viirs,,,,,,,,,,,,,,,,False,same_city:preonly_placebo_quality_gate_failed
1850,wuhan,g00155x00139,wuhan_station_866c38e0f66d,2018-10,pending,,,,,,,,,,,,,,,,,False,
1851,wuhan,g00157x00127,wuhan_station_240c7bc2f73f,2018-10,pending,,,,,,,,,,,,,,,,,False,
1852,wuhan,g00157x00136,wuhan_station_3f8c81dadbe0,2018-10,pending,,,,,,,,,,,,,,,,,False,
1853,wuhan,g00160x00125,wuhan_station_0ae09738ffab,2018-10,pending,,,,,,,,,,,,,,,,,False,
1854,wuhan,g00164x00124,wuhan_station_40f47d37a097,2018-10,pending,,,,,,,,,,,,,,,,,False,
1855,tianjin,g00128x00103,tianjin_station_f50c157b2d29,2018-10,gsc_pending,poi+population+viirs,,,,,,,,,,,,,,,,False,same_city:preonly_placebo_quality_gate_failed
1856,tianjin,g00133x00100,tianjin_station_c375dbcb335f,2018-10,pending,,,,,,,,,,,,,,,,,False,
1857,tianjin,g00134x00101,tianjin_station_6b6774cac1be,2018-10,pending,,,,,,,,,,,,,,,,,False,
1858,tianjin,g00136x00102,tianjin_station_b283cb5bb85f,2018-10,pending,,,,,,,,,,,,,,,,,False,
1859,tianjin,g00139x00108,tianjin_station_58bf5a13a817,2018-10,pending,,,,,,,,,,,,,,,,,False,
1860,tianjin,g00141x00109,tianjin_station_ed97801fd9f3,2018-10,pending,,,,,,,,,,,,,,,,,False,
1861,tianjin,g00144x00113,tianjin_station_a1e1c9ed0ba0,2018-10,matched,poi+population+viirs,Matching::Match_M1,same_city,tianjin,g00147x00117,tianjin::g00147x00117,14555.0,1.0,12.0,6.0,0.696319293754241,0.355706109149431,0.53721234674866,1.43811717157142,1.01678205194982,1.94881580942548,False,
1862,tianjin,g00147x00113,tianjin_station_43d3d89a7b95,2018-10,pending,,,,,,,,,,,,,,,,,False,
1863,tianjin,g00150x00113,tianjin_station_90b16b213f43,2018-10,pending,,,,,,,,,,,,,,,,,False,
1864,tianjin,g00152x00113,tianjin_station_ad72e708365f,2018-10,pending,,,,,,,,,,,,,,,,,False,
1865,tianjin,g00154x00113,tianjin_station_c7c851f6fc92,2018-10,pending,,,,,,,,,,,,,,,,,False,
1866,tianjin,g00158x00111,tianjin_station_2622f346baf0,2018-10,pending,,,,,,,,,,,,,,,,,False,
1867,tianjin,g00159x00109,tianjin_station_78ba4ad8234a,2018-10,pending,,,,,,,,,,,,,,,,,False,
1868,tianjin,g00159x00110,tianjin_station_ae1ac88f8d15,2018-10,pending,,,,,,,,,,,,,,,,,False,
1869,tianjin,g00160x00108,tianjin_station_bbbf1beeb0f4,2018-10,pending,,,,,,,,,,,,,,,,,False,
1870,tianjin,g00163x00106,tianjin_station_5dde4bcaa370,2018-10,pending,,,,,,,,,,,,,,,,,False,
1871,tianjin,g00164x00105,tianjin_station_4b34ffab6c5f,2018-10,pending,,,,,,,,,,,,,,,,,False,
1872,tianjin,g00166x00104,tianjin_station_b52456f41942,2018-10,pending,,,,,,,,,,,,,,,,,False,
1873,tianjin,g00169x00102,tianjin_station_e7e5ac281d9c,2018-10,pending,,,,,,,,,,,,,,,,,False,
1874,tianjin,g00171x00101,tianjin_station_e1bd842e62a9,2018-10,pending,,,,,,,,,,,,,,,,,False,
1875,tianjin,g00174x00099,tianjin_station_6b4b250c47f3,2018-10,pending,,,,,,,,,,,,,,,,,False,
1876,urumqi,g00222x00147,urumqi_station_2fece7624ef0,2018-10,pending,,,,,,,,,,,,,,,,,False,
1877,urumqi,g00224x00146,urumqi_station_fd839940d8cf,2018-10,pending,,,,,,,,,,,,,,,,,False,
1878,urumqi,g00225x00145,urumqi_station_4f7dafbf9a7d,2018-10,gsc_pending,poi+population,,,,,,,,,,,,,,,,False,same_city:Fewer than three complete donors or missing treated feature row
1879,urumqi,g00228x00144,urumqi_station_4a9b3dd531bb,2018-10,pending,,,,,,,,,,,,,,,,,False,
1880,urumqi,g00232x00142,urumqi_station_9a1217c71729,2018-10,pending,,,,,,,,,,,,,,,,,False,
1881,urumqi,g00235x00141,urumqi_station_b9e68ecb568e,2018-10,pending,,,,,,,,,,,,,,,,,False,
1882,urumqi,g00236x00133,urumqi_station_702dc324d0af,2018-10,pending,,,,,,,,,,,,,,,,,False,
1883,urumqi,g00237x00129,urumqi_station_bc275a75a7ab,2018-10,pending,,,,,,,,,,,,,,,,,False,
1884,urumqi,g00237x00140,urumqi_station_0fe5b6f01355,2018-10,pending,,,,,,,,,,,,,,,,,False,
1885,urumqi,g00239x00139,urumqi_station_478754dafad8,2018-10,gsc_pending,poi+population,,,,,,,,,,,,,,,,False,same_city:Fewer than three complete donors or missing treated feature row
1886,urumqi,g00240x00137,urumqi_station_2ac1dce1875a,2018-10,pending,,,,,,,,,,,,,,,,,False,
1887,changchun,g00200x00229,changchun_station_57542ef59f5c,2018-10,pending,,,,,,,,,,,,,,,,,False,
1888,changchun,g00202x00228,changchun_station_7d296fa112ce,2018-10,matched,poi+population+viirs,Matching::Match_M1,same_city,changchun,g00181x00244,changchun::g00181x00244,1921.0,1.0,10.0,6.0,1.41834531726669,0.924201867008178,1.84488620538216,1.98391551015701,0.958592735879992,1.84488620538216,False,
1889,changchun,g00204x00229,changchun_station_fa6b346bd736,2018-10,pending,,,,,,,,,,,,,,,,,False,
1890,changchun,g00205x00233,changchun_station_898edc39db8c,2018-10,pending,,,,,,,,,,,,,,,,,False,
1891,changchun,g00205x00234,changchun_station_b905e83a03da,2018-10,pending,,,,,,,,,,,,,,,,,False,
1892,changchun,g00205x00236,changchun_station_810332978983,2018-10,pending,,,,,,,,,,,,,,,,,False,
1893,changchun,g00207x00237,changchun_station_346259ae8478,2018-10,pending,,,,,,,,,,,,,,,,,False,
1894,changchun,g00209x00237,changchun_station_fb8cd6ddbd82,2018-10,pending,,,,,,,,,,,,,,,,,False,
1895,changchun,g00210x00239,changchun_station_2f8c44aed52f,2018-10,pending,,,,,,,,,,,,,,,,,False,
1896,changchun,g00210x00241,changchun_station_4a2d006f7998,2018-10,pending,,,,,,,,,,,,,,,,,False,
1897,changchun,g00212x00242,changchun_station_a70ace7608fb,2018-10,pending,,,,,,,,,,,,,,,,,False,
1898,guiyang,g00091x00136,guiyang_station_6987c2d013a1,2018-12,pending,,,,,,,,,,,,,,,,,False,
1899,guiyang,g00093x00136,guiyang_station_00cd66992c85,2018-12,pending,,,,,,,,,,,,,,,,,False,
1900,guiyang,g00097x00136,guiyang_station_f0e6c7a50015,2018-12,pending,,,,,,,,,,,,,,,,,False,
1901,guiyang,g00099x00136,guiyang_station_4b9b275b2760,2018-12,pending,,,,,,,,,,,,,,,,,False,
1902,guiyang,g00102x00134,guiyang_station_cea246cdcfe2,2018-12,pending,,,,,,,,,,,,,,,,,False,
1903,guiyang,g00106x00135,guiyang_station_892abd075614,2018-12,pending,,,,,,,,,,,,,,,,,False,
1904,guiyang,g00108x00136,guiyang_station_4d3243cdafd5,2018-12,pending,,,,,,,,,,,,,,,,,False,
1905,guiyang,g00110x00136,guiyang_station_13ed198eb866,2018-12,pending,,,,,,,,,,,,,,,,,False,
1906,guiyang,g00113x00134,guiyang_station_3b85f3fe2d90,2018-12,gsc_pending,poi+population+viirs,,,,,,,,,,,,,,,,False,same_city:Fewer than three complete donors or missing treated feature row
1907,guiyang,g00117x00135,guiyang_station_622e9f8e7f1f,2018-12,gsc_pending,poi+population+viirs,,,,,,,,,,,,,,,,False,same_city:Fewer than three complete donors or missing treated feature row
1908,tianjin,g00130x00126,tianjin_station_d15bbd3a18cc,2018-12,matched,poi+population+viirs,Matching::Match_M1,same_city,tianjin,g00087x00135,tianjin::g00087x00135,14553.0,1.0,12.0,6.0,0.718918009438302,0.11970790553913,0.253933399866978,1.37449062290209,1.11694425449891,2.4589906940422,False,
1909,chongqing,g00334x00253,chongqing_station_d34373b0ab5d,2018-12,pending,,,,,,,,,,,,,,,,,False,
1910,chengdu,g00120x00199,chengdu_station_9a6ec3d6fbf1,2018-12,pending,,,,,,,,,,,,,,,,,False,
1911,chengdu,g00122x00200,chengdu_station_6f5383006db8,2018-12,pending,,,,,,,,,,,,,,,,,False,
1912,chengdu,g00124x00201,chengdu_station_614fc97fc729,2018-12,pending,,,,,,,,,,,,,,,,,False,
1913,chengdu,g00126x00203,chengdu_station_1a4000b0bcd6,2018-12,pending,,,,,,,,,,,,,,,,,False,
1914,chengdu,g00128x00203,chengdu_station_75e1962ccc59,2018-12,pending,,,,,,,,,,,,,,,,,False,
1915,chengdu,g00131x00205,chengdu_station_b8df42e27845,2018-12,gsc_pending,poi+population,,,,,,,,,,,,,,,,False,same_city:preonly_placebo_quality_gate_failed
1916,chengdu,g00133x00210,chengdu_station_a8cf6c443742,2018-12,pending,,,,,,,,,,,,,,,,,False,
1917,chengdu,g00135x00217,chengdu_station_47a417d364ac,2018-12,pending,,,,,,,,,,,,,,,,,False,
1918,chengdu,g00136x00214,chengdu_station_f01ca1aeb1f7,2018-12,gsc_pending,poi+population,,,,,,,,,,,,,,,,False,same_city:preonly_placebo_quality_gate_failed
1919,chengdu,g00166x00239,chengdu_station_5a1e9aace937,2018-12,pending,,,,,,,,,,,,,,,,,False,
1920,chengdu,g00167x00240,chengdu_station_c80c9d809d3c,2018-12,pending,,,,,,,,,,,,,,,,,False,
1921,chengdu,g00170x00242,chengdu_station_b39433840315,2018-12,pending,,,,,,,,,,,,,,,,,False,
1922,chengdu,g00173x00245,chengdu_station_d4d6dfb39ebd,2018-12,pending,,,,,,,,,,,,,,,,,False,
1923,chengdu,g00175x00246,chengdu_station_f63d554a40bf,2018-12,pending,,,,,,,,,,,,,,,,,False,
1924,chengdu,g00177x00247,chengdu_station_1ba014021577,2018-12,pending,,,,,,,,,,,,,,,,,False,
1925,chengdu,g00178x00249,chengdu_station_456aaf2e0815,2018-12,pending,,,,,,,,,,,,,,,,,False,
1926,chengdu,g00178x00251,chengdu_station_f575801a2c68,2018-12,pending,,,,,,,,,,,,,,,,,False,
1927,chengdu,g00178x00253,chengdu_station_e176dd3831e4,2018-12,pending,,,,,,,,,,,,,,,,,False,
1928,qingdao,g00065x00088,qingdao_station_95c213ca249d,2018-12,pending,,,,,,,,,,,,,,,,,False,
1929,qingdao,g00067x00081,qingdao_station_493751f2afff,2018-12,pending,,,,,,,,,,,,,,,,,False,
1930,qingdao,g00069x00068,qingdao_station_437029c58a6f,2018-12,pending,,,,,,,,,,,,,,,,,False,
1931,qingdao,g00069x00074,qingdao_station_36dff79b265f,2018-12,pending,,,,,,,,,,,,,,,,,False,
1932,qingdao,g00069x00093,qingdao_station_f9d7ff825199,2018-12,pending,,,,,,,,,,,,,,,,,False,
1933,qingdao,g00083x00092,qingdao_station_82b6ade4d9e1,2018-12,pending,,,,,,,,,,,,,,,,,False,
1934,qingdao,g00092x00098,qingdao_station_2a80ee2d0bcf,2018-12,pending,,,,,,,,,,,,,,,,,False,
1935,qingdao,g00097x00109,qingdao_station_b46709cd4035,2018-12,pending,,,,,,,,,,,,,,,,,False,
1936,qingdao,g00104x00112,qingdao_station_abb99c0878aa,2018-12,pending,,,,,,,,,,,,,,,,,False,
1937,qingdao,g00109x00115,qingdao_station_ad5e1c3412bf,2018-12,pending,,,,,,,,,,,,,,,,,False,
1938,qingdao,g00113x00116,qingdao_station_f79c443548ac,2018-12,pending,,,,,,,,,,,,,,,,,False,
1939,qingdao,g00113x00118,qingdao_station_0be49378de1b,2018-12,pending,,,,,,,,,,,,,,,,,False,
1940,qingdao,g00114x00124,qingdao_station_6a58f10d1e64,2018-12,pending,,,,,,,,,,,,,,,,,False,
1941,qingdao,g00115x00127,qingdao_station_b0028c21a5c4,2018-12,pending,,,,,,,,,,,,,,,,,False,
1942,qingdao,g00117x00130,qingdao_station_0a1c4ac10842,2018-12,pending,,,,,,,,,,,,,,,,,False,
1943,qingdao,g00119x00133,qingdao_station_2e99fc057691,2018-12,pending,,,,,,,,,,,,,,,,,False,
1944,qingdao,g00120x00137,qingdao_station_3f4101cb74ad,2018-12,pending,,,,,,,,,,,,,,,,,False,
1945,qingdao,g00121x00142,qingdao_station_38957a07520a,2018-12,gsc_pending,poi+population+viirs,,,,,,,,,,,,,,,,False,same_city:preonly_placebo_quality_gate_failed
1946,qingdao,g00126x00146,qingdao_station_8206fd62dedb,2018-12,gsc_pending,poi+population+viirs,,,,,,,,,,,,,,,,False,same_city:No treated unit is inside explicit donor common support
1947,xian,g00112x00267,xian_station_09253a974927,2018-12,pending,,,,,,,,,,,,,,,,,False,
1948,xian,g00112x00270,xian_station_c590830105cd,2018-12,pending,,,,,,,,,,,,,,,,,False,
1949,xian,g00112x00273,xian_station_91e0f6eb8732,2018-12,pending,,,,,,,,,,,,,,,,,False,
1950,xian,g00114x00266,xian_station_b1dd5035d0ff,2018-12,pending,,,,,,,,,,,,,,,,,False,
1951,xian,g00116x00266,xian_station_c2ad3da2d2f0,2018-12,pending,,,,,,,,,,,,,,,,,False,
1952,xian,g00118x00266,xian_station_16b91bd0512b,2018-12,matched,poi+population+viirs,Matching::Match_M1,same_city,xian,g00143x00276,xian::g00143x00276,11695.0,1.0,10.0,6.0,1.59804149336161,0.293895892175913,0.401317939752319,1.78988884690077,1.16435824228099,2.31588506077595,False,
1953,xian,g00120x00266,xian_station_a08baf65166a,2018-12,pending,,,,,,,,,,,,,,,,,False,
1954,xian,g00124x00266,xian_station_1e0433371d98,2018-12,pending,,,,,,,,,,,,,,,,,False,
1955,xian,g00127x00265,xian_station_b4f6f8d1611e,2018-12,pending,,,,,,,,,,,,,,,,,False,
1956,xian,g00132x00264,xian_station_386e242a2be1,2018-12,pending,,,,,,,,,,,,,,,,,False,
1957,xian,g00134x00264,xian_station_f75f32920f67,2018-12,pending,,,,,,,,,,,,,,,,,False,
1958,xian,g00136x00264,xian_station_6e3aad163256,2018-12,pending,,,,,,,,,,,,,,,,,False,
1959,xian,g00138x00264,xian_station_e2cf542e06f6,2018-12,pending,,,,,,,,,,,,,,,,,False,
1960,xian,g00144x00266,xian_station_79868cec3581,2018-12,pending,,,,,,,,,,,,,,,,,False,
1961,xian,g00146x00266,xian_station_a3e038355071,2018-12,pending,,,,,,,,,,,,,,,,,False,
1962,xian,g00149x00266,xian_station_bab282cae47c,2018-12,pending,,,,,,,,,,,,,,,,,False,
1963,xian,g00151x00266,xian_station_a8e5aaa3b34c,2018-12,pending,,,,,,,,,,,,,,,,,False,
1964,xian,g00153x00266,xian_station_fa641f0fd325,2018-12,pending,,,,,,,,,,,,,,,,,False,
1965,xian,g00155x00266,xian_station_10588593af9f,2018-12,matched,poi+population+viirs,Matching::Match_M1,same_city,xian,g00138x00235,xian::g00138x00235,11695.0,1.0,10.0,6.0,0.907811106958151,0.767650925356057,1.78611187689977,1.78988884690077,1.16435824228099,2.31588506077595,False,
1966,xian,g00156x00259,xian_station_bc91166cc026,2018-12,gsc_pending,poi+population+viirs,,,,,,,,,,,,,,,,False,same_city:preonly_placebo_quality_gate_failed
1967,xian,g00156x00264,xian_station_384a4aa604d7,2018-12,pending,,,,,,,,,,,,,,,,,False,
1968,xian,g00158x00258,xian_station_4ecf8cd03afe,2018-12,pending,,,,,,,,,,,,,,,,,False,
1969,xian,g00160x00258,xian_station_8f8203af1343,2018-12,matched,poi+population+viirs,Matching::Match_M1,same_city,xian,g00142x00239,xian::g00142x00239,11695.0,1.0,10.0,6.0,1.42431395139973,0.612965153387461,1.3530340426009,1.78988884690077,1.16435824228099,2.31588506077595,False,
1970,xian,g00162x00258,xian_station_e3f2474c4b79,2018-12,pending,,,,,,,,,,,,,,,,,False,
1971,chongqing,g00322x00265,chongqing_station_0311c5e8b515,2018-12,pending,,,,,,,,,,,,,,,,,False,
1972,chongqing,g00323x00263,chongqing_station_1f4f7045b51f,2018-12,pending,,,,,,,,,,,,,,,,,False,
1973,chongqing,g00325x00245,chongqing_station_342bcbf20901,2018-12,gsc_pending,poi+population+viirs,,,,,,,,,,,,,,,,False,same_city:preonly_placebo_quality_gate_failed
1974,chongqing,g00326x00270,chongqing_station_a282f9875278,2018-12,gsc_pending,housing+poi+population+viirs,,,,,,,,,,,,,,,,False,same_city:No treated unit is inside explicit donor common support
1975,chongqing,g00331x00272,chongqing_station_abedf8299739,2018-12,pending,,,,,,,,,,,,,,,,,False,
1976,chongqing,g00333x00246,chongqing_station_ce274a19bb18,2018-12,pending,,,,,,,,,,,,,,,,,False,
1977,chongqing,g00336x00249,chongqing_station_a5e4a9a6c517,2018-12,gsc_pending,poi+population+viirs,,,,,,,,,,,,,,,,False,same_city:preonly_placebo_quality_gate_failed
1978,chongqing,g00336x00273,chongqing_station_a49879441d48,2018-12,pending,,,,,,,,,,,,,,,,,False,
1979,chongqing,g00340x00251,chongqing_station_8a940bb77ae9,2018-12,pending,,,,,,,,,,,,,,,,,False,
1980,chongqing,g00340x00265,chongqing_station_78ed2660159d,2018-12,pending,,,,,,,,,,,,,,,,,False,
1981,chongqing,g00341x00254,chongqing_station_488998feace4,2018-12,pending,,,,,,,,,,,,,,,,,False,
1982,chongqing,g00342x00256,chongqing_station_d57332b5be80,2018-12,pending,,,,,,,,,,,,,,,,,False,
1983,chongqing,g00342x00281,chongqing_station_e234220054b1,2018-12,pending,,,,,,,,,,,,,,,,,False,
1984,chongqing,g00342x00284,chongqing_station_fd73d91eed58,2018-12,pending,,,,,,,,,,,,,,,,,False,
1985,chongqing,g00343x00268,chongqing_station_b4a5c05cbef1,2018-12,pending,,,,,,,,,,,,,,,,,False,
1986,chongqing,g00345x00270,chongqing_station_4176c6fd85d7,2018-12,pending,,,,,,,,,,,,,,,,,False,
1987,chongqing,g00346x00274,chongqing_station_cb6017f62577,2018-12,pending,,,,,,,,,,,,,,,,,False,
1988,chongqing,g00346x00277,chongqing_station_87a44fbf097a,2018-12,pending,,,,,,,,,,,,,,,,,False,
1989,guangzhou,g00134x00085,guangzhou_station_3eaa39899af2,2018-12,matched,housing+poi+population+viirs,Matching::Match_M1,same_city,guangzhou,g00105x00101,guangzhou::g00105x00101,127.0,1.0,12.0,7.0,2.041369636003,0.644525336767089,1.31338754319243,4.75921182662483,1.4354360433426,2.7587219707473,False,
1990,guangzhou,g00180x00092,guangzhou_station_3e2ac061bf43,2018-12,pending,,,,,,,,,,,,,,,,,False,
1991,guangzhou,g00185x00097,guangzhou_station_02e4c1c8637a,2018-12,matched,poi+population+viirs,Matching::Match_M1,same_city,guangzhou,g00181x00100,guangzhou::g00181x00100,11818.0,1.0,12.0,6.0,1.53509820442472,0.437376091033008,1.01148843879927,1.53574382322471,1.00696032320193,2.00968971660963,False,
1992,guangzhou,g00196x00101,guangzhou_station_f50d06c9dcac,2018-12,pending,,,,,,,,,,,,,,,,,False,
1993,guangzhou,g00202x00108,guangzhou_station_a7c38042bf15,2018-12,pending,,,,,,,,,,,,,,,,,False,
1994,guangzhou,g00206x00118,guangzhou_station_0b638a24905d,2018-12,pending,,,,,,,,,,,,,,,,,False,
1995,guangzhou,g00219x00126,guangzhou_station_9a2dde4f4b42,2018-12,pending,,,,,,,,,,,,,,,,,False,
1996,guangzhou,g00225x00131,guangzhou_station_5c905134b884,2018-12,pending,,,,,,,,,,,,,,,,,False,
1997,guangzhou,g00231x00140,guangzhou_station_674ab7ac5239,2018-12,pending,,,,,,,,,,,,,,,,,False,
1998,guangzhou,g00237x00147,guangzhou_station_aff6b2ae5c9b,2018-12,pending,,,,,,,,,,,,,,,,,False,
1999,guangzhou,g00245x00148,guangzhou_station_3ca64ff59225,2018-12,pending,,,,,,,,,,,,,,,,,False,
2000,wuhan,g00093x00144,wuhan_station_84ce3e553c13,2018-12,pending,,,,,,,,,,,,,,,,,False,
2001,wuhan,g00099x00142,wuhan_station_29409c7eeb03,2018-12,matched,poi+population+viirs,Matching::Match_M1,same_city,wuhan,g00099x00139,wuhan::g00099x00139,13809.0,1.0,10.0,6.0,0.919642738293989,0.702689666408675,1.60650147394701,1.69803389116917,1.0421174375794,2.23844985127187,False,
2002,wuhan,g00102x00142,wuhan_station_cdfeb3c3cf19,2018-12,matched,poi+population+viirs,Matching::Match_M1,same_city,wuhan,g00100x00140,wuhan::g00100x00140,13809.0,1.0,10.0,6.0,0.896615852379119,0.418256269907018,0.738524141430402,1.69803389116917,1.0421174375794,2.23844985127187,False,
2003,wuhan,g00105x00142,wuhan_station_d2d54d780c9e,2018-12,pending,,,,,,,,,,,,,,,,,False,
2004,wuhan,g00109x00142,wuhan_station_67bf7492c076,2018-12,pending,,,,,,,,,,,,,,,,,False,
2005,wuhan,g00114x00142,wuhan_station_d6f5b6727214,2018-12,pending,,,,,,,,,,,,,,,,,False,
2006,wuhan,g00120x00142,wuhan_station_87bc7c8db2d8,2018-12,pending,,,,,,,,,,,,,,,,,False,
2007,beijing,g00088x00197,beijing_station_6fba8a2b02ec,2018-12,pending,,,,,,,,,,,,,,,,,False,
2008,beijing,g00090x00196,beijing_station_32f0053fc0bb,2018-12,pending,,,,,,,,,,,,,,,,,False,
2009,beijing,g00093x00193,beijing_station_91360cc0cd14,2018-12,pending,,,,,,,,,,,,,,,,,False,
2010,beijing,g00096x00192,beijing_station_15972a69da1e,2018-12,pending,,,,,,,,,,,,,,,,,False,
2011,beijing,g00097x00190,beijing_station_5f71a88c3798,2018-12,pending,,,,,,,,,,,,,,,,,False,
2012,beijing,g00099x00224,beijing_station_e189a62f4109,2018-12,gsc_pending,poi+population+viirs,,,,,,,,,,,,,,,,False,same_city:preonly_placebo_quality_gate_failed
2013,beijing,g00100x00189,beijing_station_147a9d180acf,2018-12,pending,,,,,,,,,,,,,,,,,False,
2014,beijing,g00104x00189,beijing_station_adf6113bf5f4,2018-12,pending,,,,,,,,,,,,,,,,,False,
2015,beijing,g00108x00189,beijing_station_e9db400966cd,2018-12,pending,,,,,,,,,,,,,,,,,False,
2016,beijing,g00110x00189,beijing_station_ce59b5a8e280,2018-12,pending,,,,,,,,,,,,,,,,,False,
2017,beijing,g00110x00208,beijing_station_b55c65b404b1,2018-12,pending,,,,,,,,,,,,,,,,,False,
2018,beijing,g00111x00189,beijing_station_d8acd2a6d318,2018-12,pending,,,,,,,,,,,,,,,,,False,
2019,beijing,g00115x00189,beijing_station_14ada710120a,2018-12,pending,,,,,,,,,,,,,,,,,False,
2020,beijing,g00119x00242,beijing_station_824a9d0638dc,2018-12,pending,,,,,,,,,,,,,,,,,False,
2021,beijing,g00124x00148,beijing_station_256a7b342e44,2018-12,matched,poi+population+viirs,Matching::Match_M1,same_city,beijing,g00114x00230,beijing::g00114x00230,21158.0,1.0,12.0,6.0,0.856251077192361,0.86763390665157,2.08502070825416,1.3903179007695,1.17333690695124,2.67864828420402,False,
2022,beijing,g00124x00191,beijing_station_2e042a8926c5,2018-12,pending,,,,,,,,,,,,,,,,,False,
2023,beijing,g00125x00153,beijing_station_d8e65250a0be,2018-12,pending,,,,,,,,,,,,,,,,,False,
2024,beijing,g00125x00164,beijing_station_bc4c6c5eb137,2018-12,pending,,,,,,,,,,,,,,,,,False,
2025,beijing,g00126x00156,beijing_station_76a8f18d4af2,2018-12,pending,,,,,,,,,,,,,,,,,False,
2026,beijing,g00126x00160,beijing_station_36c8167f3cfd,2018-12,matched,housing+poi+population+viirs,Matching::Match_M1,same_city,beijing,g00152x00177,beijing::g00152x00177,470.0,1.0,12.0,7.0,2.4166796882909,0.561601236576525,0.960963308206629,4.02811051418376,1.29172313778749,2.4112614485372,False,
2027,shanghai,g00072x00144,shanghai_station_71f285fb4107,2018-12,pending,,,,,,,,,,,,,,,,,False,
2028,shanghai,g00075x00143,shanghai_station_8d397537b37c,2018-12,pending,,,,,,,,,,,,,,,,,False,
2029,shanghai,g00076x00137,shanghai_station_1539be5f4c8f,2018-12,pending,,,,,,,,,,,,,,,,,False,
2030,shanghai,g00076x00141,shanghai_station_007df43d031f,2018-12,pending,,,,,,,,,,,,,,,,,False,
2031,shanghai,g00078x00135,shanghai_station_6c53e42ece7c,2018-12,pending,,,,,,,,,,,,,,,,,False,
2032,shanghai,g00083x00133,shanghai_station_44206083a4bf,2018-12,pending,,,,,,,,,,,,,,,,,False,
2033,shanghai,g00089x00132,shanghai_station_49dba73cf4bd,2018-12,pending,,,,,,,,,,,,,,,,,False,
2034,shanghai,g00092x00130,shanghai_station_681abc0f2876,2018-12,pending,,,,,,,,,,,,,,,,,False,
2035,shanghai,g00129x00143,shanghai_station_ba5f4310910f,2018-12,pending,,,,,,,,,,,,,,,,,False,
2036,shanghai,g00129x00144,shanghai_station_f2491fbe80c0,2018-12,pending,,,,,,,,,,,,,,,,,False,
2037,shanghai,g00129x00147,shanghai_station_efffe740ecab,2018-12,pending,,,,,,,,,,,,,,,,,False,
2038,shanghai,g00130x00150,shanghai_station_06eedbb12937,2018-12,matched,housing+poi+population+viirs,Matching::Match_M1,same_city,shanghai,g00122x00136,shanghai::g00122x00136,649.0,1.0,14.0,7.0,1.97844103495053,0.224376372024423,0.337984610709611,3.70885553527182,1.4105535811873,2.61973002288198,False,
2039,shanghai,g00130x00153,shanghai_station_6668ae5d13bc,2018-12,matched,poi+population+viirs,Matching::Match_M1,same_city,shanghai,g00153x00128,shanghai::g00153x00128,17238.0,1.0,12.0,6.0,0.948287849040467,0.463753504757224,0.931764432049967,1.53666167737995,1.01323193789489,2.33090637380941,False,
2040,shanghai,g00130x00156,shanghai_station_79a85994a0ec,2018-12,matched,housing+poi+population+viirs,Matching::Match_M1,same_city,shanghai,g00128x00154,shanghai::g00128x00154,649.0,1.0,14.0,7.0,1.54906580890799,0.440160282161731,0.713233392422662,3.70885553527182,1.4105535811873,2.61973002288198,False,
2041,shanghai,g00130x00165,shanghai_station_2560dd106e09,2018-12,pending,,,,,,,,,,,,,,,,,False,
2042,shanghai,g00131x00155,shanghai_station_8b17b0c7101e,2018-12,pending,,,,,,,,,,,,,,,,,False,
2043,shanghai,g00131x00167,shanghai_station_cf2667206e70,2018-12,pending,,,,,,,,,,,,,,,,,False,
2044,shanghai,g00132x00170,shanghai_station_a65de5b774b2,2018-12,matched,poi+population+viirs,Matching::Match_M1,same_city,shanghai,g00129x00114,shanghai::g00129x00114,17238.0,1.0,12.0,6.0,0.96690767633681,0.364039260108158,0.835305658868685,1.53666167737995,1.01323193789489,2.33090637380941,False,
2045,chongqing,g00343x00259,chongqing_station_ed418efa33df,2019-01,pending,,,,,,,,,,,,,,,,,False,
2046,wenzhou,g00207x00259,wenzhou_station_26f41d809378,2019-01,pending,,,,,,,,,,,,,,,,,False,
2047,wenzhou,g00210x00212,wenzhou_station_3b347e202490,2019-01,pending,,,,,,,,,,,,,,,,,False,
2048,wenzhou,g00211x00254,wenzhou_station_d2bfd96db652,2019-01,gsc_pending,poi+population+viirs,,,,,,,,,,,,,,,,False,same_city:Fewer than three complete donors or missing treated feature row
2049,wenzhou,g00214x00213,wenzhou_station_fa18e753bfbd,2019-01,pending,,,,,,,,,,,,,,,,,False,
2050,wenzhou,g00216x00254,wenzhou_station_f67876c6ca81,2019-01,pending,,,,,,,,,,,,,,,,,False,
2051,wenzhou,g00217x00250,wenzhou_station_35d2c3a6379f,2019-01,pending,,,,,,,,,,,,,,,,,False,
2052,wenzhou,g00220x00215,wenzhou_station_3c1cddb55a31,2019-01,pending,,,,,,,,,,,,,,,,,False,
2053,wenzhou,g00220x00240,wenzhou_station_ce2ac4315a87,2019-01,gsc_pending,poi+population+viirs,,,,,,,,,,,,,,,,False,same_city:Fewer than three complete donors or missing treated feature row
2054,wenzhou,g00221x00228,wenzhou_station_0532c4aa44ff,2019-01,pending,,,,,,,,,,,,,,,,,False,
2055,wenzhou,g00222x00223,wenzhou_station_5475ab5e8636,2019-01,gsc_pending,poi+population,,,,,,,,,,,,,,,,False,same_city:Fewer than three complete donors or missing treated feature row
2056,wenzhou,g00222x00232,wenzhou_station_6b6bb3bc3a57,2019-01,pending,,,,,,,,,,,,,,,,,False,
2057,wenzhou,g00222x00237,wenzhou_station_0d136adeaa95,2019-01,pending,,,,,,,,,,,,,,,,,False,
2058,changchun,g00190x00228,changchun_station_da61d727e7cb,2019-01,gsc_pending,poi+population+viirs,,,,,,,,,,,,,,,,False,same_city:No treated unit is inside explicit donor common support
2059,tianjin,g00177x00097,tianjin_station_66da42792201,2019-01,matched,poi+population+viirs,Matching::Match_M1,same_city,tianjin,g00201x00109,tianjin::g00201x00109,14995.0,1.0,12.0,6.0,0.351646087174944,0.794221815398781,1.24842419020674,2.24412341219898,1.10438300807568,1.98028481482197,False,
2060,wuhan,g00119x00163,wuhan_station_512dc20986d9,2019-02,pending,,,,,,,,,,,,,,,,,False,
2061,wuhan,g00119x00165,wuhan_station_9352e2edb06e,2019-02,pending,,,,,,,,,,,,,,,,,False,
2062,wuhan,g00121x00162,wuhan_station_e9f73b7e070d,2019-02,pending,,,,,,,,,,,,,,,,,False,
2063,wuhan,g00124x00161,wuhan_station_d338bc136e3b,2019-02,pending,,,,,,,,,,,,,,,,,False,
2064,wuhan,g00128x00163,wuhan_station_ef841f3158c5,2019-02,pending,,,,,,,,,,,,,,,,,False,
2065,wuhan,g00133x00164,wuhan_station_6d1870a10c20,2019-02,pending,,,,,,,,,,,,,,,,,False,
2066,wuhan,g00134x00159,wuhan_station_8325b047cfce,2019-02,pending,,,,,,,,,,,,,,,,,False,
2067,wuhan,g00134x00162,wuhan_station_8ecbe8e4e2d8,2019-02,pending,,,,,,,,,,,,,,,,,False,
2068,wuhan,g00135x00161,wuhan_station_3bd8a569caa4,2019-02,pending,,,,,,,,,,,,,,,,,False,
2069,jinan,g00134x00125,jinan_station_5e4a9dd1ac6b,2019-04,pending,,,,,,,,,,,,,,,,,False,
2070,jinan,g00139x00124,jinan_station_36953dbb5fb0,2019-04,pending,,,,,,,,,,,,,,,,,False,
2071,jinan,g00143x00125,jinan_station_0873b15c61f1,2019-04,pending,,,,,,,,,,,,,,,,,False,
2072,jinan,g00165x00141,jinan_station_e16f2a06cb10,2019-04,pending,,,,,,,,,,,,,,,,,False,
2073,harbin,g00356x00183,harbin_station_b6e6b775e8e8,2019-04,matched,poi+population,Matching::Match_M1,same_city,harbin,g00441x00182,harbin::g00441x00182,16603.0,1.0,9.0,5.0,1.32181153495274,0.603205269418527,1.30422382181052,2.10317927840711,1.33902142087474,2.42828496874902,False,
2074,harbin,g00358x00185,harbin_station_ca42f912b251,2019-04,pending,,,,,,,,,,,,,,,,,False,
2075,harbin,g00362x00184,harbin_station_604e904a7a7c,2019-04,pending,,,,,,,,,,,,,,,,,False,
2076,harbin,g00368x00182,harbin_station_32704f962ca8,2019-04,pending,,,,,,,,,,,,,,,,,False,
2077,fuzhou,g00232x00183,fuzhou_station_333c9061fc3e,2019-04,pending,,,,,,,,,,,,,,,,,False,
2078,fuzhou,g00232x00184,fuzhou_station_1d6be78531b7,2019-04,pending,,,,,,,,,,,,,,,,,False,
2079,fuzhou,g00233x00190,fuzhou_station_ba184c139d16,2019-04,pending,,,,,,,,,,,,,,,,,False,
2080,fuzhou,g00234x00191,fuzhou_station_0e50ea2a11d3,2019-04,pending,,,,,,,,,,,,,,,,,False,
2081,fuzhou,g00234x00194,fuzhou_station_c2638ecaa916,2019-04,pending,,,,,,,,,,,,,,,,,False,
2082,fuzhou,g00234x00196,fuzhou_station_c43d2aa724c1,2019-04,pending,,,,,,,,,,,,,,,,,False,
2083,fuzhou,g00235x00216,fuzhou_station_15ca1ab18a76,2019-04,pending,,,,,,,,,,,,,,,,,False,
2084,fuzhou,g00236x00182,fuzhou_station_1480a046ea07,2019-04,pending,,,,,,,,,,,,,,,,,False,
2085,fuzhou,g00237x00198,fuzhou_station_b85589f1ea76,2019-04,pending,,,,,,,,,,,,,,,,,False,
2086,fuzhou,g00237x00200,fuzhou_station_677628a40cad,2019-04,gsc_pending,poi+population+viirs,,,,,,,,,,,,,,,,False,same_city:No treated unit is inside explicit donor common support
2087,fuzhou,g00238x00181,fuzhou_station_ae90e93416f0,2019-04,pending,,,,,,,,,,,,,,,,,False,
2088,fuzhou,g00238x00214,fuzhou_station_b97a8b8f12c7,2019-04,pending,,,,,,,,,,,,,,,,,False,
2089,fuzhou,g00239x00201,fuzhou_station_2cd418676570,2019-04,gsc_pending,poi+population+viirs,,,,,,,,,,,,,,,,False,same_city:preonly_placebo_quality_gate_failed
2090,fuzhou,g00239x00211,fuzhou_station_7a10685ec2a4,2019-04,pending,,,,,,,,,,,,,,,,,False,
2091,fuzhou,g00240x00179,fuzhou_station_2fa75f616bec,2019-04,pending,,,,,,,,,,,,,,,,,False,
2092,fuzhou,g00240x00204,fuzhou_station_d943fd4323bc,2019-04,pending,,,,,,,,,,,,,,,,,False,
2093,fuzhou,g00240x00209,fuzhou_station_834d0e732741,2019-04,matched,poi+population+viirs,Matching::Match_M1,same_city,fuzhou,g00232x00199,fuzhou::g00232x00199,13356.0,1.0,11.0,6.0,1.75018049989667,0.369145343015151,0.651848570100467,2.37870237645232,1.50330692587003,3.02432213869068,False,
2094,fuzhou,g00242x00176,fuzhou_station_ee38ee2f903f,2019-04,pending,,,,,,,,,,,,,,,,,False,
2095,fuzhou,g00246x00171,fuzhou_station_705d1b34dfa9,2019-04,pending,,,,,,,,,,,,,,,,,False,
2096,zhengzhou,g00125x00182,zhengzhou_station_0513be248513,2019-05,pending,,,,,,,,,,,,,,,,,False,
2097,zhengzhou,g00125x00187,zhengzhou_station_0462475abb2e,2019-05,gsc_pending,poi+population+viirs,,,,,,,,,,,,,,,,False,same_city:No treated unit is inside explicit donor common support
2098,zhengzhou,g00125x00189,zhengzhou_station_7a2809e2c3ac,2019-05,matched,poi+population+viirs,Matching::Match_M1,same_city,zhengzhou,g00139x00139,zhengzhou::g00139x00139,12127.0,1.0,11.0,6.0,1.88512064318717,0.417097710791594,0.752720620033238,2.15990242186351,1.20454262457121,2.52520555581726,False,
2099,zhengzhou,g00125x00191,zhengzhou_station_aa10675bfcc4,2019-05,pending,,,,,,,,,,,,,,,,,False,
2100,zhengzhou,g00126x00195,zhengzhou_station_a764e14e9711,2019-05,gsc_pending,poi+population+viirs,,,,,,,,,,,,,,,,False,same_city:No treated unit is inside explicit donor common support
2101,zhengzhou,g00126x00201,zhengzhou_station_d880008eabf4,2019-05,pending,,,,,,,,,,,,,,,,,False,
2102,zhengzhou,g00126x00203,zhengzhou_station_fff737b890b6,2019-05,pending,,,,,,,,,,,,,,,,,False,
2103,zhengzhou,g00126x00206,zhengzhou_station_70aa4fca0580,2019-05,pending,,,,,,,,,,,,,,,,,False,
2104,zhengzhou,g00127x00181,zhengzhou_station_32c5ab5302b7,2019-05,pending,,,,,,,,,,,,,,,,,False,
2105,zhengzhou,g00129x00181,zhengzhou_station_5cb846e95730,2019-05,pending,,,,,,,,,,,,,,,,,False,
2106,zhengzhou,g00131x00181,zhengzhou_station_a56c39011502,2019-05,pending,,,,,,,,,,,,,,,,,False,
2107,zhengzhou,g00131x00210,zhengzhou_station_5141b0e45027,2019-05,matched,poi+population+viirs,Matching::Match_M1,same_city,zhengzhou,g00105x00199,zhengzhou::g00105x00199,12127.0,1.0,11.0,6.0,1.98886144919535,0.589354289976271,0.87044945457995,2.15990242186351,1.20454262457121,2.52520555581726,False,
2108,zhengzhou,g00132x00210,zhengzhou_station_a97701ea0b35,2019-05,pending,,,,,,,,,,,,,,,,,False,
2109,zhengzhou,g00135x00183,zhengzhou_station_2efc4b59b452,2019-05,pending,,,,,,,,,,,,,,,,,False,
2110,zhengzhou,g00136x00186,zhengzhou_station_593c144cd1b4,2019-05,pending,,,,,,,,,,,,,,,,,False,
2111,zhengzhou,g00137x00188,zhengzhou_station_ad7a69ca0897,2019-05,pending,,,,,,,,,,,,,,,,,False,
2112,zhengzhou,g00137x00191,zhengzhou_station_5c047de596ed,2019-05,pending,,,,,,,,,,,,,,,,,False,
2113,zhengzhou,g00137x00196,zhengzhou_station_287178133d65,2019-05,gsc_pending,poi+population+viirs,,,,,,,,,,,,,,,,False,same_city:No treated unit is inside explicit donor common support
2114,zhengzhou,g00137x00210,zhengzhou_station_79905d19a5b5,2019-05,pending,,,,,,,,,,,,,,,,,False,
2115,zhengzhou,g00138x00198,zhengzhou_station_7b425df16a07,2019-05,pending,,,,,,,,,,,,,,,,,False,
2116,zhengzhou,g00138x00200,zhengzhou_station_be8904bec700,2019-05,pending,,,,,,,,,,,,,,,,,False,
2117,zhengzhou,g00138x00202,zhengzhou_station_878acd93a6ea,2019-05,pending,,,,,,,,,,,,,,,,,False,
2118,zhengzhou,g00138x00206,zhengzhou_station_285167f58953,2019-05,pending,,,,,,,,,,,,,,,,,False,
2119,zhengzhou,g00138x00209,zhengzhou_station_e425fce4a696,2019-05,pending,,,,,,,,,,,,,,,,,False,
2120,shenyang,g00137x00177,shenyang_station_c6d7048fde68,2019-05,pending,,,,,,,,,,,,,,,,,False,
2121,shenyang,g00137x00187,shenyang_station_c715cdb0c5a6,2019-05,matched,poi+population+viirs,Matching::Match_M1,same_city,shenyang,g00174x00176,shenyang::g00174x00176,9621.0,1.0,12.0,6.0,2.14374450310194,0.447283102347118,0.72598156826734,2.60412941543591,1.29288434172615,2.52705030349077,False,
2122,shenyang,g00138x00190,shenyang_station_8eea427b4fa6,2019-05,pending,,,,,,,,,,,,,,,,,False,
2123,shenyang,g00139x00198,shenyang_station_931b6306bad5,2019-05,pending,,,,,,,,,,,,,,,,,False,
2124,shenyang,g00140x00195,shenyang_station_408b2377fa4a,2019-05,pending,,,,,,,,,,,,,,,,,False,
2125,shenyang,g00144x00174,shenyang_station_470e3919ab1b,2019-05,pending,,,,,,,,,,,,,,,,,False,
2126,shenyang,g00150x00178,shenyang_station_9deef23bd354,2019-05,pending,,,,,,,,,,,,,,,,,False,
2127,shenyang,g00153x00180,shenyang_station_066d81c9c07e,2019-05,pending,,,,,,,,,,,,,,,,,False,
2128,shenyang,g00162x00181,shenyang_station_f2876c997362,2019-05,pending,,,,,,,,,,,,,,,,,False,
2129,changsha,g00088x00254,changsha_station_28ea325c5009,2019-05,pending,,,,,,,,,,,,,,,,,False,
2130,changsha,g00090x00247,changsha_station_e51024c1fde3,2019-05,pending,,,,,,,,,,,,,,,,,False,
2131,changsha,g00091x00237,changsha_station_998b109fe167,2019-05,gsc_pending,poi+population+viirs,,,,,,,,,,,,,,,,False,same_city:preonly_placebo_quality_gate_failed
2132,changsha,g00091x00240,changsha_station_530ffcf391f2,2019-05,pending,,,,,,,,,,,,,,,,,False,
2133,changsha,g00091x00242,changsha_station_68a45e5c9d5f,2019-05,pending,,,,,,,,,,,,,,,,,False,
2134,changsha,g00091x00246,changsha_station_94fe94bd27f5,2019-05,pending,,,,,,,,,,,,,,,,,False,
2135,changsha,g00097x00225,changsha_station_5a0ddbcdb65a,2019-05,pending,,,,,,,,,,,,,,,,,False,
2136,changsha,g00102x00227,changsha_station_2657ec00a68b,2019-05,pending,,,,,,,,,,,,,,,,,False,
2137,changsha,g00105x00227,changsha_station_f6a5965565d8,2019-05,pending,,,,,,,,,,,,,,,,,False,
2138,changsha,g00107x00226,changsha_station_e2ccc585a050,2019-05,pending,,,,,,,,,,,,,,,,,False,
2139,changsha,g00110x00227,changsha_station_5f85ccace729,2019-05,pending,,,,,,,,,,,,,,,,,False,
2140,changsha,g00112x00227,changsha_station_8d88704f6bfc,2019-05,pending,,,,,,,,,,,,,,,,,False,
2141,changsha,g00115x00225,changsha_station_cebfe6065ea9,2019-05,pending,,,,,,,,,,,,,,,,,False,
2142,changsha,g00118x00222,changsha_station_d8f0fb949bf4,2019-05,gsc_pending,poi+population+viirs,,,,,,,,,,,,,,,,False,same_city:preonly_placebo_quality_gate_failed
2143,changsha,g00119x00221,changsha_station_3361399fd33a,2019-05,pending,,,,,,,,,,,,,,,,,False,
2144,nanning,g00130x00240,nanning_station_c2bc1c61e962,2019-06,pending,,,,,,,,,,,,,,,,,False,
2145,nanning,g00133x00240,nanning_station_574dade30e55,2019-06,pending,,,,,,,,,,,,,,,,,False,
2146,nanning,g00136x00240,nanning_station_b1f296cb4350,2019-06,pending,,,,,,,,,,,,,,,,,False,
2147,nanning,g00137x00239,nanning_station_7e1dd966e22d,2019-06,pending,,,,,,,,,,,,,,,,,False,
2148,nanning,g00141x00239,nanning_station_8bd66c37aed1,2019-06,pending,,,,,,,,,,,,,,,,,False,
2149,nanning,g00145x00237,nanning_station_e42423c282ae,2019-06,pending,,,,,,,,,,,,,,,,,False,
2150,nanning,g00146x00236,nanning_station_462aab93c116,2019-06,pending,,,,,,,,,,,,,,,,,False,
2151,nanning,g00149x00238,nanning_station_db45ae48d81a,2019-06,pending,,,,,,,,,,,,,,,,,False,
2152,nanning,g00152x00237,nanning_station_64f76ad520ec,2019-06,pending,,,,,,,,,,,,,,,,,False,
2153,nanning,g00153x00236,nanning_station_1df2a952cf89,2019-06,pending,,,,,,,,,,,,,,,,,False,
2154,nanning,g00155x00235,nanning_station_b3c436f2f5df,2019-06,pending,,,,,,,,,,,,,,,,,False,
2155,nanning,g00161x00235,nanning_station_f17aecc89122,2019-06,pending,,,,,,,,,,,,,,,,,False,
2156,nanning,g00163x00232,nanning_station_bd93939e4e59,2019-06,gsc_pending,poi+population+viirs,,,,,,,,,,,,,,,,False,same_city:preonly_placebo_quality_gate_failed
2157,nanning,g00163x00234,nanning_station_5142b34ab91c,2019-06,gsc_pending,population+viirs,,,,,,,,,,,,,,,,False,same_city:preonly_placebo_quality_gate_failed
2158,nanning,g00164x00217,nanning_station_ccd3e74ec375,2019-06,pending,,,,,,,,,,,,,,,,,False,
2159,nanning,g00164x00220,nanning_station_1344b0a9fe9a,2019-06,gsc_pending,poi+population+viirs,,,,,,,,,,,,,,,,False,same_city:preonly_placebo_quality_gate_failed
2160,nanning,g00164x00227,nanning_station_4f0d4059e934,2019-06,pending,,,,,,,,,,,,,,,,,False,
2161,nanning,g00164x00230,nanning_station_944d08348bb1,2019-06,pending,,,,,,,,,,,,,,,,,False,
2162,nanning,g00165x00223,nanning_station_9cefa35f35e3,2019-06,pending,,,,,,,,,,,,,,,,,False,
2163,lanzhou,g00118x00242,lanzhou_station_46f176c423c5,2019-06,pending,,,,,,,,,,,,,,,,,False,
2164,lanzhou,g00119x00238,lanzhou_station_9e10d8c1719d,2019-06,pending,,,,,,,,,,,,,,,,,False,
2165,lanzhou,g00119x00240,lanzhou_station_17e7306b1f15,2019-06,gsc_pending,poi+population+viirs,,,,,,,,,,,,,,,,False,same_city:Fewer than three complete donors or missing treated feature row
2166,lanzhou,g00121x00233,lanzhou_station_5f3e7252d38f,2019-06,gsc_pending,poi+population+viirs,,,,,,,,,,,,,,,,False,same_city:Fewer than three complete donors or missing treated feature row
2167,lanzhou,g00122x00230,lanzhou_station_ba5a54337198,2019-06,pending,,,,,,,,,,,,,,,,,False,
2168,lanzhou,g00124x00222,lanzhou_station_5f74ac6d5bd6,2019-06,pending,,,,,,,,,,,,,,,,,False,
2169,lanzhou,g00124x00223,lanzhou_station_221858b0de6c,2019-06,pending,,,,,,,,,,,,,,,,,False,
2170,lanzhou,g00125x00217,lanzhou_station_7294fb967eac,2019-06,pending,,,,,,,,,,,,,,,,,False,
2171,lanzhou,g00125x00219,lanzhou_station_2a76687a17d2,2019-06,pending,,,,,,,,,,,,,,,,,False,
2172,lanzhou,g00126x00212,lanzhou_station_3a83556dca3a,2019-06,pending,,,,,,,,,,,,,,,,,False,
2173,lanzhou,g00126x00214,lanzhou_station_5ec50a196b9f,2019-06,pending,,,,,,,,,,,,,,,,,False,
2174,lanzhou,g00131x00201,lanzhou_station_c18b25ad28a3,2019-06,pending,,,,,,,,,,,,,,,,,False,
2175,lanzhou,g00131x00206,lanzhou_station_7c7b0ace4b6a,2019-06,pending,,,,,,,,,,,,,,,,,False,
2176,lanzhou,g00132x00205,lanzhou_station_3afc65e3be6e,2019-06,pending,,,,,,,,,,,,,,,,,False,
2177,hangzhou,g00252x00351,hangzhou_station_870bbdfb76de,2019-06,pending,,,,,,,,,,,,,,,,,False,
2178,hangzhou,g00253x00354,hangzhou_station_8ce2ab8de343,2019-06,pending,,,,,,,,,,,,,,,,,False,
2179,hangzhou,g00253x00364,hangzhou_station_69c025ff8f7f,2019-06,gsc_pending,housing+poi+population+viirs,,,,,,,,,,,,,,,,False,same_city:preonly_placebo_quality_gate_failed
2180,hangzhou,g00254x00358,hangzhou_station_727761dabdbd,2019-06,pending,,,,,,,,,,,,,,,,,False,
2181,hangzhou,g00254x00362,hangzhou_station_713e07ed256c,2019-06,pending,,,,,,,,,,,,,,,,,False,
2182,hangzhou,g00255x00371,hangzhou_station_1c3be75be1b7,2019-06,pending,,,,,,,,,,,,,,,,,False,
2183,hangzhou,g00256x00372,hangzhou_station_c07fd985a187,2019-06,matched,housing+poi+population+viirs,Matching::Match_M1,same_city,hangzhou,g00262x00369,hangzhou::g00262x00369,110.0,1.0,14.0,7.0,3.5300088790698,0.950235968768999,1.76110699535719,4.73179079294838,1.59985863398026,3.56786859521144,False,
2184,hangzhou,g00258x00378,hangzhou_station_75a215e2f01a,2019-06,pending,,,,,,,,,,,,,,,,,False,
2185,hangzhou,g00258x00380,hangzhou_station_47f634278f21,2019-06,pending,,,,,,,,,,,,,,,,,False,
2186,hangzhou,g00259x00375,hangzhou_station_d2a048f930dd,2019-06,pending,,,,,,,,,,,,,,,,,False,
2187,shijiazhuang,g00155x00220,shijiazhuang_station_3860c949d347,2019-06,pending,,,,,,,,,,,,,,,,,False,
2188,shijiazhuang,g00157x00220,shijiazhuang_station_83f88ea06eaa,2019-06,pending,,,,,,,,,,,,,,,,,False,
2189,shijiazhuang,g00164x00218,shijiazhuang_station_f438f7e545ab,2019-06,gsc_pending,population+viirs,,,,,,,,,,,,,,,,False,same_city:preonly_placebo_quality_gate_failed
2190,shijiazhuang,g00166x00219,shijiazhuang_station_8c9f5234333e,2019-06,pending,,,,,,,,,,,,,,,,,False,
2191,shijiazhuang,g00169x00219,shijiazhuang_station_c8f14cf7b14a,2019-06,pending,,,,,,,,,,,,,,,,,False,
2192,shijiazhuang,g00171x00219,shijiazhuang_station_548de84a7266,2019-06,pending,,,,,,,,,,,,,,,,,False,
2193,urumqi,g00206x00152,urumqi_station_219a44e46bb9,2019-06,pending,,,,,,,,,,,,,,,,,False,
2194,urumqi,g00208x00152,urumqi_station_a7fbbec2514f,2019-06,pending,,,,,,,,,,,,,,,,,False,
2195,urumqi,g00210x00152,urumqi_station_d35d4bd978e0,2019-06,pending,,,,,,,,,,,,,,,,,False,
2196,urumqi,g00215x00153,urumqi_station_8a78c1f1c052,2019-06,gsc_pending,poi+population,,,,,,,,,,,,,,,,False,same_city:Fewer than three complete donors or missing treated feature row
2197,urumqi,g00218x00152,urumqi_station_559e68e6e406,2019-06,pending,,,,,,,,,,,,,,,,,False,
2198,urumqi,g00219x00152,urumqi_station_715179a612a0,2019-06,pending,,,,,,,,,,,,,,,,,False,
2199,urumqi,g00222x00152,urumqi_station_93e6c7c31dc5,2019-06,pending,,,,,,,,,,,,,,,,,False,
2200,urumqi,g00223x00150,urumqi_station_2a341a198eaf,2019-06,pending,,,,,,,,,,,,,,,,,False,
2201,nanchang,g00129x00119,nanchang_station_c04cb3a4c477,2019-06,pending,,,,,,,,,,,,,,,,,False,
2202,nanchang,g00130x00114,nanchang_station_3bad9fbbc4dc,2019-06,gsc_pending,poi+population+viirs,,,,,,,,,,,,,,,,False,same_city:No treated unit is inside explicit donor common support
2203,nanchang,g00130x00116,nanchang_station_745e6191d428,2019-06,matched,poi+population+viirs,Matching::Match_M1,same_city,nanchang,g00125x00116,nanchang::g00125x00116,9542.0,1.0,11.0,6.0,2.18022191193521,0.985515961462993,2.27988032534954,2.93839656198903,1.39463195551925,2.62411053833065,False,
2204,nanchang,g00130x00117,nanchang_station_a148c2acb3d5,2019-06,pending,,,,,,,,,,,,,,,,,False,
2205,nanchang,g00131x00113,nanchang_station_8b1d7ea297d9,2019-06,pending,,,,,,,,,,,,,,,,,False,
2206,nanchang,g00134x00112,nanchang_station_10c38dbdc1c3,2019-06,pending,,,,,,,,,,,,,,,,,False,
2207,nanchang,g00135x00112,nanchang_station_beea93b653b9,2019-06,pending,,,,,,,,,,,,,,,,,False,
2208,nanchang,g00136x00110,nanchang_station_ab91527f048b,2019-06,pending,,,,,,,,,,,,,,,,,False,
2209,nanchang,g00137x00103,nanchang_station_45db07eb00bf,2019-06,pending,,,,,,,,,,,,,,,,,False,
2210,nanchang,g00137x00105,nanchang_station_c8f51aa02bcd,2019-06,pending,,,,,,,,,,,,,,,,,False,
2211,ningbo,g00248x00147,ningbo_station_dc1d05b56b70,2019-06,pending,,,,,,,,,,,,,,,,,False,
2212,ningbo,g00255x00151,ningbo_station_6c8d8381f8ab,2019-06,pending,,,,,,,,,,,,,,,,,False,
2213,ningbo,g00259x00156,ningbo_station_ad63a5a19968,2019-06,pending,,,,,,,,,,,,,,,,,False,
2214,ningbo,g00263x00157,ningbo_station_e6e085ae631e,2019-06,pending,,,,,,,,,,,,,,,,,False,
2215,ningbo,g00269x00158,ningbo_station_6be358ca00bc,2019-06,matched,poi+population+viirs,Matching::Match_M1,same_city,ningbo,g00283x00189,ningbo::g00283x00189,17054.0,1.0,11.0,6.0,1.35575329440347,0.508737903638501,1.11735946659572,2.09163356109423,1.07433888658041,2.43180226564337,False,
2216,ningbo,g00272x00157,ningbo_station_9640d16cf9c0,2019-06,pending,,,,,,,,,,,,,,,,,False,
2217,chongqing,g00324x00270,chongqing_station_a29ffe50347f,2019-07,pending,,,,,,,,,,,,,,,,,False,
2218,chongqing,g00338x00271,chongqing_station_f77a47068cbd,2019-07,gsc_pending,poi+population+viirs,,,,,,,,,,,,,,,,False,same_city:preonly_placebo_quality_gate_failed
2219,zhengzhou,g00129x00168,zhengzhou_station_3f8b0f92218c,2019-09,pending,,,,,,,,,,,,,,,,,False,
2220,zhengzhou,g00131x00168,zhengzhou_station_e32929e07579,2019-09,pending,,,,,,,,,,,,,,,,,False,
2221,changzhou,g00130x00171,changzhou_station_83eb8077be63,2019-09,gsc_pending,poi+population+viirs,,,,,,,,,,,,,,,,False,same_city:Fewer than three complete donors or missing treated feature row
2222,changzhou,g00133x00171,changzhou_station_10be71b3fca2,2019-09,pending,,,,,,,,,,,,,,,,,False,
2223,changzhou,g00139x00170,changzhou_station_8345598820a2,2019-09,pending,,,,,,,,,,,,,,,,,False,
2224,changzhou,g00143x00170,changzhou_station_996d93e0110b,2019-09,pending,,,,,,,,,,,,,,,,,False,
2225,changzhou,g00145x00170,changzhou_station_8f77f551313a,2019-09,pending,,,,,,,,,,,,,,,,,False,
2226,changzhou,g00146x00170,changzhou_station_39a006314127,2019-09,pending,,,,,,,,,,,,,,,,,False,
2227,changzhou,g00148x00170,changzhou_station_41e47177cc02,2019-09,pending,,,,,,,,,,,,,,,,,False,
2228,changzhou,g00150x00170,changzhou_station_89bb4db4a462,2019-09,pending,,,,,,,,,,,,,,,,,False,
2229,changzhou,g00153x00170,changzhou_station_283f483c6677,2019-09,gsc_pending,poi+population+viirs,,,,,,,,,,,,,,,,False,same_city:Fewer than three complete donors or missing treated feature row
2230,changzhou,g00156x00172,changzhou_station_2adb77a7ef0d,2019-09,pending,,,,,,,,,,,,,,,,,False,
2231,changzhou,g00159x00172,changzhou_station_37056f99d609,2019-09,pending,,,,,,,,,,,,,,,,,False,
2232,changzhou,g00160x00172,changzhou_station_f56e6659ef94,2019-09,pending,,,,,,,,,,,,,,,,,False,
2233,changzhou,g00162x00173,changzhou_station_ff0c34a311fb,2019-09,pending,,,,,,,,,,,,,,,,,False,
2234,changzhou,g00164x00174,changzhou_station_2ce13760f269,2019-09,pending,,,,,,,,,,,,,,,,,False,
2235,changzhou,g00165x00175,changzhou_station_29bdc31a0f7f,2019-09,pending,,,,,,,,,,,,,,,,,False,
2236,changzhou,g00168x00175,changzhou_station_8d28b7e6e8ae,2019-09,pending,,,,,,,,,,,,,,,,,False,
2237,changzhou,g00170x00176,changzhou_station_7a133df890cc,2019-09,pending,,,,,,,,,,,,,,,,,False,
2238,changzhou,g00172x00177,changzhou_station_6400249f4189,2019-09,pending,,,,,,,,,,,,,,,,,False,
2239,changzhou,g00176x00176,changzhou_station_34044d385914,2019-09,pending,,,,,,,,,,,,,,,,,False,
2240,changzhou,g00179x00173,changzhou_station_7f7c8583a7c6,2019-09,pending,,,,,,,,,,,,,,,,,False,
2241,changzhou,g00179x00175,changzhou_station_6f02511a52d3,2019-09,gsc_pending,poi+population+viirs,,,,,,,,,,,,,,,,False,same_city:Fewer than three complete donors or missing treated feature row
2242,changzhou,g00180x00171,changzhou_station_a9e8e620d391,2019-09,pending,,,,,,,,,,,,,,,,,False,
2243,changzhou,g00181x00170,changzhou_station_9364cbdf6dfc,2019-09,pending,,,,,,,,,,,,,,,,,False,
2244,changzhou,g00184x00171,changzhou_station_5f3630904245,2019-09,pending,,,,,,,,,,,,,,,,,False,
2245,changzhou,g00187x00172,changzhou_station_da4fe371c5d1,2019-09,gsc_pending,population+viirs,,,,,,,,,,,,,,,,False,same_city:Fewer than three complete donors or missing treated feature row
2246,changzhou,g00190x00172,changzhou_station_cbda538d8ffa,2019-09,pending,,,,,,,,,,,,,,,,,False,
2247,wuhan,g00145x00103,wuhan_station_d8ee27c28577,2019-09,pending,,,,,,,,,,,,,,,,,False,
2248,wuhan,g00146x00105,wuhan_station_0f14d1354c89,2019-09,pending,,,,,,,,,,,,,,,,,False,
2249,wuhan,g00147x00099,wuhan_station_50c9804b256c,2019-09,matched,poi+population+viirs,Matching::Match_M1,same_city,wuhan,g00156x00099,wuhan::g00156x00099,13859.0,1.0,11.0,6.0,2.42616038808343,0.405619229118492,0.683450528153218,2.59139551929371,1.13381329541479,2.46305658898498,False,
2250,wuhan,g00148x00096,wuhan_station_51fdffc09099,2019-09,pending,,,,,,,,,,,,,,,,,False,
2251,wuhan,g00149x00093,wuhan_station_40d6e69e085e,2019-09,pending,,,,,,,,,,,,,,,,,False,
2252,wuhan,g00151x00087,wuhan_station_b396e5dd38a0,2019-09,pending,,,,,,,,,,,,,,,,,False,
2253,wuhan,g00151x00089,wuhan_station_2aee4a34e734,2019-09,matched,poi+population+viirs,Matching::Match_M1,same_city,wuhan,g00215x00153,wuhan::g00215x00153,13859.0,1.0,11.0,6.0,1.51950449475646,0.33837153072077,0.683450528153217,2.59139551929371,1.13381329541479,2.46305658898498,False,
2254,wuhan,g00153x00080,wuhan_station_2a8b49570c11,2019-09,pending,,,,,,,,,,,,,,,,,False,
2255,wuhan,g00153x00083,wuhan_station_3e0b78eddc07,2019-09,gsc_pending,poi+population+viirs,,,,,,,,,,,,,,,,False,same_city:preonly_placebo_quality_gate_failed
2256,beijing,g00033x00191,beijing_station_b4083ba76a6d,2019-09,pending,,,,,,,,,,,,,,,,,False,
2257,beijing,g00082x00183,beijing_station_845ef5700949,2019-09,gsc_pending,poi+population+viirs,,,,,,,,,,,,,,,,False,same_city:preonly_placebo_quality_gate_failed
2258,xian,g00149x00234,xian_station_18d598f34163,2019-09,matched,poi+population+viirs,Matching::Match_M1,same_city,xian,g00184x00270,xian::g00184x00270,11475.0,1.0,11.0,6.0,1.69803027484787,0.529669521606773,0.906855262707308,2.49389296048184,1.24105721312131,2.44532445138091,False,
2259,xian,g00150x00230,xian_station_71734fd48e00,2019-09,pending,,,,,,,,,,,,,,,,,False,
2260,xian,g00151x00227,xian_station_bb3346ab9ed2,2019-09,pending,,,,,,,,,,,,,,,,,False,
2261,xian,g00152x00225,xian_station_54859a83b193,2019-09,pending,,,,,,,,,,,,,,,,,False,
2262,harbin,g00365x00183,harbin_station_fbad3cadbabc,2019-09,pending,,,,,,,,,,,,,,,,,False,
2263,ningbo,g00241x00142,ningbo_station_14f8919fb757,2019-09,pending,,,,,,,,,,,,,,,,,False,
2264,ningbo,g00241x00145,ningbo_station_a271a35b0a82,2019-09,pending,,,,,,,,,,,,,,,,,False,
2265,ningbo,g00243x00146,ningbo_station_363e1e1fab52,2019-09,pending,,,,,,,,,,,,,,,,,False,
2266,shenzhen,g00169x00066,shenzhen_station_28ed4ee0ebeb,2019-09,matched,poi+population+viirs,Matching::Match_M1,same_city,shenzhen,g00211x00134,shenzhen::g00211x00134,3119.0,1.0,11.0,6.0,1.0405146140225,0.580554651799812,0.957968680984202,2.67132612529795,1.00548872012031,2.04716236497924,False,
2267,shenzhen,g00173x00066,shenzhen_station_64e1678271c6,2019-09,pending,,,,,,,,,,,,,,,,,False,
2268,shenzhen,g00174x00067,shenzhen_station_eb90af137c5e,2019-09,pending,,,,,,,,,,,,,,,,,False,
2269,shenzhen,g00176x00067,shenzhen_station_4eb2028ec74d,2019-09,pending,,,,,,,,,,,,,,,,,False,
2270,wenzhou,g00206x00263,wenzhou_station_5867f0486342,2019-09,pending,,,,,,,,,,,,,,,,,False,
2271,wenzhou,g00208x00287,wenzhou_station_76c96dadebe0,2019-09,pending,,,,,,,,,,,,,,,,,False,
2272,wenzhou,g00210x00284,wenzhou_station_029c3f1ed583,2019-09,pending,,,,,,,,,,,,,,,,,False,
2273,wenzhou,g00213x00281,wenzhou_station_5bc3ef773d5a,2019-09,pending,,,,,,,,,,,,,,,,,False,
2274,wenzhou,g00215x00275,wenzhou_station_59a2daf0f1ae,2019-09,pending,,,,,,,,,,,,,,,,,False,
2275,wuxi,g00089x00166,wuxi_station_2143f0b5e2d7,2019-09,pending,,,,,,,,,,,,,,,,,False,
2276,wuxi,g00091x00167,wuxi_station_c5f66369f535,2019-09,matched,poi+population+viirs,Matching::Match_M1,same_city,wuxi,g00132x00206,wuxi::g00132x00206,10917.0,1.0,11.0,6.0,0.993827501624946,0.576142900994904,1.15598879436056,2.23286426098103,1.08882494498507,2.31197758872112,False,
2277,xuzhou,g00137x00157,xuzhou_station_76e372e740dd,2019-09,pending,,,,,,,,,,,,,,,,,False,
2278,xuzhou,g00138x00160,xuzhou_station_68818aa8480c,2019-09,pending,,,,,,,,,,,,,,,,,False,
2279,xuzhou,g00139x00186,xuzhou_station_02ebdd9f2cdb,2019-09,pending,,,,,,,,,,,,,,,,,False,
2280,xuzhou,g00140x00164,xuzhou_station_acbfde8402e7,2019-09,pending,,,,,,,,,,,,,,,,,False,
2281,xuzhou,g00140x00166,xuzhou_station_397cae370177,2019-09,pending,,,,,,,,,,,,,,,,,False,
2282,xuzhou,g00141x00169,xuzhou_station_7d28894ea1db,2019-09,pending,,,,,,,,,,,,,,,,,False,
2283,xuzhou,g00141x00171,xuzhou_station_6e4931499dc3,2019-09,pending,,,,,,,,,,,,,,,,,False,
2284,xuzhou,g00141x00180,xuzhou_station_041e33eac3d1,2019-09,pending,,,,,,,,,,,,,,,,,False,
2285,xuzhou,g00141x00192,xuzhou_station_85f84f41d577,2019-09,pending,,,,,,,,,,,,,,,,,False,
2286,xuzhou,g00142x00173,xuzhou_station_1f3ef1d63861,2019-09,pending,,,,,,,,,,,,,,,,,False,
2287,xuzhou,g00142x00174,xuzhou_station_f5817c7c598e,2019-09,pending,,,,,,,,,,,,,,,,,False,
2288,xuzhou,g00142x00177,xuzhou_station_ab4667183f24,2019-09,gsc_pending,poi+population+viirs,,,,,,,,,,,,,,,,False,same_city:Fewer than three complete donors or missing treated feature row
2289,xuzhou,g00142x00195,xuzhou_station_f546748d72aa,2019-09,gsc_pending,poi+population+viirs,,,,,,,,,,,,,,,,False,same_city:Fewer than three complete donors or missing treated feature row
2290,xian,g00167x00234,xian_station_d68fed7f9ddd,2019-09,pending,,,,,,,,,,,,,,,,,False,
2291,xian,g00167x00240,xian_station_5df2fd74d67c,2019-09,gsc_pending,population+viirs,,,,,,,,,,,,,,,,False,same_city:preonly_placebo_quality_gate_failed
2292,xian,g00167x00257,xian_station_4c3410a7b7f1,2019-09,pending,,,,,,,,,,,,,,,,,False,
2293,xian,g00169x00243,xian_station_13c4a4e5552c,2019-09,pending,,,,,,,,,,,,,,,,,False,
2294,xian,g00171x00248,xian_station_96a273383ba8,2019-09,pending,,,,,,,,,,,,,,,,,False,
2295,xian,g00174x00235,xian_station_02f9739e462c,2019-09,pending,,,,,,,,,,,,,,,,,False,
2296,xian,g00176x00234,xian_station_79ec0e737e16,2019-09,pending,,,,,,,,,,,,,,,,,False,
2297,xian,g00178x00228,xian_station_066e0bc2531b,2019-09,pending,,,,,,,,,,,,,,,,,False,
2298,wuhan,g00117x00137,wuhan_station_b1eb64bf5564,2019-11,pending,,,,,,,,,,,,,,,,,False,
2299,wuhan,g00119x00138,wuhan_station_136eb364f12e,2019-11,pending,,,,,,,,,,,,,,,,,False,
2300,wuhan,g00125x00142,wuhan_station_41c1b0ac69fe,2019-11,pending,,,,,,,,,,,,,,,,,False,
2301,zhengzhou,g00148x00217,zhengzhou_station_4afbf20bdf77,2019-11,pending,,,,,,,,,,,,,,,,,False,
2302,shenzhen,g00171x00071,shenzhen_station_dbe702084fc6,2019-12,pending,,,,,,,,,,,,,,,,,False,
2303,shenzhen,g00172x00068,shenzhen_station_dc6e65099592,2019-12,pending,,,,,,,,,,,,,,,,,False,
2304,shenzhen,g00172x00070,shenzhen_station_f4f5e206dd80,2019-12,pending,,,,,,,,,,,,,,,,,False,
2305,shenzhen,g00173x00067,shenzhen_station_c5dcd22d2de1,2019-12,pending,,,,,,,,,,,,,,,,,False,
2306,chongqing,g00338x00250,chongqing_station_e1af4befdd1c,2019-12,pending,,,,,,,,,,,,,,,,,False,
2307,qingdao,g00154x00173,qingdao_station_51792d36114c,2019-12,gsc_pending,poi+population+viirs,,,,,,,,,,,,,,,,False,same_city:No treated unit is inside explicit donor common support
2308,qingdao,g00154x00175,qingdao_station_69fb4210ff26,2019-12,pending,,,,,,,,,,,,,,,,,False,
2309,qingdao,g00154x00177,qingdao_station_f15d73079b4b,2019-12,pending,,,,,,,,,,,,,,,,,False,
2310,guangzhou,g00147x00101,guangzhou_station_992b0ee9d393,2019-12,pending,,,,,,,,,,,,,,,,,False,
2311,guangzhou,g00148x00106,guangzhou_station_0288f5188a56,2019-12,pending,,,,,,,,,,,,,,,,,False,
2312,guangzhou,g00151x00110,guangzhou_station_9bc66f1be953,2019-12,pending,,,,,,,,,,,,,,,,,False,
2313,guangzhou,g00155x00109,guangzhou_station_1f87161ffe5a,2019-12,pending,,,,,,,,,,,,,,,,,False,
2314,guangzhou,g00156x00115,guangzhou_station_119a78278cf4,2019-12,pending,,,,,,,,,,,,,,,,,False,
2315,guangzhou,g00156x00118,guangzhou_station_794b9d168abf,2019-12,pending,,,,,,,,,,,,,,,,,False,
2316,guangzhou,g00161x00124,guangzhou_station_88ab1c4c937e,2019-12,matched,poi+population+viirs,Matching::Match_M1,same_city,guangzhou,g00211x00097,guangzhou::g00211x00097,11884.0,1.0,12.0,6.0,1.70431128354189,0.590182524445814,0.848988955637502,2.16203487949506,1.0418773253798,1.97786576402012,False,
2317,guangzhou,g00166x00126,guangzhou_station_49feef5e5aab,2019-12,pending,,,,,,,,,,,,,,,,,False,
2318,suzhou,g00127x00150,suzhou_station_bffb196e0241,2019-12,pending,,,,,,,,,,,,,,,,,False,
2319,suzhou,g00128x00152,suzhou_station_fe8dfb0cceee,2019-12,pending,,,,,,,,,,,,,,,,,False,
2320,suzhou,g00128x00156,suzhou_station_2c1d19afb7c7,2019-12,pending,,,,,,,,,,,,,,,,,False,
2321,suzhou,g00129x00149,suzhou_station_a99d5d1c6dd0,2019-12,pending,,,,,,,,,,,,,,,,,False,
2322,suzhou,g00129x00161,suzhou_station_99f945d61005,2019-12,pending,,,,,,,,,,,,,,,,,False,
2323,suzhou,g00129x00164,suzhou_station_cbac2d32c81c,2019-12,pending,,,,,,,,,,,,,,,,,False,
2324,suzhou,g00131x00148,suzhou_station_dbb5afc24ae9,2019-12,pending,,,,,,,,,,,,,,,,,False,
2325,suzhou,g00131x00167,suzhou_station_1269a89be61f,2019-12,pending,,,,,,,,,,,,,,,,,False,
2326,suzhou,g00133x00168,suzhou_station_fde18a522bec,2019-12,matched,housing+poi+population+viirs,Matching::Match_M1,same_city,suzhou,g00139x00146,suzhou::g00139x00146,60.0,1.0,13.0,7.0,4.72601372493326,1.09647022962463,2.04704577166667,4.7710325265349,1.64028487782642,2.70011699944504,False,
2327,suzhou,g00134x00147,suzhou_station_78826ed96927,2019-12,pending,,,,,,,,,,,,,,,,,False,
2328,suzhou,g00135x00143,suzhou_station_796fae167884,2019-12,pending,,,,,,,,,,,,,,,,,False,
2329,suzhou,g00135x00145,suzhou_station_244386493a3e,2019-12,pending,,,,,,,,,,,,,,,,,False,
2330,suzhou,g00137x00143,suzhou_station_c92735baad43,2019-12,matched,poi+population+viirs,Matching::Match_M1,same_city,suzhou,g00158x00226,suzhou::g00158x00226,18217.0,1.0,12.0,6.0,1.91243906966795,0.561676201365956,0.902148051334977,2.0915041377372,1.11646320434621,2.31212308596097,False,
2331,suzhou,g00139x00168,suzhou_station_e34b46aebae0,2019-12,pending,,,,,,,,,,,,,,,,,False,
2332,suzhou,g00140x00142,suzhou_station_cd40eebeffb1,2019-12,pending,,,,,,,,,,,,,,,,,False,
2333,suzhou,g00141x00168,suzhou_station_69a13324d41c,2019-12,pending,,,,,,,,,,,,,,,,,False,
2334,suzhou,g00142x00140,suzhou_station_1078ca31edb4,2019-12,pending,,,,,,,,,,,,,,,,,False,
2335,suzhou,g00143x00167,suzhou_station_50070e29bcdd,2019-12,gsc_pending,poi+population+viirs,,,,,,,,,,,,,,,,False,same_city:preonly_placebo_quality_gate_failed
2336,suzhou,g00145x00140,suzhou_station_6e2a7d5922fa,2019-12,matched,poi+population+viirs,Matching::Match_M1,same_city,suzhou,g00140x00147,suzhou::g00140x00147,18217.0,1.0,12.0,6.0,0.874190274184918,0.265818798388716,0.454230436072422,2.0915041377372,1.11646320434621,2.31212308596097,False,
2337,suzhou,g00145x00171,suzhou_station_d12954a56dfc,2019-12,pending,,,,,,,,,,,,,,,,,False,
2338,suzhou,g00147x00177,suzhou_station_3e5392ea3f2f,2019-12,pending,,,,,,,,,,,,,,,,,False,
2339,suzhou,g00147x00180,suzhou_station_c38a42e68f9f,2019-12,pending,,,,,,,,,,,,,,,,,False,
2340,suzhou,g00148x00139,suzhou_station_6b55a4a23140,2019-12,pending,,,,,,,,,,,,,,,,,False,
2341,suzhou,g00148x00183,suzhou_station_00690d874dc6,2019-12,pending,,,,,,,,,,,,,,,,,False,
2342,suzhou,g00149x00187,suzhou_station_949e439e22ae,2019-12,pending,,,,,,,,,,,,,,,,,False,
2343,suzhou,g00149x00189,suzhou_station_ec263a64b152,2019-12,pending,,,,,,,,,,,,,,,,,False,
2344,suzhou,g00150x00140,suzhou_station_03d198f33b28,2019-12,pending,,,,,,,,,,,,,,,,,False,
2345,suzhou,g00152x00139,suzhou_station_5e9654706436,2019-12,pending,,,,,,,,,,,,,,,,,False,
2346,xiamen,g00042x00050,xiamen_station_dd36482e3fe5,2019-12,pending,,,,,,,,,,,,,,,,,False,
2347,xiamen,g00042x00059,xiamen_station_b28ef60127ee,2019-12,pending,,,,,,,,,,,,,,,,,False,
2348,xiamen,g00042x00061,xiamen_station_089180f3c1ad,2019-12,pending,,,,,,,,,,,,,,,,,False,
2349,xiamen,g00042x00080,xiamen_station_cf40e4840a7d,2019-12,pending,,,,,,,,,,,,,,,,,False,
2350,xiamen,g00043x00052,xiamen_station_9c5384e7bab9,2019-12,pending,,,,,,,,,,,,,,,,,False,
2351,xiamen,g00043x00058,xiamen_station_c54155c48d71,2019-12,pending,,,,,,,,,,,,,,,,,False,
2352,xiamen,g00043x00065,xiamen_station_b4e13a506da1,2019-12,matched,poi+population+viirs,Matching::Match_M1,same_city,xiamen,g00053x00069,xiamen::g00053x00069,2854.0,1.0,11.0,6.0,1.59534962562336,0.286737294700569,0.549030199980545,2.43791153054526,1.06615316571574,2.19195893123422,False,
2353,xiamen,g00043x00075,xiamen_station_d394f2371758,2019-12,pending,,,,,,,,,,,,,,,,,False,
2354,xiamen,g00043x00077,xiamen_station_a33fba301f35,2019-12,pending,,,,,,,,,,,,,,,,,False,
2355,xiamen,g00043x00081,xiamen_station_47b71c6606d8,2019-12,pending,,,,,,,,,,,,,,,,,False,
2356,xiamen,g00044x00049,xiamen_station_a9f97f75c064,2019-12,pending,,,,,,,,,,,,,,,,,False,
2357,xiamen,g00044x00072,xiamen_station_98702a57a612,2019-12,pending,,,,,,,,,,,,,,,,,False,
2358,xiamen,g00044x00073,xiamen_station_bbf74349c503,2019-12,pending,,,,,,,,,,,,,,,,,False,
2359,xiamen,g00045x00048,xiamen_station_6ffc6a9e72c1,2019-12,pending,,,,,,,,,,,,,,,,,False,
2360,xiamen,g00045x00068,xiamen_station_ad4cf80dcece,2019-12,pending,,,,,,,,,,,,,,,,,False,
2361,xiamen,g00045x00070,xiamen_station_1090ce762883,2019-12,matched,poi+population+viirs,Matching::Match_M1,same_city,xiamen,g00047x00072,xiamen::g00047x00072,2854.0,1.0,11.0,6.0,1.47438031281609,0.142473041147254,0.190455027885037,2.43791153054526,1.06615316571574,2.19195893123422,False,
2362,xiamen,g00045x00081,xiamen_station_b8c631d27680,2019-12,pending,,,,,,,,,,,,,,,,,False,
2363,xiamen,g00047x00081,xiamen_station_09cfa916101d,2019-12,pending,,,,,,,,,,,,,,,,,False,
2364,xiamen,g00048x00082,xiamen_station_9b0f48a977aa,2019-12,matched,poi+population+viirs,Matching::Match_M1,same_city,xiamen,g00032x00070,xiamen::g00032x00070,2854.0,1.0,11.0,6.0,2.0218432235766,0.559263333672415,0.899208127910809,2.43791153054526,1.06615316571574,2.19195893123422,False,
2365,xiamen,g00049x00081,xiamen_station_b3db4f0228ca,2019-12,pending,,,,,,,,,,,,,,,,,False,
2366,xiamen,g00050x00079,xiamen_station_4e7e80c2acbe,2019-12,pending,,,,,,,,,,,,,,,,,False,
2367,xiamen,g00052x00045,xiamen_station_8e1afcfdfb51,2019-12,pending,,,,,,,,,,,,,,,,,False,
2368,xiamen,g00052x00077,xiamen_station_27f35f67af32,2019-12,matched,poi+population+viirs,Matching::Match_M1,same_city,xiamen,g00060x00029,xiamen::g00060x00029,2854.0,1.0,11.0,6.0,1.13250984543324,0.268564998409373,0.45673376309436,2.43791153054526,1.06615316571574,2.19195893123422,False,
2369,xiamen,g00053x00043,xiamen_station_57bb15e7d054,2019-12,pending,,,,,,,,,,,,,,,,,False,
2370,xiamen,g00055x00041,xiamen_station_0cff50c04740,2019-12,pending,,,,,,,,,,,,,,,,,False,
2371,xiamen,g00061x00032,xiamen_station_9ebea1936d18,2019-12,pending,,,,,,,,,,,,,,,,,False,
2372,xiamen,g00064x00029,xiamen_station_951fcd3deba4,2019-12,pending,,,,,,,,,,,,,,,,,False,
2373,hefei,g00198x00114,hefei_station_a5bf6f2f444f,2019-12,pending,,,,,,,,,,,,,,,,,False,
2374,hefei,g00199x00116,hefei_station_e20b3064b22c,2019-12,pending,,,,,,,,,,,,,,,,,False,
2375,hefei,g00201x00118,hefei_station_b5076e127f70,2019-12,pending,,,,,,,,,,,,,,,,,False,
2376,hefei,g00203x00119,hefei_station_d37073624492,2019-12,pending,,,,,,,,,,,,,,,,,False,
2377,hefei,g00204x00119,hefei_station_0575fa7d52f1,2019-12,pending,,,,,,,,,,,,,,,,,False,
2378,hefei,g00206x00119,hefei_station_5410fbfa3c5b,2019-12,pending,,,,,,,,,,,,,,,,,False,
2379,hefei,g00209x00120,hefei_station_aff08b33ff9b,2019-12,pending,,,,,,,,,,,,,,,,,False,
2380,hefei,g00211x00120,hefei_station_d6b5dbcb7b9b,2019-12,pending,,,,,,,,,,,,,,,,,False,
2381,hefei,g00212x00122,hefei_station_c9ca2698ff1a,2019-12,pending,,,,,,,,,,,,,,,,,False,
2382,hefei,g00226x00126,hefei_station_4b050c490c5d,2019-12,pending,,,,,,,,,,,,,,,,,False,
2383,hefei,g00227x00142,hefei_station_7e9ff25bf754,2019-12,pending,,,,,,,,,,,,,,,,,False,
2384,hefei,g00227x00145,hefei_station_3850ac6cfe89,2019-12,matched,poi+population+viirs,Matching::Match_M1,same_city,hefei,g00213x00128,hefei::g00213x00128,20678.0,1.0,12.0,6.0,1.86625022987874,1.15066897648143,1.74676018619715,3.11049915079825,1.36836860160286,2.70322835015836,False,
2385,hefei,g00227x00146,hefei_station_96c604c92b9e,2019-12,pending,,,,,,,,,,,,,,,,,False,
2386,hefei,g00228x00128,hefei_station_a365893aec14,2019-12,pending,,,,,,,,,,,,,,,,,False,
2387,hefei,g00228x00130,hefei_station_1c746acb18d0,2019-12,gsc_pending,poi+population+viirs,,,,,,,,,,,,,,,,False,same_city:preonly_placebo_quality_gate_failed
2388,hefei,g00228x00132,hefei_station_219913d1624e,2019-12,pending,,,,,,,,,,,,,,,,,False,
2389,hefei,g00228x00136,hefei_station_92cd46d0a04a,2019-12,matched,poi+population+viirs,Matching::Match_M1,same_city,hefei,g00225x00129,hefei::g00225x00129,20678.0,1.0,12.0,6.0,2.24474776659276,0.360003596244689,0.596191342715705,3.11049915079825,1.36836860160286,2.70322835015836,False,
2390,hefei,g00228x00138,hefei_station_27cf38c43d41,2019-12,pending,,,,,,,,,,,,,,,,,False,
2391,hefei,g00230x00148,hefei_station_2ecd305903b7,2019-12,pending,,,,,,,,,,,,,,,,,False,
2392,hefei,g00233x00149,hefei_station_90270216016d,2019-12,pending,,,,,,,,,,,,,,,,,False,
2393,hefei,g00235x00150,hefei_station_87440a6f64ca,2019-12,pending,,,,,,,,,,,,,,,,,False,
2394,hefei,g00236x00152,hefei_station_cee1575bc639,2019-12,pending,,,,,,,,,,,,,,,,,False,
2395,hefei,g00236x00155,hefei_station_346963b192b5,2019-12,pending,,,,,,,,,,,,,,,,,False,
2396,hefei,g00236x00157,hefei_station_160a304dcbb1,2019-12,gsc_pending,population+viirs,,,,,,,,,,,,,,,,False,same_city:preonly_placebo_quality_gate_failed
2397,chengdu,g00088x00173,chengdu_station_489a725ef781,2019-12,pending,,,,,,,,,,,,,,,,,False,
2398,chengdu,g00089x00175,chengdu_station_2a10b4669119,2019-12,pending,,,,,,,,,,,,,,,,,False,
2399,chengdu,g00089x00177,chengdu_station_17012fd9d864,2019-12,pending,,,,,,,,,,,,,,,,,False,
2400,chengdu,g00091x00179,chengdu_station_b93dc433d2fe,2019-12,pending,,,,,,,,,,,,,,,,,False,
2401,chengdu,g00095x00188,chengdu_station_8a0a20bb32fd,2019-12,pending,,,,,,,,,,,,,,,,,False,
2402,chengdu,g00098x00219,chengdu_station_3f7830ccc140,2019-12,pending,,,,,,,,,,,,,,,,,False,
2403,chengdu,g00100x00191,chengdu_station_7811f45d2dea,2019-12,pending,,,,,,,,,,,,,,,,,False,
2404,chengdu,g00101x00220,chengdu_station_5ef871249e37,2019-12,pending,,,,,,,,,,,,,,,,,False,
2405,chengdu,g00105x00192,chengdu_station_718beb9b447c,2019-12,pending,,,,,,,,,,,,,,,,,False,
2406,chengdu,g00105x00222,chengdu_station_fd7f6b3242da,2019-12,pending,,,,,,,,,,,,,,,,,False,
2407,chengdu,g00107x00222,chengdu_station_a0600213dfdd,2019-12,pending,,,,,,,,,,,,,,,,,False,
2408,chengdu,g00110x00223,chengdu_station_8d03336b1d06,2019-12,pending,,,,,,,,,,,,,,,,,False,
2409,chengdu,g00112x00194,chengdu_station_3f33042c9695,2019-12,pending,,,,,,,,,,,,,,,,,False,
2410,chengdu,g00113x00224,chengdu_station_2d652b2969ba,2019-12,matched,poi+population+viirs,Matching::Match_M1,same_city,chengdu,g00175x00199,chengdu::g00175x00199,16774.0,1.0,11.0,6.0,1.14873988194236,0.429325750623634,0.75341159092495,2.19806528519061,1.0444690957479,2.26841344737682,False,
2411,chengdu,g00116x00197,chengdu_station_20fdd2259167,2019-12,gsc_pending,poi+population+viirs,,,,,,,,,,,,,,,,False,same_city:preonly_placebo_quality_gate_failed
2412,chengdu,g00116x00224,chengdu_station_7fda790923f4,2019-12,pending,,,,,,,,,,,,,,,,,False,
2413,chengdu,g00117x00199,chengdu_station_b5308474af47,2019-12,pending,,,,,,,,,,,,,,,,,False,
2414,chengdu,g00119x00224,chengdu_station_5b8e3f14a2ff,2019-12,pending,,,,,,,,,,,,,,,,,False,
2415,chengdu,g00122x00224,chengdu_station_5b2417bc717a,2019-12,pending,,,,,,,,,,,,,,,,,False,
2416,chengdu,g00126x00225,chengdu_station_a74515efd965,2019-12,pending,,,,,,,,,,,,,,,,,False,
2417,chengdu,g00129x00225,chengdu_station_fc0ad639a19c,2019-12,pending,,,,,,,,,,,,,,,,,False,
2418,chengdu,g00136x00223,chengdu_station_8a1401deab13,2019-12,pending,,,,,,,,,,,,,,,,,False,
2419,chengdu,g00144x00223,chengdu_station_f67b92bb723a,2019-12,pending,,,,,,,,,,,,,,,,,False,
2420,chengdu,g00147x00223,chengdu_station_32499b0b933a,2019-12,pending,,,,,,,,,,,,,,,,,False,
2421,chengdu,g00148x00225,chengdu_station_191844ef58eb,2019-12,pending,,,,,,,,,,,,,,,,,False,
2422,chengdu,g00152x00228,chengdu_station_36946ff2a644,2019-12,pending,,,,,,,,,,,,,,,,,False,
2423,chengdu,g00153x00228,chengdu_station_cf58b3a94d32,2019-12,pending,,,,,,,,,,,,,,,,,False,
2424,chengdu,g00155x00227,chengdu_station_25dfb3ad619e,2019-12,pending,,,,,,,,,,,,,,,,,False,
2425,chengdu,g00159x00227,chengdu_station_22393069075a,2019-12,pending,,,,,,,,,,,,,,,,,False,
2426,chengdu,g00161x00227,chengdu_station_78a523844c77,2019-12,pending,,,,,,,,,,,,,,,,,False,
2427,chengdu,g00163x00227,chengdu_station_418c8a55e97b,2019-12,matched,poi+population+viirs,Matching::Match_M1,same_city,chengdu,g00167x00225,chengdu::g00167x00225,16774.0,1.0,11.0,6.0,0.997257532869353,0.333216992274256,0.683799764756038,2.19806528519061,1.0444690957479,2.26841344737682,False,
2428,chengdu,g00165x00227,chengdu_station_2c6c750c6be8,2019-12,pending,,,,,,,,,,,,,,,,,False,
2429,chengdu,g00168x00229,chengdu_station_bffbe01cbdbb,2019-12,pending,,,,,,,,,,,,,,,,,False,
2430,chengdu,g00168x00230,chengdu_station_8bc857ea3c81,2019-12,pending,,,,,,,,,,,,,,,,,False,
2431,chengdu,g00168x00232,chengdu_station_cf6806d27e6c,2019-12,pending,,,,,,,,,,,,,,,,,False,
2432,chengdu,g00169x00233,chengdu_station_e30690f88464,2019-12,matched,poi+population+viirs,Matching::Match_M1,same_city,chengdu,g00123x00240,chengdu::g00123x00240,16774.0,1.0,11.0,6.0,1.96957321389045,0.562583573256025,0.849917315511539,2.19806528519061,1.0444690957479,2.26841344737682,False,
2433,chengdu,g00172x00233,chengdu_station_b546184b360b,2019-12,pending,,,,,,,,,,,,,,,,,False,
2434,chengdu,g00176x00233,chengdu_station_2a72c1f3a233,2019-12,pending,,,,,,,,,,,,,,,,,False,
2435,chengdu,g00177x00234,chengdu_station_9150fa7dbff6,2019-12,pending,,,,,,,,,,,,,,,,,False,
2436,chengdu,g00179x00235,chengdu_station_77c82ef8fe0f,2019-12,matched,poi+population+viirs,Matching::Match_M1,same_city,chengdu,g00166x00246,chengdu::g00166x00246,16774.0,1.0,11.0,6.0,0.878104046123708,0.196312857011665,0.439058063142706,2.19806528519061,1.0444690957479,2.26841344737682,False,
2437,beijing,g00107x00215,beijing_station_85126e04b06e,2019-12,pending,,,,,,,,,,,,,,,,,False,
2438,beijing,g00109x00218,beijing_station_7d5a9a0ddfc5,2019-12,pending,,,,,,,,,,,,,,,,,False,
2439,beijing,g00109x00223,beijing_station_e37a01ec0705,2019-12,pending,,,,,,,,,,,,,,,,,False,
2440,beijing,g00109x00240,beijing_station_4db0551399fc,2019-12,pending,,,,,,,,,,,,,,,,,False,
2441,beijing,g00110x00229,beijing_station_adcab26116b4,2019-12,pending,,,,,,,,,,,,,,,,,False,
2442,beijing,g00110x00233,beijing_station_7ff02edc497e,2019-12,pending,,,,,,,,,,,,,,,,,False,
2443,beijing,g00110x00235,beijing_station_fab2eda31915,2019-12,pending,,,,,,,,,,,,,,,,,False,
2444,beijing,g00110x00238,beijing_station_1d698ee09daa,2019-12,pending,,,,,,,,,,,,,,,,,False,
2445,beijing,g00117x00200,beijing_station_50f816fb396c,2019-12,gsc_pending,housing+poi+population+viirs,,,,,,,,,,,,,,,,False,same_city:No treated unit is inside explicit donor common support
2446,guangzhou,g00141x00078,guangzhou_station_5f7f7970c935,2019-12,pending,,,,,,,,,,,,,,,,,False,
2447,guiyang,g00125x00108,guiyang_station_367818de8cd3,2019-12,matched,poi+population+viirs,Matching::Match_M1,same_city,guiyang,g00066x00144,guiyang::g00066x00144,776.0,1.0,11.0,6.0,1.95299007325707,0.399498063305628,0.585637152055207,3.61689778436655,1.2471012874453,2.29763726109869,False,
2448,jinan,g00161x00181,jinan_station_d90040c14512,2019-12,pending,,,,,,,,,,,,,,,,,False,
2449,jinan,g00167x00179,jinan_station_786502609698,2019-12,pending,,,,,,,,,,,,,,,,,False,
2450,jinan,g00169x00179,jinan_station_73baf73e516b,2019-12,pending,,,,,,,,,,,,,,,,,False,
2451,jinan,g00171x00179,jinan_station_98fc2c9b50de,2019-12,gsc_pending,poi+population+viirs,,,,,,,,,,,,,,,,False,same_city:Fewer than three complete donors or missing treated feature row
2452,jinan,g00177x00178,jinan_station_448f9f03284d,2019-12,pending,,,,,,,,,,,,,,,,,False,
2453,tianjin,g00121x00141,tianjin_station_ab47ce854046,2019-12,pending,,,,,,,,,,,,,,,,,False,
2454,tianjin,g00123x00138,tianjin_station_4c0f21ff104c,2019-12,pending,,,,,,,,,,,,,,,,,False,
2455,tianjin,g00124x00137,tianjin_station_d854317c9624,2019-12,pending,,,,,,,,,,,,,,,,,False,
2456,tianjin,g00128x00133,tianjin_station_71a6c96b3f8d,2019-12,pending,,,,,,,,,,,,,,,,,False,
2457,zhengzhou,g00157x00180,zhengzhou_station_8fdd5a8bfe23,2019-12,pending,,,,,,,,,,,,,,,,,False,
2458,zhengzhou,g00157x00192,zhengzhou_station_5c3cf7093e34,2019-12,pending,,,,,,,,,,,,,,,,,False,
2459,zhengzhou,g00158x00177,zhengzhou_station_28c53e46bda7,2019-12,pending,,,,,,,,,,,,,,,,,False,
2460,zhengzhou,g00158x00183,zhengzhou_station_6e639b6bae59,2019-12,pending,,,,,,,,,,,,,,,,,False,
2461,zhengzhou,g00158x00186,zhengzhou_station_0d4b5000de2d,2019-12,pending,,,,,,,,,,,,,,,,,False,
2462,hohhot,g00285x00200,hohhot_station_482a15c8fa48,2019-12,pending,,,,,,,,,,,,,,,,,False,
2463,hohhot,g00287x00203,hohhot_station_b2c3b024854a,2019-12,pending,,,,,,,,,,,,,,,,,False,
2464,hohhot,g00289x00205,hohhot_station_6b604fb6d34f,2019-12,pending,,,,,,,,,,,,,,,,,False,
2465,hohhot,g00290x00207,hohhot_station_3cc506288bf4,2019-12,pending,,,,,,,,,,,,,,,,,False,
2466,hohhot,g00291x00209,hohhot_station_05f374081000,2019-12,pending,,,,,,,,,,,,,,,,,False,
2467,hohhot,g00292x00211,hohhot_station_54cda225a01e,2019-12,gsc_pending,poi+population+viirs,,,,,,,,,,,,,,,,False,same_city:Fewer than three complete donors or missing treated feature row
2468,hohhot,g00293x00213,hohhot_station_bad7f7a975ba,2019-12,pending,,,,,,,,,,,,,,,,,False,
2469,hohhot,g00293x00215,hohhot_station_f756167220e1,2019-12,pending,,,,,,,,,,,,,,,,,False,
2470,hohhot,g00294x00217,hohhot_station_3d8dcec3ed8a,2019-12,pending,,,,,,,,,,,,,,,,,False,
2471,hohhot,g00294x00219,hohhot_station_955be29add5e,2019-12,pending,,,,,,,,,,,,,,,,,False,
2472,hohhot,g00295x00221,hohhot_station_b5114aafc27f,2019-12,pending,,,,,,,,,,,,,,,,,False,
2473,hohhot,g00296x00222,hohhot_station_ab8a093b7968,2019-12,pending,,,,,,,,,,,,,,,,,False,
2474,hohhot,g00296x00224,hohhot_station_84374cb763d0,2019-12,pending,,,,,,,,,,,,,,,,,False,
2475,hohhot,g00297x00226,hohhot_station_33682ffe389a,2019-12,pending,,,,,,,,,,,,,,,,,False,
2476,hohhot,g00297x00229,hohhot_station_2f0adf878db9,2019-12,gsc_pending,poi+population+viirs,,,,,,,,,,,,,,,,False,same_city:Fewer than three complete donors or missing treated feature row
2477,hohhot,g00299x00232,hohhot_station_64f64dfef031,2019-12,pending,,,,,,,,,,,,,,,,,False,
2478,hohhot,g00299x00235,hohhot_station_96f0bfc242ad,2019-12,pending,,,,,,,,,,,,,,,,,False,
2479,hohhot,g00300x00238,hohhot_station_f99507bf6349,2019-12,gsc_pending,poi+population+viirs,,,,,,,,,,,,,,,,False,same_city:Fewer than three complete donors or missing treated feature row
2480,hohhot,g00301x00240,hohhot_station_9aa0cd84d701,2019-12,pending,,,,,,,,,,,,,,,,,False,
2481,hohhot,g00302x00242,hohhot_station_6b9b10f06be2,2019-12,pending,,,,,,,,,,,,,,,,,False,
2482,beijing,g00150x00175,beijing_station_84f9fe0541c2,2019-12,pending,,,,,,,,,,,,,,,,,False,
2483,chongqing,g00319x00246,chongqing_station_94086c6a6edb,2019-12,pending,,,,,,,,,,,,,,,,,False,
2484,chongqing,g00322x00248,chongqing_station_c3f6eed71d8c,2019-12,pending,,,,,,,,,,,,,,,,,False,
2485,chongqing,g00324x00252,chongqing_station_77b84df37d90,2019-12,pending,,,,,,,,,,,,,,,,,False,
2486,chongqing,g00324x00254,chongqing_station_81e5df801fb1,2019-12,pending,,,,,,,,,,,,,,,,,False,
2487,chongqing,g00343x00202,chongqing_station_59427a3f8b7f,2019-12,pending,,,,,,,,,,,,,,,,,False,
2488,shijiazhuang,g00151x00193,shijiazhuang_station_fda27cdc189a,2020-01,pending,,,,,,,,,,,,,,,,,False,
2489,shijiazhuang,g00154x00193,shijiazhuang_station_ec9d2b1bd460,2020-01,pending,,,,,,,,,,,,,,,,,False,
2490,shijiazhuang,g00155x00188,shijiazhuang_station_6ddd6e9eab1b,2020-01,pending,,,,,,,,,,,,,,,,,False,
2491,shijiazhuang,g00155x00191,shijiazhuang_station_ad620525b098,2020-01,pending,,,,,,,,,,,,,,,,,False,
2492,hangzhou,g00225x00408,hangzhou_station_e49630687d62,2020-04,pending,,,,,,,,,,,,,,,,,False,
2493,hangzhou,g00226x00412,hangzhou_station_9630dc04ec51,2020-04,pending,,,,,,,,,,,,,,,,,False,
2494,hangzhou,g00227x00402,hangzhou_station_2dbd1c0083c8,2020-04,pending,,,,,,,,,,,,,,,,,False,
2495,hangzhou,g00227x00404,hangzhou_station_4e378ded9236,2020-04,pending,,,,,,,,,,,,,,,,,False,
2496,hangzhou,g00228x00387,hangzhou_station_df579089fe89,2020-04,pending,,,,,,,,,,,,,,,,,False,
2497,hangzhou,g00228x00396,hangzhou_station_f909c7f4c6ea,2020-04,pending,,,,,,,,,,,,,,,,,False,
2498,hangzhou,g00231x00386,hangzhou_station_b52152c0b5d6,2020-04,pending,,,,,,,,,,,,,,,,,False,
2499,hangzhou,g00235x00290,hangzhou_station_a43f0f784013,2020-04,matched,poi+population+viirs,Matching::Match_M1,same_city,hangzhou,g00160x00272,hangzhou::g00160x00272,21200.0,1.0,12.0,6.0,2.28105598976085,0.584303214996577,0.969822787416429,2.43880948633975,1.058453022289,2.18831808442681,False,
2500,hangzhou,g00238x00382,hangzhou_station_e1a277320494,2020-04,pending,,,,,,,,,,,,,,,,,False,
2501,hangzhou,g00241x00292,hangzhou_station_c62f08d8b77d,2020-04,pending,,,,,,,,,,,,,,,,,False,
2502,hangzhou,g00241x00383,hangzhou_station_059ee2eee31b,2020-04,pending,,,,,,,,,,,,,,,,,False,
2503,hangzhou,g00243x00335,hangzhou_station_77554184f059,2020-04,pending,,,,,,,,,,,,,,,,,False,
2504,hangzhou,g00244x00299,hangzhou_station_32fbf0eaea7e,2020-04,pending,,,,,,,,,,,,,,,,,False,
2505,hangzhou,g00244x00330,hangzhou_station_b9d42f9dccfb,2020-04,pending,,,,,,,,,,,,,,,,,False,
2506,hangzhou,g00244x00340,hangzhou_station_e4bd08eac62e,2020-04,gsc_pending,poi+population+viirs,,,,,,,,,,,,,,,,False,same_city:preonly_placebo_quality_gate_failed
2507,hangzhou,g00244x00384,hangzhou_station_c9ff9114a5d0,2020-04,gsc_pending,housing+poi+population+viirs,,,,,,,,,,,,,,,,False,same_city:No treated unit is inside explicit donor common support
2508,hangzhou,g00245x00326,hangzhou_station_a2864fdc8bcf,2020-04,pending,,,,,,,,,,,,,,,,,False,
2509,hangzhou,g00246x00343,hangzhou_station_31b306a7ca2f,2020-04,pending,,,,,,,,,,,,,,,,,False,
2510,hangzhou,g00246x00348,hangzhou_station_91d68d57b65b,2020-04,pending,,,,,,,,,,,,,,,,,False,
2511,hangzhou,g00247x00302,hangzhou_station_35270f399187,2020-04,pending,,,,,,,,,,,,,,,,,False,
2512,hangzhou,g00247x00315,hangzhou_station_66eaed3beda1,2020-04,pending,,,,,,,,,,,,,,,,,False,
2513,hangzhou,g00248x00306,hangzhou_station_22fbdcdcd14a,2020-04,gsc_pending,poi+population+viirs,,,,,,,,,,,,,,,,False,same_city:preonly_placebo_quality_gate_failed
2514,hangzhou,g00248x00343,hangzhou_station_1b4a4dac24b2,2020-04,matched,poi+population+viirs,Matching::Match_M1,same_city,hangzhou,g00239x00425,hangzhou::g00239x00425,21200.0,1.0,12.0,6.0,2.11838455364775,0.70372272909853,1.15342317434043,2.43880948633975,1.058453022289,2.18831808442681,False,
2515,hangzhou,g00249x00349,hangzhou_station_c1942910b323,2020-04,pending,,,,,,,,,,,,,,,,,False,
2516,hangzhou,g00250x00349,hangzhou_station_4426b822532d,2020-04,pending,,,,,,,,,,,,,,,,,False,
2517,hangzhou,g00253x00384,hangzhou_station_8f38c02ad89c,2020-04,pending,,,,,,,,,,,,,,,,,False,
2518,hangzhou,g00256x00383,hangzhou_station_caa7e8c60eb0,2020-04,pending,,,,,,,,,,,,,,,,,False,
2519,hangzhou,g00258x00382,hangzhou_station_5ba8b0a127ad,2020-04,matched,housing+poi+population+viirs,Matching::Match_M1,same_city,hangzhou,g00250x00386,hangzhou::g00250x00386,184.0,1.0,14.0,7.0,2.31229992683619,0.367518874368101,0.670000093361956,4.66120354424194,1.44917936978004,2.57001176432279,False,
2520,shenyang,g00146x00198,shenyang_station_53eebd4078ba,2020-04,pending,,,,,,,,,,,,,,,,,False,
2521,shenyang,g00150x00197,shenyang_station_472ba8f0f27c,2020-04,pending,,,,,,,,,,,,,,,,,False,
2522,shenyang,g00157x00197,shenyang_station_c04136a3a49b,2020-04,pending,,,,,,,,,,,,,,,,,False,
2523,shenyang,g00159x00179,shenyang_station_f416cc22d9c2,2020-04,pending,,,,,,,,,,,,,,,,,False,
2524,shenyang,g00159x00196,shenyang_station_f2212ce829db,2020-04,matched,poi+population+viirs,Matching::Match_M1,same_city,shenyang,g00160x00199,shenyang::g00160x00199,9866.0,1.0,12.0,6.0,1.04901433641953,0.184691600083257,0.343934974101945,2.81515631560429,1.04772750926381,1.83365547143307,False,
2525,shenyang,g00160x00177,shenyang_station_af956f89ed76,2020-04,pending,,,,,,,,,,,,,,,,,False,
2526,shenyang,g00160x00188,shenyang_station_2025b8c63252,2020-04,pending,,,,,,,,,,,,,,,,,False,
2527,shenyang,g00164x00176,shenyang_station_4c63b4db2a1d,2020-04,pending,,,,,,,,,,,,,,,,,False,
2528,shenyang,g00167x00175,shenyang_station_e56950f9ff95,2020-04,pending,,,,,,,,,,,,,,,,,False,
2529,ningbo,g00279x00176,ningbo_station_4ddadcedc07a,2020-05,pending,,,,,,,,,,,,,,,,,False,
2530,ningbo,g00282x00179,ningbo_station_728be5b075be,2020-05,pending,,,,,,,,,,,,,,,,,False,
2531,ningbo,g00282x00181,ningbo_station_b5ba2746cc0b,2020-05,pending,,,,,,,,,,,,,,,,,False,
2532,changsha,g00077x00243,changsha_station_572a9f6afde5,2020-06,matched,poi+population+viirs,Matching::Match_M1,same_city,changsha,g00112x00236,changsha::g00112x00236,22149.0,1.0,12.0,6.0,2.41995232178346,0.810240986611643,1.58459116991444,3.02398106687722,1.03985700730244,2.34307750672757,False,
2533,changsha,g00078x00221,changsha_station_19e28a0f9725,2020-06,pending,,,,,,,,,,,,,,,,,False,
2534,changsha,g00081x00224,changsha_station_415471f541dc,2020-06,pending,,,,,,,,,,,,,,,,,False,
2535,changsha,g00082x00244,changsha_station_cde84e2ebb53,2020-06,pending,,,,,,,,,,,,,,,,,False,
2536,changsha,g00084x00225,changsha_station_1dcfe1eca50d,2020-06,pending,,,,,,,,,,,,,,,,,False,
2537,changsha,g00085x00243,changsha_station_21bff3caa122,2020-06,pending,,,,,,,,,,,,,,,,,False,
2538,changsha,g00089x00242,changsha_station_274cb5a18549,2020-06,matched,poi+population+viirs,Matching::Match_M1,same_city,changsha,g00080x00236,changsha::g00080x00236,22149.0,1.0,12.0,6.0,1.61120084828432,0.0800415988878164,0.176582729658999,3.02398106687722,1.03985700730244,2.34307750672757,False,
2539,changsha,g00090x00224,changsha_station_7215614a4a28,2020-06,pending,,,,,,,,,,,,,,,,,False,
2540,changsha,g00093x00234,changsha_station_93f3423ad21d,2020-06,pending,,,,,,,,,,,,,,,,,False,
2541,changsha,g00093x00241,changsha_station_13d2b1595d12,2020-06,pending,,,,,,,,,,,,,,,,,False,
2542,changsha,g00094x00236,changsha_station_6d117b421592,2020-06,pending,,,,,,,,,,,,,,,,,False,
2543,changsha,g00095x00237,changsha_station_5ca3cc02789c,2020-06,pending,,,,,,,,,,,,,,,,,False,
2544,changsha,g00097x00238,changsha_station_0324394b396a,2020-06,pending,,,,,,,,,,,,,,,,,False,
2545,changsha,g00097x00242,changsha_station_0abaa84d6cae,2020-06,matched,poi+population+viirs,Matching::Match_M1,same_city,changsha,g00077x00240,changsha::g00077x00240,22149.0,1.0,12.0,6.0,2.68018523898779,0.560053889783228,0.995172729783198,3.02398106687722,1.03985700730244,2.34307750672757,False,
2546,changsha,g00102x00237,changsha_station_c8701b3b0c24,2020-06,pending,,,,,,,,,,,,,,,,,False,
2547,changsha,g00102x00242,changsha_station_316edadba760,2020-06,pending,,,,,,,,,,,,,,,,,False,
2548,changsha,g00105x00237,changsha_station_e78984463d38,2020-06,pending,,,,,,,,,,,,,,,,,False,
2549,changsha,g00107x00237,changsha_station_bff9fc89b1f0,2020-06,pending,,,,,,,,,,,,,,,,,False,
2550,changsha,g00107x00243,changsha_station_a6d70db9969b,2020-06,pending,,,,,,,,,,,,,,,,,False,
2551,changsha,g00109x00238,changsha_station_e37f8b407263,2020-06,matched,poi+population+viirs,Matching::Match_M1,same_city,changsha,g00111x00239,changsha::g00111x00239,22149.0,1.0,12.0,6.0,1.7806873785308,0.247349358890943,0.474680577490707,3.02398106687722,1.03985700730244,2.34307750672757,False,
2552,changsha,g00109x00242,changsha_station_77f0d3d68533,2020-06,pending,,,,,,,,,,,,,,,,,False,
2553,changsha,g00110x00244,changsha_station_1a21b2d98a32,2020-06,matched,poi+population+viirs,Matching::Match_M1,same_city,changsha,g00091x00230,changsha::g00091x00230,22149.0,1.0,12.0,6.0,1.89118468324409,0.367477957368029,0.657664756540628,3.02398106687722,1.03985700730244,2.34307750672757,False,
2554,changsha,g00110x00247,changsha_station_79ecc5bb4069,2020-06,pending,,,,,,,,,,,,,,,,,False,
2555,changsha,g00111x00245,changsha_station_ff6a43e1f035,2020-06,pending,,,,,,,,,,,,,,,,,False,
2556,changsha,g00111x00252,changsha_station_fe635586a090,2020-06,pending,,,,,,,,,,,,,,,,,False,
2557,changsha,g00111x00256,changsha_station_d10b101468a6,2020-06,pending,,,,,,,,,,,,,,,,,False,
2558,changsha,g00111x00257,changsha_station_c0d4178a8d5b,2020-06,pending,,,,,,,,,,,,,,,,,False,
2559,changsha,g00111x00260,changsha_station_9d4cdff89a95,2020-06,pending,,,,,,,,,,,,,,,,,False,
2560,changsha,g00111x00262,changsha_station_a2230be60339,2020-06,pending,,,,,,,,,,,,,,,,,False,
2561,changsha,g00114x00246,changsha_station_ce421e28e7d9,2020-06,pending,,,,,,,,,,,,,,,,,False,
2562,changsha,g00118x00248,changsha_station_d8493aea593e,2020-06,pending,,,,,,,,,,,,,,,,,False,
2563,hangzhou,g00225x00406,hangzhou_station_6b40eaae4147,2020-06,pending,,,,,,,,,,,,,,,,,False,
2564,hangzhou,g00251x00376,hangzhou_station_f7c3da1f0f58,2020-06,pending,,,,,,,,,,,,,,,,,False,
2565,guangzhou,g00166x00127,guangzhou_station_987dda7e6d33,2020-07,pending,,,,,,,,,,,,,,,,,False,
2566,guangzhou,g00167x00131,guangzhou_station_aa8c125506f1,2020-07,pending,,,,,,,,,,,,,,,,,False,
2567,guangzhou,g00167x00133,guangzhou_station_47b0ef8073fd,2020-07,pending,,,,,,,,,,,,,,,,,False,
2568,shenzhen,g00180x00108,shenzhen_station_d20e1297113b,2020-08,gsc_pending,housing+poi+population+viirs,,,,,,,,,,,,,,,,False,same_city:No treated unit is inside explicit donor common support
2569,shenzhen,g00185x00103,shenzhen_station_378052ba09fa,2020-08,matched,housing+poi+population+viirs,Matching::Match_M1,same_city,shenzhen,g00198x00108,shenzhen::g00198x00108,221.0,1.0,14.0,7.0,2.98212991883817,0.339770459371527,0.789013229691138,4.87197116004429,1.30662661080613,2.28805906204574,False,
2570,shenzhen,g00189x00100,shenzhen_station_49def091753f,2020-08,pending,,,,,,,,,,,,,,,,,False,
2571,shenzhen,g00191x00101,shenzhen_station_e6c9f8b09012,2020-08,pending,,,,,,,,,,,,,,,,,False,
2572,shenzhen,g00200x00092,shenzhen_station_2167f29f8ab3,2020-08,pending,,,,,,,,,,,,,,,,,False,
2573,shenzhen,g00202x00103,shenzhen_station_d55c082e7143,2020-08,pending,,,,,,,,,,,,,,,,,False,
2574,shenzhen,g00203x00090,shenzhen_station_b1a9ab0309bc,2020-08,pending,,,,,,,,,,,,,,,,,False,
2575,shenzhen,g00203x00104,shenzhen_station_c3f0ecfcaf82,2020-08,pending,,,,,,,,,,,,,,,,,False,
2576,shenzhen,g00203x00105,shenzhen_station_bd06aa4141c9,2020-08,pending,,,,,,,,,,,,,,,,,False,
2577,shenzhen,g00206x00087,shenzhen_station_fecf233dc4ff,2020-08,pending,,,,,,,,,,,,,,,,,False,
2578,shenzhen,g00206x00114,shenzhen_station_04a50e80e981,2020-08,pending,,,,,,,,,,,,,,,,,False,
2579,shenzhen,g00207x00114,shenzhen_station_2d26bb1aae7a,2020-08,pending,,,,,,,,,,,,,,,,,False,
2580,shenzhen,g00209x00114,shenzhen_station_f4cd1686653b,2020-08,pending,,,,,,,,,,,,,,,,,False,
2581,shenzhen,g00210x00079,shenzhen_station_304c90a850e5,2020-08,pending,,,,,,,,,,,,,,,,,False,
2582,shenzhen,g00211x00077,shenzhen_station_600a75e4d496,2020-08,pending,,,,,,,,,,,,,,,,,False,
2583,shenzhen,g00211x00115,shenzhen_station_71b6069b2cab,2020-08,pending,,,,,,,,,,,,,,,,,False,
2584,shenzhen,g00219x00075,shenzhen_station_ccdb12d654b0,2020-08,matched,poi+population+viirs,Matching::Match_M1,same_city,shenzhen,g00216x00072,shenzhen::g00216x00072,3204.0,1.0,12.0,6.0,1.83988321508274,0.565348969055067,1.02318204570782,2.76119950522228,0.932090542743417,1.75321363315568,False,
2585,shenzhen,g00224x00075,shenzhen_station_a33606cd4068,2020-08,pending,,,,,,,,,,,,,,,,,False,
2586,shenzhen,g00227x00078,shenzhen_station_c9e66e1dc41c,2020-08,pending,,,,,,,,,,,,,,,,,False,
2587,shenzhen,g00229x00078,shenzhen_station_785336d91271,2020-08,pending,,,,,,,,,,,,,,,,,False,
2588,shenzhen,g00230x00074,shenzhen_station_90b3b2b4c9ef,2020-08,matched,poi+population+viirs,Matching::Match_M1,same_city,shenzhen,g00212x00146,shenzhen::g00212x00146,3204.0,1.0,12.0,6.0,2.41055183332182,0.662465792515867,1.05389301084124,2.76119950522228,0.932090542743417,1.75321363315568,False,
2589,shenzhen,g00230x00076,shenzhen_station_88ab8998c7ca,2020-08,pending,,,,,,,,,,,,,,,,,False,
2590,shanghai,g00159x00109,shanghai_station_c25b6c852974,2020-08,pending,,,,,,,,,,,,,,,,,False,
2591,shijiazhuang,g00131x00196,shijiazhuang_station_f115ddcc348f,2020-08,pending,,,,,,,,,,,,,,,,,False,
2592,shijiazhuang,g00133x00196,shijiazhuang_station_b78472a0dae2,2020-08,pending,,,,,,,,,,,,,,,,,False,
2593,shijiazhuang,g00135x00196,shijiazhuang_station_40bd2068dad7,2020-08,pending,,,,,,,,,,,,,,,,,False,
2594,shijiazhuang,g00137x00195,shijiazhuang_station_e541569b388f,2020-08,pending,,,,,,,,,,,,,,,,,False,
2595,shijiazhuang,g00139x00194,shijiazhuang_station_250823f5b51b,2020-08,gsc_pending,poi+population+viirs,,,,,,,,,,,,,,,,False,same_city:preonly_placebo_quality_gate_failed
2596,shijiazhuang,g00141x00197,shijiazhuang_station_dae8b796a716,2020-08,pending,,,,,,,,,,,,,,,,,False,
2597,shijiazhuang,g00141x00199,shijiazhuang_station_bec5d3bde273,2020-08,matched,poi+population+viirs,Matching::Match_M1,same_city,shijiazhuang,g00155x00197,shijiazhuang::g00155x00197,14506.0,1.0,12.0,6.0,0.939533775432777,0.248141813444582,0.477342918654047,2.49128164238966,1.17794018955858,2.23345500572113,False,
2598,shijiazhuang,g00143x00199,shijiazhuang_station_fbc533ae8c7e,2020-08,pending,,,,,,,,,,,,,,,,,False,
2599,shijiazhuang,g00145x00199,shijiazhuang_station_d563d271e413,2020-08,pending,,,,,,,,,,,,,,,,,False,
2600,shijiazhuang,g00148x00199,shijiazhuang_station_c29eefd15c0f,2020-08,pending,,,,,,,,,,,,,,,,,False,
2601,shijiazhuang,g00150x00199,shijiazhuang_station_c5a84615efef,2020-08,pending,,,,,,,,,,,,,,,,,False,
2602,shijiazhuang,g00153x00199,shijiazhuang_station_84f08f78c07b,2020-08,pending,,,,,,,,,,,,,,,,,False,
2603,shijiazhuang,g00156x00200,shijiazhuang_station_97edf616aab1,2020-08,matched,poi+population+viirs,Matching::Match_M1,same_city,shijiazhuang,g00140x00190,shijiazhuang::g00140x00190,14506.0,1.0,12.0,6.0,1.93217652790038,0.228734020451482,0.467120988799077,2.49128164238966,1.17794018955858,2.23345500572113,False,
2604,shijiazhuang,g00157x00201,shijiazhuang_station_70679d63c73a,2020-08,pending,,,,,,,,,,,,,,,,,False,
2605,nanning,g00157x00235,nanning_station_0d8e3dae0371,2020-09,pending,,,,,,,,,,,,,,,,,False,
2606,kunming,g00120x00153,kunming_station_974fff0ebd56,2020-09,pending,,,,,,,,,,,,,,,,,False,
2607,kunming,g00121x00150,kunming_station_db87884d9f3c,2020-09,pending,,,,,,,,,,,,,,,,,False,
2608,kunming,g00123x00160,kunming_station_528a2914b25b,2020-09,pending,,,,,,,,,,,,,,,,,False,
2609,kunming,g00125x00149,kunming_station_8397f727147a,2020-09,pending,,,,,,,,,,,,,,,,,False,
2610,kunming,g00127x00148,kunming_station_92b5a201b9ff,2020-09,matched,poi+population+viirs,Matching::Match_M1,same_city,kunming,g00127x00097,kunming::g00127x00097,17329.0,1.0,12.0,6.0,2.33089016701291,0.134889564999628,0.234107865388019,2.88371540446495,0.992746100060411,2.1211904740627,False,
2611,kunming,g00129x00147,kunming_station_f38675eb6fab,2020-09,pending,,,,,,,,,,,,,,,,,False,
2612,kunming,g00139x00148,kunming_station_82d8478c150c,2020-09,pending,,,,,,,,,,,,,,,,,False,
2613,kunming,g00141x00147,kunming_station_e8b9bed75441,2020-09,pending,,,,,,,,,,,,,,,,,False,
2614,kunming,g00145x00147,kunming_station_72c3d7de5681,2020-09,pending,,,,,,,,,,,,,,,,,False,
2615,kunming,g00148x00147,kunming_station_d774cddecf49,2020-09,gsc_pending,poi+population+viirs,,,,,,,,,,,,,,,,False,same_city:preonly_placebo_quality_gate_failed
2616,kunming,g00151x00147,kunming_station_aec563663508,2020-09,pending,,,,,,,,,,,,,,,,,False,
2617,kunming,g00154x00146,kunming_station_3310b31dcfdd,2020-09,pending,,,,,,,,,,,,,,,,,False,
2618,kunming,g00156x00143,kunming_station_b4c4597c63e0,2020-09,pending,,,,,,,,,,,,,,,,,False,
2619,kunming,g00158x00140,kunming_station_a8513c0c54de,2020-09,pending,,,,,,,,,,,,,,,,,False,
2620,kunming,g00159x00139,kunming_station_9c929bb43b5f,2020-09,pending,,,,,,,,,,,,,,,,,False,
2621,kunming,g00160x00137,kunming_station_12bb6d3b2f02,2020-09,pending,,,,,,,,,,,,,,,,,False,
2622,kunming,g00160x00139,kunming_station_63448f17af90,2020-09,pending,,,,,,,,,,,,,,,,,False,
2623,kunming,g00164x00137,kunming_station_fbdb16b0857d,2020-09,pending,,,,,,,,,,,,,,,,,False,
2624,kunming,g00166x00132,kunming_station_70187bc2c084,2020-09,pending,,,,,,,,,,,,,,,,,False,
2625,kunming,g00167x00127,kunming_station_0cb7dcb11dae,2020-09,pending,,,,,,,,,,,,,,,,,False,
2626,kunming,g00169x00125,kunming_station_2cdb269edf83,2020-09,matched,poi+population+viirs,Matching::Match_M1,same_city,kunming,g00154x00130,kunming::g00154x00130,17329.0,1.0,12.0,6.0,2.29008379007354,0.400598510008365,0.895343798457363,2.88371540446495,0.992746100060411,2.1211904740627,False,
2627,kunming,g00170x00123,kunming_station_ec297bf17c10,2020-09,gsc_pending,poi+population+viirs,,,,,,,,,,,,,,,,False,same_city:preonly_placebo_quality_gate_failed
2628,kunming,g00173x00121,kunming_station_26592a4c626c,2020-09,pending,,,,,,,,,,,,,,,,,False,
2629,kunming,g00175x00122,kunming_station_d32a3374447f,2020-09,pending,,,,,,,,,,,,,,,,,False,
2630,chengdu,g00065x00276,chengdu_station_cb1780fa4d01,2020-09,pending,,,,,,,,,,,,,,,,,False,
2631,chengdu,g00087x00235,chengdu_station_0984f62c41c9,2020-09,pending,,,,,,,,,,,,,,,,,False,
2632,chengdu,g00123x00229,chengdu_station_1f96595b889c,2020-09,matched,poi+population+viirs,Matching::Match_M1,same_city,chengdu,g00137x00203,chengdu::g00137x00203,17271.0,1.0,12.0,6.0,2.1999514191405,0.764089408965823,1.02749197736293,2.47297267860437,0.910769119032073,1.99944605415184,False,
2633,ningbo,g00221x00131,ningbo_station_54f18795eba3,2020-09,pending,,,,,,,,,,,,,,,,,False,
2634,ningbo,g00229x00131,ningbo_station_e209c9e72563,2020-09,pending,,,,,,,,,,,,,,,,,False,
2635,ningbo,g00232x00131,ningbo_station_94f65cd9799a,2020-09,pending,,,,,,,,,,,,,,,,,False,
2636,ningbo,g00237x00132,ningbo_station_67039a9d830d,2020-09,pending,,,,,,,,,,,,,,,,,False,
2637,ningbo,g00241x00139,ningbo_station_174535ccf3c2,2020-09,pending,,,,,,,,,,,,,,,,,False,
2638,lanzhou,g00123x00227,lanzhou_station_415eefa28b3f,2020-09,gsc_pending,poi+population+viirs,,,,,,,,,,,,,,,,False,same_city:No treated unit is inside explicit donor common support
2639,hohhot,g00279x00222,hohhot_station_a8ebe2f70763,2020-10,gsc_pending,poi+population+viirs,,,,,,,,,,,,,,,,False,same_city:Fewer than three complete donors or missing treated feature row
2640,hohhot,g00279x00226,hohhot_station_ba936a897330,2020-10,pending,,,,,,,,,,,,,,,,,False,
2641,hohhot,g00279x00229,hohhot_station_2a3c84d68d29,2020-10,gsc_pending,poi+population,,,,,,,,,,,,,,,,False,same_city:Fewer than three complete donors or missing treated feature row
2642,hohhot,g00280x00220,hohhot_station_2e012b44eff0,2020-10,gsc_pending,poi+population+viirs,,,,,,,,,,,,,,,,False,same_city:Fewer than three complete donors or missing treated feature row
2643,hohhot,g00282x00219,hohhot_station_fe3323b0780d,2020-10,pending,,,,,,,,,,,,,,,,,False,
2644,hohhot,g00284x00218,hohhot_station_e3620cfab547,2020-10,pending,,,,,,,,,,,,,,,,,False,
2645,hohhot,g00286x00218,hohhot_station_6f3010c80a56,2020-10,pending,,,,,,,,,,,,,,,,,False,
2646,hohhot,g00288x00217,hohhot_station_e68498d774b3,2020-10,pending,,,,,,,,,,,,,,,,,False,
2647,hohhot,g00290x00217,hohhot_station_d1b5dc3020ee,2020-10,gsc_pending,poi+population+viirs,,,,,,,,,,,,,,,,False,same_city:Fewer than three complete donors or missing treated feature row
2648,hohhot,g00292x00216,hohhot_station_f29404e4cd60,2020-10,pending,,,,,,,,,,,,,,,,,False,
2649,hohhot,g00295x00215,hohhot_station_fd25b0de6d55,2020-10,pending,,,,,,,,,,,,,,,,,False,
2650,hohhot,g00297x00214,hohhot_station_bb49ffe48a7f,2020-10,pending,,,,,,,,,,,,,,,,,False,
2651,hohhot,g00300x00213,hohhot_station_f4fe668ff7b0,2020-10,pending,,,,,,,,,,,,,,,,,False,
2652,hohhot,g00301x00215,hohhot_station_4fb69a00c17f,2020-10,pending,,,,,,,,,,,,,,,,,False,
2653,hohhot,g00301x00217,hohhot_station_fcc4077eeb57,2020-10,pending,,,,,,,,,,,,,,,,,False,
2654,hohhot,g00302x00219,hohhot_station_fe482d0feee2,2020-10,pending,,,,,,,,,,,,,,,,,False,
2655,hohhot,g00302x00222,hohhot_station_e4e89ad9ea9e,2020-10,pending,,,,,,,,,,,,,,,,,False,
2656,hohhot,g00302x00224,hohhot_station_306bae4af59e,2020-10,pending,,,,,,,,,,,,,,,,,False,
2657,hohhot,g00302x00226,hohhot_station_c5efaaaa08ac,2020-10,pending,,,,,,,,,,,,,,,,,False,
2658,hohhot,g00303x00229,hohhot_station_11cf9e37379d,2020-10,pending,,,,,,,,,,,,,,,,,False,
2659,hohhot,g00303x00231,hohhot_station_20812530da6b,2020-10,pending,,,,,,,,,,,,,,,,,False,
2660,hohhot,g00304x00232,hohhot_station_0573fc633db5,2020-10,pending,,,,,,,,,,,,,,,,,False,
2661,hohhot,g00304x00234,hohhot_station_c5bcf210afc5,2020-10,pending,,,,,,,,,,,,,,,,,False,
2662,shenzhen,g00170x00100,shenzhen_station_061b0547dad1,2020-10,pending,,,,,,,,,,,,,,,,,False,
2663,shenzhen,g00180x00134,shenzhen_station_25738ff4ef46,2020-10,pending,,,,,,,,,,,,,,,,,False,
2664,shenzhen,g00180x00137,shenzhen_station_247e4206c0bf,2020-10,pending,,,,,,,,,,,,,,,,,False,
2665,shenzhen,g00181x00126,shenzhen_station_69887c0de1c3,2020-10,pending,,,,,,,,,,,,,,,,,False,
2666,shenzhen,g00182x00124,shenzhen_station_e63b8c369589,2020-10,pending,,,,,,,,,,,,,,,,,False,
2667,shenzhen,g00182x00139,shenzhen_station_127055dae94a,2020-10,pending,,,,,,,,,,,,,,,,,False,
2668,shenzhen,g00186x00139,shenzhen_station_69b27e743de0,2020-10,pending,,,,,,,,,,,,,,,,,False,
2669,shenzhen,g00187x00141,shenzhen_station_028148874cdc,2020-10,pending,,,,,,,,,,,,,,,,,False,
2670,shenzhen,g00207x00097,shenzhen_station_33fc49d790dc,2020-10,pending,,,,,,,,,,,,,,,,,False,
2671,shenzhen,g00210x00097,shenzhen_station_fa10368d731d,2020-10,pending,,,,,,,,,,,,,,,,,False,
2672,shenzhen,g00212x00097,shenzhen_station_e46ce48306f7,2020-10,pending,,,,,,,,,,,,,,,,,False,
2673,shenzhen,g00216x00100,shenzhen_station_f250b8ff23e8,2020-10,pending,,,,,,,,,,,,,,,,,False,
2674,shenzhen,g00218x00107,shenzhen_station_12d709c7dd2a,2020-10,pending,,,,,,,,,,,,,,,,,False,
2675,wuxi,g00102x00191,wuxi_station_9962fe5dbb0e,2020-10,matched,poi+population+viirs,Matching::Match_M1,same_city,wuxi,g00097x00171,wuxi::g00097x00171,11039.0,1.0,12.0,6.0,1.59583704844289,0.175166557369269,0.301024423636095,2.34589724137029,0.98531208293865,1.97938285445861,False,
2676,wuxi,g00103x00197,wuxi_station_8a8e6a7dd47c,2020-10,pending,,,,,,,,,,,,,,,,,False,
2677,wuxi,g00105x00188,wuxi_station_f7a3fa80f472,2020-10,matched,poi+population+viirs,Matching::Match_M1,same_city,wuxi,g00104x00193,wuxi::g00104x00193,11039.0,1.0,12.0,6.0,1.35239678363086,0.203938117034937,0.411892401583029,2.34589724137029,0.98531208293865,1.97938285445861,False,
2678,wuxi,g00108x00186,wuxi_station_0baea1c97b48,2020-10,pending,,,,,,,,,,,,,,,,,False,
2679,wuxi,g00114x00182,wuxi_station_48c7d89a93a2,2020-10,matched,poi+population+viirs,Matching::Match_M1,same_city,wuxi,g00125x00179,wuxi::g00125x00179,11039.0,1.0,12.0,6.0,1.48382390255429,0.352752448743195,0.581541264527588,2.34589724137029,0.98531208293865,1.97938285445861,False,
2680,wuxi,g00116x00180,wuxi_station_31c6931e44af,2020-10,pending,,,,,,,,,,,,,,,,,False,
2681,wuxi,g00117x00179,wuxi_station_bfb03dfb2419,2020-10,pending,,,,,,,,,,,,,,,,,False,
2682,wuxi,g00119x00178,wuxi_station_4558892db878,2020-10,pending,,,,,,,,,,,,,,,,,False,
2683,wuxi,g00123x00172,wuxi_station_2130739ab255,2020-10,pending,,,,,,,,,,,,,,,,,False,
2684,wuxi,g00123x00176,wuxi_station_40365072870f,2020-10,pending,,,,,,,,,,,,,,,,,False,
2685,wuxi,g00124x00166,wuxi_station_a8abfa4adeea,2020-10,pending,,,,,,,,,,,,,,,,,False,
2686,wuxi,g00124x00169,wuxi_station_b92682ff59cb,2020-10,pending,,,,,,,,,,,,,,,,,False,
2687,wuxi,g00125x00156,wuxi_station_d361fd3626fc,2020-10,pending,,,,,,,,,,,,,,,,,False,
2688,wuxi,g00125x00159,wuxi_station_5e13e7e42a4b,2020-10,pending,,,,,,,,,,,,,,,,,False,
2689,wuxi,g00125x00162,wuxi_station_7fea499b6dad,2020-10,pending,,,,,,,,,,,,,,,,,False,
2690,wuxi,g00125x00164,wuxi_station_fc1615184fd6,2020-10,pending,,,,,,,,,,,,,,,,,False,
2691,nanning,g00129x00234,nanning_station_bb547dc0a139,2020-11,matched,poi+population+viirs,Matching::Match_M1,same_city,nanning,g00134x00217,nanning::g00134x00217,14898.0,1.0,12.0,6.0,1.60988425650479,0.423948219675743,0.660317008683116,2.98212762686646,1.07041384767834,2.30070353354948,False,
2692,nanning,g00129x00235,nanning_station_c794f6f371f3,2020-11,pending,,,,,,,,,,,,,,,,,False,
2693,nanning,g00130x00238,nanning_station_dc7af21800bd,2020-11,pending,,,,,,,,,,,,,,,,,False,
2694,nanning,g00130x00243,nanning_station_07229cb84523,2020-11,matched,poi+population+viirs,Matching::Match_M1,same_city,nanning,g00131x00246,nanning::g00131x00246,14898.0,1.0,12.0,6.0,1.98362693957774,0.490266143928438,1.05175018676548,2.98212762686646,1.07041384767834,2.30070353354948,False,
2695,nanning,g00136x00245,nanning_station_d1e6625b6cd1,2020-11,pending,,,,,,,,,,,,,,,,,False,
2696,nanning,g00136x00247,nanning_station_2aebf560d184,2020-11,pending,,,,,,,,,,,,,,,,,False,
2697,nanning,g00136x00249,nanning_station_be9e19459765,2020-11,pending,,,,,,,,,,,,,,,,,False,
2698,nanning,g00138x00215,nanning_station_91311cb8548c,2020-11,pending,,,,,,,,,,,,,,,,,False,
2699,nanning,g00138x00219,nanning_station_21940cb87a7e,2020-11,pending,,,,,,,,,,,,,,,,,False,
2700,nanning,g00138x00223,nanning_station_07cffa04f578,2020-11,pending,,,,,,,,,,,,,,,,,False,
2701,nanning,g00138x00226,nanning_station_68551d420a31,2020-11,pending,,,,,,,,,,,,,,,,,False,
2702,nanning,g00138x00228,nanning_station_b1dd6cc62058,2020-11,pending,,,,,,,,,,,,,,,,,False,
2703,nanning,g00138x00231,nanning_station_410161cb169c,2020-11,pending,,,,,,,,,,,,,,,,,False,
2704,nanning,g00138x00243,nanning_station_816286e9a81a,2020-11,pending,,,,,,,,,,,,,,,,,False,
2705,nanning,g00139x00211,nanning_station_1dc8f29fe11a,2020-11,pending,,,,,,,,,,,,,,,,,False,
2706,nanning,g00139x00239,nanning_station_db557bb36cba,2020-11,pending,,,,,,,,,,,,,,,,,False,
2707,nanning,g00139x00241,nanning_station_5be79cf8ae04,2020-11,gsc_pending,poi+population+viirs,,,,,,,,,,,,,,,,False,same_city:preonly_placebo_quality_gate_failed
2708,nanning,g00139x00242,nanning_station_b32bcd21d355,2020-11,pending,,,,,,,,,,,,,,,,,False,
2709,nanning,g00140x00236,nanning_station_be2b9f052abd,2020-11,pending,,,,,,,,,,,,,,,,,False,
2710,guangzhou,g00145x00077,guangzhou_station_f3c1792d3afc,2020-11,pending,,,,,,,,,,,,,,,,,False,
2711,guangzhou,g00153x00075,guangzhou_station_b6112e642c3b,2020-11,pending,,,,,,,,,,,,,,,,,False,
2712,guangzhou,g00155x00074,guangzhou_station_7cc307098652,2020-11,matched,poi+population+viirs,Matching::Match_M1,same_city,guangzhou,g00124x00095,guangzhou::g00124x00095,12136.0,1.0,12.0,6.0,1.57215421980824,0.386517433877097,0.797142470106823,2.19864024667185,0.888229894273775,1.97651992222012,False,
2713,guangzhou,g00156x00075,guangzhou_station_5921af076e1f,2020-11,pending,,,,,,,,,,,,,,,,,False,
2714,guangzhou,g00159x00075,guangzhou_station_2e875addd50f,2020-11,pending,,,,,,,,,,,,,,,,,False,
2715,guangzhou,g00160x00076,guangzhou_station_f9a948a18528,2020-11,pending,,,,,,,,,,,,,,,,,False,
2716,guangzhou,g00163x00076,guangzhou_station_32fcb30f1f7d,2020-11,matched,housing+poi+population+viirs,Matching::Match_M1,same_city,guangzhou,g00108x00104,guangzhou::g00108x00104,213.0,1.0,14.0,7.0,2.15309222719095,0.499671352626837,1.0151930012746,4.93538284408514,1.30999367878919,2.42692158548059,False,
2717,guangzhou,g00165x00074,guangzhou_station_bd383117f444,2020-11,matched,poi+population+viirs,Matching::Match_M1,same_city,guangzhou,g00175x00082,guangzhou::g00175x00082,12136.0,1.0,12.0,6.0,2.07328188500154,0.109078640078678,0.16826868265212,2.19864024667185,0.888229894273775,1.97651992222012,False,
2718,guangzhou,g00168x00071,guangzhou_station_a3fd889b88ef,2020-11,pending,,,,,,,,,,,,,,,,,False,
2719,xuzhou,g00129x00190,xuzhou_station_ba1746198480,2020-11,pending,,,,,,,,,,,,,,,,,False,
2720,xuzhou,g00129x00192,xuzhou_station_56c5dd1205b3,2020-11,pending,,,,,,,,,,,,,,,,,False,
2721,xuzhou,g00129x00194,xuzhou_station_9a525b8da333,2020-11,pending,,,,,,,,,,,,,,,,,False,
2722,xuzhou,g00129x00196,xuzhou_station_e7ae626c3df9,2020-11,pending,,,,,,,,,,,,,,,,,False,
2723,xuzhou,g00130x00180,xuzhou_station_aed9ba6cfa4d,2020-11,pending,,,,,,,,,,,,,,,,,False,
2724,xuzhou,g00130x00183,xuzhou_station_8960e5dc2a15,2020-11,gsc_pending,poi+population+viirs,,,,,,,,,,,,,,,,False,same_city:preonly_placebo_quality_gate_failed
2725,xuzhou,g00130x00187,xuzhou_station_5a8aa01ab29f,2020-11,pending,,,,,,,,,,,,,,,,,False,
2726,xuzhou,g00135x00175,xuzhou_station_2235f08f9655,2020-11,matched,poi+population+viirs,Matching::Match_M1,same_city,xuzhou,g00141x00183,xuzhou::g00141x00183,16364.0,1.0,12.0,6.0,1.80315209188285,0.380622640597968,0.810516605638029,3.03978741724084,1.15036595460614,2.08782978368934,False,
2727,xuzhou,g00137x00174,xuzhou_station_291ad7ac6ecd,2020-11,pending,,,,,,,,,,,,,,,,,False,
2728,xuzhou,g00140x00174,xuzhou_station_2f9d57b5803e,2020-11,pending,,,,,,,,,,,,,,,,,False,
2729,xuzhou,g00144x00172,xuzhou_station_0e6db823e5da,2020-11,pending,,,,,,,,,,,,,,,,,False,
2730,xuzhou,g00149x00174,xuzhou_station_66c193800322,2020-11,pending,,,,,,,,,,,,,,,,,False,
2731,xuzhou,g00154x00174,xuzhou_station_2dfdd5e4ad65,2020-11,pending,,,,,,,,,,,,,,,,,False,
2732,xuzhou,g00157x00173,xuzhou_station_c4d917204b16,2020-11,pending,,,,,,,,,,,,,,,,,False,
2733,zhengzhou,g00096x00223,zhengzhou_station_596cce9c4b29,2020-12,pending,,,,,,,,,,,,,,,,,False,
2734,chengdu,g00070x00302,chengdu_station_df86010c58bc,2020-12,pending,,,,,,,,,,,,,,,,,False,
2735,chengdu,g00091x00224,chengdu_station_c508f68190a9,2020-12,pending,,,,,,,,,,,,,,,,,False,
2736,chengdu,g00091x00227,chengdu_station_df7ed73f82bd,2020-12,pending,,,,,,,,,,,,,,,,,False,
2737,chengdu,g00091x00229,chengdu_station_f3c478aeb659,2020-12,pending,,,,,,,,,,,,,,,,,False,
2738,chengdu,g00092x00232,chengdu_station_e0c46d9e9791,2020-12,pending,,,,,,,,,,,,,,,,,False,
2739,chengdu,g00093x00221,chengdu_station_688d8250815f,2020-12,pending,,,,,,,,,,,,,,,,,False,
2740,chengdu,g00094x00232,chengdu_station_8070ad884419,2020-12,pending,,,,,,,,,,,,,,,,,False,
2741,chengdu,g00095x00214,chengdu_station_9c0d96465d6e,2020-12,pending,,,,,,,,,,,,,,,,,False,
2742,chengdu,g00095x00217,chengdu_station_e8f14d368427,2020-12,pending,,,,,,,,,,,,,,,,,False,
2743,chengdu,g00096x00233,chengdu_station_5de33170463a,2020-12,matched,poi+population+viirs,Matching::Match_M1,same_city,chengdu,g00110x00204,chengdu::g00110x00204,18853.0,1.0,12.0,6.0,1.98280289374712,0.676133787185878,1.20789938474201,2.55217711427665,0.914355609517614,2.01439657285228,False,
2744,chengdu,g00100x00235,chengdu_station_e5c3dee49738,2020-12,pending,,,,,,,,,,,,,,,,,False,
2745,chengdu,g00104x00235,chengdu_station_af67627e8964,2020-12,pending,,,,,,,,,,,,,,,,,False,
2746,chengdu,g00106x00234,chengdu_station_b674f3ec3269,2020-12,pending,,,,,,,,,,,,,,,,,False,
2747,chengdu,g00108x00234,chengdu_station_1dd6e2db7163,2020-12,gsc_pending,poi+population+viirs,,,,,,,,,,,,,,,,False,same_city:preonly_placebo_quality_gate_failed
2748,chengdu,g00109x00235,chengdu_station_c4e01fac7752,2020-12,matched,poi+population+viirs,Matching::Match_M1,same_city,chengdu,g00135x00278,chengdu::g00135x00278,18853.0,1.0,12.0,6.0,1.03301019425363,0.910892521919205,1.67196534626156,2.55217711427665,0.914355609517614,2.01439657285228,False,
2749,chengdu,g00111x00234,chengdu_station_e5afde800774,2020-12,pending,,,,,,,,,,,,,,,,,False,
2750,chengdu,g00112x00234,chengdu_station_8001bd3fcf01,2020-12,pending,,,,,,,,,,,,,,,,,False,
2751,chengdu,g00114x00234,chengdu_station_de948258b128,2020-12,pending,,,,,,,,,,,,,,,,,False,
2752,chengdu,g00116x00234,chengdu_station_1c501488bef4,2020-12,pending,,,,,,,,,,,,,,,,,False,
2753,chengdu,g00118x00211,chengdu_station_fbb249d25772,2020-12,pending,,,,,,,,,,,,,,,,,False,
2754,chengdu,g00119x00213,chengdu_station_2f0afb51d8fa,2020-12,pending,,,,,,,,,,,,,,,,,False,
2755,chengdu,g00119x00234,chengdu_station_635a24edf2d0,2020-12,pending,,,,,,,,,,,,,,,,,False,
2756,chengdu,g00120x00217,chengdu_station_298fea9c6dec,2020-12,pending,,,,,,,,,,,,,,,,,False,
2757,chengdu,g00120x00234,chengdu_station_a368fa040d1f,2020-12,pending,,,,,,,,,,,,,,,,,False,
2758,chengdu,g00124x00225,chengdu_station_24f1d2159202,2020-12,pending,,,,,,,,,,,,,,,,,False,
2759,chengdu,g00124x00228,chengdu_station_b5a5f6be2d30,2020-12,pending,,,,,,,,,,,,,,,,,False,
2760,chengdu,g00124x00229,chengdu_station_bcb3c48ef6c1,2020-12,pending,,,,,,,,,,,,,,,,,False,
2761,chengdu,g00125x00217,chengdu_station_025961144d0e,2020-12,pending,,,,,,,,,,,,,,,,,False,
2762,chengdu,g00125x00231,chengdu_station_e6ef0d7f59ed,2020-12,pending,,,,,,,,,,,,,,,,,False,
2763,chengdu,g00126x00220,chengdu_station_b0af4b8413e2,2020-12,pending,,,,,,,,,,,,,,,,,False,
2764,chengdu,g00127x00221,chengdu_station_3018c856c7dd,2020-12,pending,,,,,,,,,,,,,,,,,False,
2765,chengdu,g00128x00218,chengdu_station_8fc17180e4f2,2020-12,pending,,,,,,,,,,,,,,,,,False,
2766,chengdu,g00129x00222,chengdu_station_963224cacac4,2020-12,pending,,,,,,,,,,,,,,,,,False,
2767,chengdu,g00130x00234,chengdu_station_be2c2368a654,2020-12,pending,,,,,,,,,,,,,,,,,False,
2768,chengdu,g00131x00222,chengdu_station_b2280cffe439,2020-12,pending,,,,,,,,,,,,,,,,,False,
2769,chengdu,g00132x00213,chengdu_station_6e3ae4a50826,2020-12,matched,poi+population+viirs,Matching::Match_M1,same_city,chengdu,g00165x00232,chengdu::g00165x00232,18853.0,1.0,12.0,6.0,1.14084057725284,0.391475873364185,0.5775408697874,2.55217711427665,0.914355609517614,2.01439657285228,False,
2770,chengdu,g00134x00222,chengdu_station_4b548bd2c1e9,2020-12,pending,,,,,,,,,,,,,,,,,False,
2771,chengdu,g00134x00223,chengdu_station_8b3075e66494,2020-12,gsc_pending,poi+population+viirs,,,,,,,,,,,,,,,,False,same_city:preonly_placebo_quality_gate_failed
2772,chengdu,g00134x00232,chengdu_station_3cf2109416d4,2020-12,pending,,,,,,,,,,,,,,,,,False,
2773,chengdu,g00134x00234,chengdu_station_05629f3509e8,2020-12,pending,,,,,,,,,,,,,,,,,False,
2774,chengdu,g00135x00213,chengdu_station_351c5a9aee6f,2020-12,pending,,,,,,,,,,,,,,,,,False,
2775,chengdu,g00135x00225,chengdu_station_7b12c4678960,2020-12,pending,,,,,,,,,,,,,,,,,False,
2776,chengdu,g00135x00228,chengdu_station_3f6f2368fbbb,2020-12,pending,,,,,,,,,,,,,,,,,False,
2777,chengdu,g00135x00230,chengdu_station_4979c0ca6b01,2020-12,pending,,,,,,,,,,,,,,,,,False,
2778,chengdu,g00135x00235,chengdu_station_41e9f80c074f,2020-12,pending,,,,,,,,,,,,,,,,,False,
2779,chengdu,g00136x00224,chengdu_station_be2dd039e8a3,2020-12,pending,,,,,,,,,,,,,,,,,False,
2780,chengdu,g00137x00233,chengdu_station_7e22dcd1e668,2020-12,pending,,,,,,,,,,,,,,,,,False,
2781,chengdu,g00137x00237,chengdu_station_e4310e7a1ff8,2020-12,pending,,,,,,,,,,,,,,,,,False,
2782,chengdu,g00138x00200,chengdu_station_132ad9109f9c,2020-12,pending,,,,,,,,,,,,,,,,,False,
2783,chengdu,g00139x00208,chengdu_station_82cf282f0501,2020-12,matched,poi+population+viirs,Matching::Match_M1,same_city,chengdu,g00138x00205,chengdu::g00138x00205,18853.0,1.0,12.0,6.0,1.71780661394618,0.635880035107744,1.28949282211874,2.55217711427665,0.914355609517614,2.01439657285228,False,
2784,chengdu,g00140x00211,chengdu_station_47599ef5d214,2020-12,pending,,,,,,,,,,,,,,,,,False,
2785,chengdu,g00140x00234,chengdu_station_41a2a33d07ee,2020-12,pending,,,,,,,,,,,,,,,,,False,
2786,chengdu,g00140x00237,chengdu_station_113cb2e8716b,2020-12,pending,,,,,,,,,,,,,,,,,False,
2787,chengdu,g00141x00234,chengdu_station_5d9884dec843,2020-12,pending,,,,,,,,,,,,,,,,,False,
2788,chengdu,g00142x00237,chengdu_station_bcd291466ced,2020-12,gsc_pending,poi+population+viirs,,,,,,,,,,,,,,,,False,same_city:No treated unit is inside explicit donor common support
2789,chengdu,g00143x00190,chengdu_station_3ad9fd8458a7,2020-12,pending,,,,,,,,,,,,,,,,,False,
2790,chengdu,g00144x00235,chengdu_station_5ab62789dcc3,2020-12,pending,,,,,,,,,,,,,,,,,False,
2791,chengdu,g00144x00238,chengdu_station_51c1b2ffafdf,2020-12,pending,,,,,,,,,,,,,,,,,False,
2792,chengdu,g00145x00240,chengdu_station_de573dc82544,2020-12,pending,,,,,,,,,,,,,,,,,False,
2793,chengdu,g00146x00188,chengdu_station_4480d4a5c7f5,2020-12,matched,poi+population+viirs,Matching::Match_M1,same_city,chengdu,g00116x00192,chengdu::g00116x00192,18853.0,1.0,12.0,6.0,2.12846018457259,0.715748074982899,1.09208793623912,2.55217711427665,0.914355609517614,2.01439657285228,False,
2794,chengdu,g00146x00241,chengdu_station_707b98afcffc,2020-12,pending,,,,,,,,,,,,,,,,,False,
2795,chengdu,g00147x00233,chengdu_station_617468b3de56,2020-12,pending,,,,,,,,,,,,,,,,,False,
2796,chengdu,g00147x00243,chengdu_station_d945d05298e3,2020-12,matched,poi+population+viirs,Matching::Match_M1,same_city,chengdu,g00155x00212,chengdu::g00155x00212,18853.0,1.0,12.0,6.0,1.79830128016287,0.342116794889199,0.548979218828694,2.55217711427665,0.914355609517614,2.01439657285228,False,
2797,chengdu,g00148x00211,chengdu_station_8d5d727e45fc,2020-12,pending,,,,,,,,,,,,,,,,,False,
2798,chengdu,g00148x00230,chengdu_station_f8093aa54bde,2020-12,pending,,,,,,,,,,,,,,,,,False,
2799,chengdu,g00148x00231,chengdu_station_d5840ff6955f,2020-12,pending,,,,,,,,,,,,,,,,,False,
2800,chengdu,g00149x00225,chengdu_station_8b1aee610464,2020-12,pending,,,,,,,,,,,,,,,,,False,
2801,chengdu,g00149x00227,chengdu_station_9ae2dbcd563c,2020-12,pending,,,,,,,,,,,,,,,,,False,
2802,chengdu,g00152x00183,chengdu_station_06f8646be5b6,2020-12,pending,,,,,,,,,,,,,,,,,False,
2803,chengdu,g00152x00210,chengdu_station_d24a6c30b30e,2020-12,pending,,,,,,,,,,,,,,,,,False,
2804,chengdu,g00152x00224,chengdu_station_30423a90f267,2020-12,pending,,,,,,,,,,,,,,,,,False,
2805,chengdu,g00156x00222,chengdu_station_ffac4f150204,2020-12,matched,poi+population+viirs,Matching::Match_M1,same_city,chengdu,g00155x00240,chengdu::g00155x00240,18853.0,1.0,12.0,6.0,2.00450871937078,0.285795234403608,0.421419652493044,2.55217711427665,0.914355609517614,2.01439657285228,False,
2806,chengdu,g00157x00180,chengdu_station_b791b1064047,2020-12,pending,,,,,,,,,,,,,,,,,False,
2807,chengdu,g00158x00221,chengdu_station_6306c1478334,2020-12,pending,,,,,,,,,,,,,,,,,False,
2808,chengdu,g00159x00220,chengdu_station_e3f30b210f26,2020-12,matched,poi+population+viirs,Matching::Match_M1,same_city,chengdu,g00160x00224,chengdu::g00160x00224,18853.0,1.0,12.0,6.0,1.26977778758132,0.239620936308448,0.349868878442764,2.55217711427665,0.914355609517614,2.01439657285228,False,
2809,chengdu,g00160x00217,chengdu_station_44f9a2b2cf5f,2020-12,pending,,,,,,,,,,,,,,,,,False,
2810,chengdu,g00163x00214,chengdu_station_2492f443b19e,2020-12,pending,,,,,,,,,,,,,,,,,False,
2811,chengdu,g00164x00207,chengdu_station_4c3b04fb42f6,2020-12,pending,,,,,,,,,,,,,,,,,False,
2812,chengdu,g00165x00176,chengdu_station_02683f2e3be4,2020-12,matched,population,Matching::Match_M1,same_city,chengdu,g00141x00184,chengdu::g00141x00184,81269.0,1.0,2.0,1.0,0.0178231494351111,0.0098830977603073,0.0098830977603073,0.0353267520205613,0.0279736129710069,0.0279736129710069,False,
2813,chengdu,g00165x00210,chengdu_station_df5f099b8b97,2020-12,pending,,,,,,,,,,,,,,,,,False,
2814,chengdu,g00165x00213,chengdu_station_15f79b013476,2020-12,pending,,,,,,,,,,,,,,,,,False,
2815,chengdu,g00167x00204,chengdu_station_659326f993b0,2020-12,pending,,,,,,,,,,,,,,,,,False,
2816,chengdu,g00169x00201,chengdu_station_bc91a57f764a,2020-12,pending,,,,,,,,,,,,,,,,,False,
2817,chengdu,g00171x00199,chengdu_station_508187cd8e0c,2020-12,pending,,,,,,,,,,,,,,,,,False,
2818,chengdu,g00172x00197,chengdu_station_ee80e4101ad0,2020-12,pending,,,,,,,,,,,,,,,,,False,
2819,chengdu,g00173x00196,chengdu_station_5f787eed0698,2020-12,pending,,,,,,,,,,,,,,,,,False,
2820,chengdu,g00174x00194,chengdu_station_d65176f7164e,2020-12,pending,,,,,,,,,,,,,,,,,False,
2821,chengdu,g00176x00193,chengdu_station_c2eedb856274,2020-12,pending,,,,,,,,,,,,,,,,,False,
2822,ningbo,g00245x00166,ningbo_station_a4eb6b4028d2,2020-12,pending,,,,,,,,,,,,,,,,,False,
2823,ningbo,g00255x00157,ningbo_station_75debe86de28,2020-12,pending,,,,,,,,,,,,,,,,,False,
2824,ningbo,g00258x00159,ningbo_station_fe1e691c4a61,2020-12,pending,,,,,,,,,,,,,,,,,False,
2825,ningbo,g00260x00158,ningbo_station_26b0b508fe2a,2020-12,matched,poi+population+viirs,Matching::Match_M1,same_city,ningbo,g00305x00079,ningbo::g00305x00079,17571.0,1.0,12.0,6.0,1.40411265078614,0.766033670443525,1.24114730201426,2.31139250190916,0.99081391352356,2.02089255282754,False,
2826,ningbo,g00261x00152,ningbo_station_f490747a878d,2020-12,pending,,,,,,,,,,,,,,,,,False,
2827,ningbo,g00261x00154,ningbo_station_0ba795486278,2020-12,pending,,,,,,,,,,,,,,,,,False,
2828,ningbo,g00261x00156,ningbo_station_d8e083b99de1,2020-12,matched,poi+population+viirs,Matching::Match_M1,same_city,ningbo,g00300x00075,ningbo::g00300x00075,17571.0,1.0,12.0,6.0,1.28854494367896,0.239110068955492,0.36708614713085,2.31139250190916,0.99081391352356,2.02089255282754,False,
2829,ningbo,g00262x00151,ningbo_station_16b52d4d7c4c,2020-12,pending,,,,,,,,,,,,,,,,,False,
2830,ningbo,g00263x00148,ningbo_station_2bc1a65ea765,2020-12,pending,,,,,,,,,,,,,,,,,False,
2831,ningbo,g00265x00147,ningbo_station_547f5de5ab1c,2020-12,pending,,,,,,,,,,,,,,,,,False,
2832,ningbo,g00266x00148,ningbo_station_659b8f5ee1fa,2020-12,pending,,,,,,,,,,,,,,,,,False,
2833,ningbo,g00271x00148,ningbo_station_9a4e753e30cf,2020-12,gsc_pending,poi+population+viirs,,,,,,,,,,,,,,,,False,same_city:No treated unit is inside explicit donor common support
2834,ningbo,g00274x00149,ningbo_station_8628e829a5e6,2020-12,matched,poi+population+viirs,Matching::Match_M1,same_city,ningbo,g00258x00151,ningbo::g00258x00151,17571.0,1.0,12.0,6.0,1.96558280334103,0.507045029222859,0.982671015359167,2.31139250190916,0.99081391352356,2.02089255282754,False,
2835,ningbo,g00276x00148,ningbo_station_1085cac98cc7,2020-12,pending,,,,,,,,,,,,,,,,,False,
2836,ningbo,g00277x00142,ningbo_station_6d5d528c37cd,2020-12,pending,,,,,,,,,,,,,,,,,False,
2837,ningbo,g00279x00140,ningbo_station_ee64f11f8722,2020-12,pending,,,,,,,,,,,,,,,,,False,
2838,ningbo,g00285x00134,ningbo_station_d1db9e70844c,2020-12,pending,,,,,,,,,,,,,,,,,False,
2839,ningbo,g00288x00132,ningbo_station_064dbc6d2f2e,2020-12,pending,,,,,,,,,,,,,,,,,False,
2840,qingdao,g00175x00182,qingdao_station_ad2578a1b5db,2020-12,pending,,,,,,,,,,,,,,,,,False,
2841,qingdao,g00176x00185,qingdao_station_76776f116333,2020-12,matched,poi+population+viirs,Matching::Match_M1,same_city,qingdao,g00157x00125,qingdao::g00157x00125,14225.0,1.0,12.0,6.0,1.25706667835467,0.645750457717531,0.993588206649977,2.4537928112571,0.984844633560135,1.90708028118586,False,
2842,qingdao,g00178x00186,qingdao_station_06c9568ebc9e,2020-12,pending,,,,,,,,,,,,,,,,,False,
2843,qingdao,g00179x00166,qingdao_station_db36992ecbdf,2020-12,pending,,,,,,,,,,,,,,,,,False,
2844,qingdao,g00180x00186,qingdao_station_d213dcfcb73a,2020-12,pending,,,,,,,,,,,,,,,,,False,
2845,qingdao,g00181x00163,qingdao_station_0b53b1377940,2020-12,pending,,,,,,,,,,,,,,,,,False,
2846,qingdao,g00182x00158,qingdao_station_42a230685e23,2020-12,pending,,,,,,,,,,,,,,,,,False,
2847,qingdao,g00183x00185,qingdao_station_220dc5f5ac38,2020-12,pending,,,,,,,,,,,,,,,,,False,
2848,qingdao,g00186x00185,qingdao_station_514f0e8bd7e6,2020-12,pending,,,,,,,,,,,,,,,,,False,
2849,qingdao,g00188x00150,qingdao_station_3547a2dd32f2,2020-12,pending,,,,,,,,,,,,,,,,,False,
2850,qingdao,g00188x00153,qingdao_station_cf99ecc4ee9c,2020-12,pending,,,,,,,,,,,,,,,,,False,
2851,qingdao,g00189x00185,qingdao_station_a99fe538935c,2020-12,pending,,,,,,,,,,,,,,,,,False,
2852,qingdao,g00191x00149,qingdao_station_e5db0cfab506,2020-12,pending,,,,,,,,,,,,,,,,,False,
2853,qingdao,g00195x00184,qingdao_station_dd9b874706a6,2020-12,pending,,,,,,,,,,,,,,,,,False,
2854,qingdao,g00199x00184,qingdao_station_07ec47ba56cb,2020-12,pending,,,,,,,,,,,,,,,,,False,
2855,qingdao,g00201x00185,qingdao_station_c0fc5f5ffe19,2020-12,pending,,,,,,,,,,,,,,,,,False,
2856,qingdao,g00206x00136,qingdao_station_0dee6e74abda,2020-12,pending,,,,,,,,,,,,,,,,,False,
2857,qingdao,g00206x00185,qingdao_station_d73c57db0bc2,2020-12,pending,,,,,,,,,,,,,,,,,False,
2858,qingdao,g00210x00189,qingdao_station_0b1a5b4ed02e,2020-12,matched,poi+population+viirs,Matching::Match_M1,same_city,qingdao,g00203x00194,qingdao::g00203x00194,14225.0,1.0,12.0,6.0,1.18055334662024,0.278758899221527,0.421722868611067,2.4537928112571,0.984844633560135,1.90708028118586,False,
2859,qingdao,g00225x00125,qingdao_station_bc8627bcefba,2020-12,matched,poi+population+viirs,Matching::Match_M1,same_city,qingdao,g00176x00132,qingdao::g00176x00132,14225.0,1.0,12.0,6.0,1.84981604416327,0.833557925171142,1.38363643130725,2.4537928112571,0.984844633560135,1.90708028118586,False,
2860,hefei,g00188x00130,hefei_station_3d0d363b35cc,2020-12,pending,,,,,,,,,,,,,,,,,False,
2861,hefei,g00189x00132,hefei_station_789d7adda7ca,2020-12,pending,,,,,,,,,,,,,,,,,False,
2862,hefei,g00189x00140,hefei_station_5d0dde70fbd7,2020-12,gsc_pending,poi+population+viirs,,,,,,,,,,,,,,,,False,same_city:preonly_placebo_quality_gate_failed
2863,hefei,g00189x00142,hefei_station_bb5c09fefb98,2020-12,pending,,,,,,,,,,,,,,,,,False,
2864,hefei,g00190x00144,hefei_station_59bc5c08ec5b,2020-12,pending,,,,,,,,,,,,,,,,,False,
2865,hefei,g00193x00144,hefei_station_dbe6be3e3658,2020-12,pending,,,,,,,,,,,,,,,,,False,
2866,hefei,g00195x00144,hefei_station_7f3e50be8526,2020-12,pending,,,,,,,,,,,,,,,,,False,
2867,hefei,g00198x00144,hefei_station_10f89bd3c8ab,2020-12,pending,,,,,,,,,,,,,,,,,False,
2868,hefei,g00201x00143,hefei_station_ce2665edd109,2020-12,pending,,,,,,,,,,,,,,,,,False,
2869,hefei,g00203x00143,hefei_station_599e26591204,2020-12,pending,,,,,,,,,,,,,,,,,False,
2870,hefei,g00205x00143,hefei_station_b5511459419a,2020-12,pending,,,,,,,,,,,,,,,,,False,
2871,hefei,g00207x00137,hefei_station_5c3488b515f2,2020-12,pending,,,,,,,,,,,,,,,,,False,
2872,hefei,g00207x00140,hefei_station_f305f8979992,2020-12,matched,poi+population+viirs,Matching::Match_M1,same_city,hefei,g00213x00137,hefei::g00213x00137,20874.0,1.0,12.0,6.0,1.46892735100898,0.326246585614017,0.534936856042523,2.81967567699093,1.12537847464565,2.50767948177206,False,
2873,hefei,g00207x00141,hefei_station_6ee28d1a1f54,2020-12,pending,,,,,,,,,,,,,,,,,False,
2874,nanchang,g00099x00118,nanchang_station_668626f3a3cb,2020-12,pending,,,,,,,,,,,,,,,,,False,
2875,nanchang,g00101x00117,nanchang_station_1a0df71fea0d,2020-12,pending,,,,,,,,,,,,,,,,,False,
2876,nanchang,g00104x00115,nanchang_station_3b3654f98018,2020-12,matched,poi+population+viirs,Matching::Match_M1,same_city,nanchang,g00106x00117,nanchang::g00106x00117,6357.0,1.0,12.0,6.0,2.2537882443987,0.405739999907785,0.608929238285505,2.98056222850645,1.04131733041467,2.24779306180778,False,
2877,nanchang,g00107x00114,nanchang_station_01848a209a4e,2020-12,pending,,,,,,,,,,,,,,,,,False,
2878,nanchang,g00111x00114,nanchang_station_563680183dfa,2020-12,pending,,,,,,,,,,,,,,,,,False,
2879,nanchang,g00114x00113,nanchang_station_da2afbb7dc3f,2020-12,pending,,,,,,,,,,,,,,,,,False,
2880,nanchang,g00117x00113,nanchang_station_76d8fcd876d7,2020-12,pending,,,,,,,,,,,,,,,,,False,
2881,nanchang,g00120x00113,nanchang_station_cdef1161197c,2020-12,pending,,,,,,,,,,,,,,,,,False,
2882,nanchang,g00122x00113,nanchang_station_d46f8c11f7ce,2020-12,pending,,,,,,,,,,,,,,,,,False,
2883,nanchang,g00125x00113,nanchang_station_302bb6c47cf9,2020-12,pending,,,,,,,,,,,,,,,,,False,
2884,nanchang,g00128x00113,nanchang_station_dd402d1a672c,2020-12,pending,,,,,,,,,,,,,,,,,False,
2885,nanchang,g00129x00112,nanchang_station_61d36952cbba,2020-12,gsc_pending,poi+population+viirs,,,,,,,,,,,,,,,,False,same_city:No treated unit is inside explicit donor common support
2886,nanchang,g00132x00110,nanchang_station_8f92a262f641,2020-12,pending,,,,,,,,,,,,,,,,,False,
2887,nanchang,g00135x00111,nanchang_station_a66285b36a33,2020-12,pending,,,,,,,,,,,,,,,,,False,
2888,nanchang,g00136x00120,nanchang_station_c95243af62ff,2020-12,pending,,,,,,,,,,,,,,,,,False,
2889,nanchang,g00136x00121,nanchang_station_aeda32c1eeb8,2020-12,pending,,,,,,,,,,,,,,,,,False,
2890,nanchang,g00136x00123,nanchang_station_133cc8d38d52,2020-12,gsc_pending,poi+population+viirs,,,,,,,,,,,,,,,,False,same_city:preonly_placebo_quality_gate_failed
2891,nanchang,g00137x00114,nanchang_station_608b49ab0c6a,2020-12,pending,,,,,,,,,,,,,,,,,False,
2892,nanchang,g00137x00116,nanchang_station_810ea181d727,2020-12,pending,,,,,,,,,,,,,,,,,False,
2893,nanchang,g00137x00126,nanchang_station_48a5f1588488,2020-12,pending,,,,,,,,,,,,,,,,,False,
2894,shanghai,g00099x00163,shanghai_station_9feb06da1de3,2020-12,pending,,,,,,,,,,,,,,,,,False,
2895,shanghai,g00103x00162,shanghai_station_c9b3c94a4f11,2020-12,pending,,,,,,,,,,,,,,,,,False,
2896,shanghai,g00107x00161,shanghai_station_210db070a929,2020-12,pending,,,,,,,,,,,,,,,,,False,
2897,shanghai,g00111x00160,shanghai_station_3fa6b04ecb5a,2020-12,pending,,,,,,,,,,,,,,,,,False,
2898,shanghai,g00113x00158,shanghai_station_68e35fda9304,2020-12,matched,poi+population+viirs,Matching::Match_M1,same_city,shanghai,g00184x00131,shanghai::g00184x00131,17681.0,1.0,12.0,6.0,1.38168981685468,0.75544780311345,1.42322660643815,2.35459975840612,0.996961761264508,1.8719255802182,False,
2899,shanghai,g00116x00158,shanghai_station_9f22a858f81e,2020-12,pending,,,,,,,,,,,,,,,,,False,
2900,shanghai,g00120x00158,shanghai_station_d2f66d743bb5,2020-12,matched,poi+population+viirs,Matching::Match_M1,same_city,shanghai,g00135x00175,shanghai::g00135x00175,17681.0,1.0,12.0,6.0,1.5030057518652,0.22659463264569,0.366365022846133,2.35459975840612,0.996961761264508,1.8719255802182,False,
2901,shanghai,g00126x00159,shanghai_station_1b871e355f5c,2020-12,pending,,,,,,,,,,,,,,,,,False,
2902,shanghai,g00166x00148,shanghai_station_f0e1e233445e,2020-12,pending,,,,,,,,,,,,,,,,,False,
2903,shanghai,g00168x00163,shanghai_station_68d4d8895f78,2020-12,pending,,,,,,,,,,,,,,,,,False,
2904,shanghai,g00169x00153,shanghai_station_5c09c99c5e73,2020-12,pending,,,,,,,,,,,,,,,,,False,
2905,shanghai,g00169x00155,shanghai_station_eccdf4100795,2020-12,pending,,,,,,,,,,,,,,,,,False,
2906,shanghai,g00169x00158,shanghai_station_cbc02d4f9767,2020-12,pending,,,,,,,,,,,,,,,,,False,
2907,shanghai,g00169x00160,shanghai_station_0aa8039bb846,2020-12,pending,,,,,,,,,,,,,,,,,False,
2908,taiyuan,g00088x00205,taiyuan_station_c764aefac7f1,2020-12,pending,,,,,,,,,,,,,,,,,False,
2909,taiyuan,g00093x00204,taiyuan_station_af6d507580bc,2020-12,pending,,,,,,,,,,,,,,,,,False,
2910,taiyuan,g00099x00204,taiyuan_station_465e184e6d89,2020-12,pending,,,,,,,,,,,,,,,,,False,
2911,taiyuan,g00100x00204,taiyuan_station_91d90e07b815,2020-12,gsc_pending,poi+population+viirs,,,,,,,,,,,,,,,,False,same_city:Fewer than three complete donors or missing treated feature row
2912,taiyuan,g00103x00203,taiyuan_station_4159b458094f,2020-12,gsc_pending,poi+population+viirs,,,,,,,,,,,,,,,,False,same_city:Fewer than three complete donors or missing treated feature row
2913,taiyuan,g00109x00203,taiyuan_station_af13774aa752,2020-12,pending,,,,,,,,,,,,,,,,,False,
2914,taiyuan,g00111x00203,taiyuan_station_484d09ecb761,2020-12,pending,,,,,,,,,,,,,,,,,False,
2915,taiyuan,g00114x00203,taiyuan_station_0cb8858f2b5c,2020-12,pending,,,,,,,,,,,,,,,,,False,
2916,taiyuan,g00116x00203,taiyuan_station_6abbbd0e48aa,2020-12,pending,,,,,,,,,,,,,,,,,False,
2917,taiyuan,g00117x00203,taiyuan_station_d15876a11372,2020-12,pending,,,,,,,,,,,,,,,,,False,
2918,taiyuan,g00121x00203,taiyuan_station_a897971d4b24,2020-12,pending,,,,,,,,,,,,,,,,,False,
2919,taiyuan,g00127x00203,taiyuan_station_3028b84c8ee6,2020-12,pending,,,,,,,,,,,,,,,,,False,
2920,zhengzhou,g00118x00204,zhengzhou_station_05f6c1151aa3,2020-12,pending,,,,,,,,,,,,,,,,,False,
2921,zhengzhou,g00119x00203,zhengzhou_station_565b5ce31728,2020-12,pending,,,,,,,,,,,,,,,,,False,
2922,zhengzhou,g00121x00202,zhengzhou_station_fafcbf03d986,2020-12,pending,,,,,,,,,,,,,,,,,False,
2923,zhengzhou,g00124x00201,zhengzhou_station_e0e517b99785,2020-12,pending,,,,,,,,,,,,,,,,,False,
2924,zhengzhou,g00130x00202,zhengzhou_station_ce854c31e4f7,2020-12,pending,,,,,,,,,,,,,,,,,False,
2925,zhengzhou,g00131x00195,zhengzhou_station_d4bc944a10e0,2020-12,gsc_pending,housing+poi+population+viirs,,,,,,,,,,,,,,,,False,same_city:No treated unit is inside explicit donor common support
2926,zhengzhou,g00131x00198,zhengzhou_station_cca01f6c4e66,2020-12,pending,,,,,,,,,,,,,,,,,False,
2927,zhengzhou,g00131x00199,zhengzhou_station_387285e9aa7a,2020-12,pending,,,,,,,,,,,,,,,,,False,
2928,zhengzhou,g00131x00202,zhengzhou_station_c4cc97baf7ad,2020-12,pending,,,,,,,,,,,,,,,,,False,
2929,zhengzhou,g00132x00193,zhengzhou_station_b4cd384ca245,2020-12,pending,,,,,,,,,,,,,,,,,False,
2930,zhengzhou,g00132x00203,zhengzhou_station_7021f9a5f454,2020-12,pending,,,,,,,,,,,,,,,,,False,
2931,zhengzhou,g00132x00205,zhengzhou_station_1596f73364d4,2020-12,gsc_pending,housing+poi+population+viirs,,,,,,,,,,,,,,,,False,same_city:No treated unit is inside explicit donor common support
2932,zhengzhou,g00132x00208,zhengzhou_station_31d5799337b7,2020-12,pending,,,,,,,,,,,,,,,,,False,
2933,zhengzhou,g00133x00202,zhengzhou_station_6a1ec13ed8ed,2020-12,pending,,,,,,,,,,,,,,,,,False,
2934,zhengzhou,g00134x00190,zhengzhou_station_6c2af71788cd,2020-12,matched,poi+population+viirs,Matching::Match_M1,same_city,zhengzhou,g00147x00186,zhengzhou::g00147x00186,12547.0,1.0,12.0,6.0,1.2774776883762,0.239822533112569,0.437886462455764,2.66231338453023,1.09348060108655,2.25374883318973,False,
2935,zhengzhou,g00135x00189,zhengzhou_station_0b5e3bbf6e9e,2020-12,pending,,,,,,,,,,,,,,,,,False,
2936,zhengzhou,g00140x00186,zhengzhou_station_9d2c41ac23ea,2020-12,pending,,,,,,,,,,,,,,,,,False,
2937,zhengzhou,g00140x00203,zhengzhou_station_9a853cee31b1,2020-12,pending,,,,,,,,,,,,,,,,,False,
2938,zhengzhou,g00142x00185,zhengzhou_station_a039771aa425,2020-12,pending,,,,,,,,,,,,,,,,,False,
2939,zhengzhou,g00142x00204,zhengzhou_station_ce4fe69013b3,2020-12,pending,,,,,,,,,,,,,,,,,False,
2940,zhengzhou,g00144x00183,zhengzhou_station_af9edc38c920,2020-12,pending,,,,,,,,,,,,,,,,,False,
2941,zhengzhou,g00144x00204,zhengzhou_station_f393f77f13b9,2020-12,pending,,,,,,,,,,,,,,,,,False,
2942,zhengzhou,g00147x00183,zhengzhou_station_231158845e6d,2020-12,pending,,,,,,,,,,,,,,,,,False,
2943,zhengzhou,g00147x00191,zhengzhou_station_4b5cdf8cde41,2020-12,pending,,,,,,,,,,,,,,,,,False,
2944,zhengzhou,g00147x00196,zhengzhou_station_6aed57affea9,2020-12,pending,,,,,,,,,,,,,,,,,False,
2945,zhengzhou,g00148x00189,zhengzhou_station_09e6d842a04e,2020-12,pending,,,,,,,,,,,,,,,,,False,
2946,zhengzhou,g00149x00197,zhengzhou_station_a2ad2a3dd49d,2020-12,pending,,,,,,,,,,,,,,,,,False,
2947,zhengzhou,g00149x00203,zhengzhou_station_eaeef10c1a28,2020-12,pending,,,,,,,,,,,,,,,,,False,
2948,zhengzhou,g00150x00181,zhengzhou_station_1707cce4f5b2,2020-12,gsc_pending,poi+population+viirs,,,,,,,,,,,,,,,,False,same_city:preonly_placebo_quality_gate_failed
2949,zhengzhou,g00150x00183,zhengzhou_station_8e487e32ce1d,2020-12,pending,,,,,,,,,,,,,,,,,False,
2950,zhengzhou,g00150x00186,zhengzhou_station_6d4ee8da4ca1,2020-12,gsc_pending,housing+poi+population+viirs,,,,,,,,,,,,,,,,False,same_city:No treated unit is inside explicit donor common support
2951,zhengzhou,g00150x00188,zhengzhou_station_46e20b10b87b,2020-12,pending,,,,,,,,,,,,,,,,,False,
2952,zhengzhou,g00150x00199,zhengzhou_station_642d09c25fcc,2020-12,pending,,,,,,,,,,,,,,,,,False,
2953,zhengzhou,g00150x00201,zhengzhou_station_cd32a26489b0,2020-12,pending,,,,,,,,,,,,,,,,,False,
2954,fuzhou,g00219x00227,fuzhou_station_33980d36baeb,2020-12,gsc_pending,population+viirs,,,,,,,,,,,,,,,,False,same_city:preonly_placebo_quality_gate_failed
2955,fuzhou,g00220x00226,fuzhou_station_db5e02c7a4f9,2020-12,pending,,,,,,,,,,,,,,,,,False,
2956,fuzhou,g00222x00222,fuzhou_station_09339a32f477,2020-12,pending,,,,,,,,,,,,,,,,,False,
2957,fuzhou,g00222x00225,fuzhou_station_be16d6742948,2020-12,pending,,,,,,,,,,,,,,,,,False,
2958,guangzhou,g00158x00128,guangzhou_station_2bb1acdfd4dd,2020-12,pending,,,,,,,,,,,,,,,,,False,
2959,guangzhou,g00158x00129,guangzhou_station_8bcfc8f7f6b7,2020-12,pending,,,,,,,,,,,,,,,,,False,
2960,guangzhou,g00159x00123,guangzhou_station_def27a003224,2020-12,pending,,,,,,,,,,,,,,,,,False,
2961,guangzhou,g00161x00125,guangzhou_station_3c1ce40a0bee,2020-12,pending,,,,,,,,,,,,,,,,,False,
2962,guangzhou,g00164x00127,guangzhou_station_32f6b3697236,2020-12,pending,,,,,,,,,,,,,,,,,False,
2963,xian,g00113x00241,xian_station_b71786c73b2f,2020-12,pending,,,,,,,,,,,,,,,,,False,
2964,xian,g00114x00242,xian_station_4cad3500a36d,2020-12,pending,,,,,,,,,,,,,,,,,False,
2965,xian,g00116x00242,xian_station_10d2374beb29,2020-12,pending,,,,,,,,,,,,,,,,,False,
2966,xian,g00119x00242,xian_station_c23d476eb51b,2020-12,pending,,,,,,,,,,,,,,,,,False,
2967,xian,g00121x00242,xian_station_6732597c0e4c,2020-12,pending,,,,,,,,,,,,,,,,,False,
2968,xian,g00124x00244,xian_station_9e5b847f2910,2020-12,pending,,,,,,,,,,,,,,,,,False,
2969,xian,g00124x00247,xian_station_06e3483ba0ff,2020-12,pending,,,,,,,,,,,,,,,,,False,
2970,xian,g00124x00249,xian_station_361261460e80,2020-12,pending,,,,,,,,,,,,,,,,,False,
2971,xian,g00126x00250,xian_station_6bc6deefac2b,2020-12,pending,,,,,,,,,,,,,,,,,False,
2972,xian,g00128x00251,xian_station_42400f487481,2020-12,pending,,,,,,,,,,,,,,,,,False,
2973,xian,g00128x00273,xian_station_6e44c10445e5,2020-12,pending,,,,,,,,,,,,,,,,,False,
2974,xian,g00129x00271,xian_station_d524928967ea,2020-12,pending,,,,,,,,,,,,,,,,,False,
2975,xian,g00129x00276,xian_station_ce8c195d2b6b,2020-12,pending,,,,,,,,,,,,,,,,,False,
2976,xian,g00130x00252,xian_station_a83837ea34eb,2020-12,pending,,,,,,,,,,,,,,,,,False,
2977,xian,g00133x00269,xian_station_be34ad087b9a,2020-12,pending,,,,,,,,,,,,,,,,,False,
2978,xian,g00134x00254,xian_station_b99d91c296bf,2020-12,pending,,,,,,,,,,,,,,,,,False,
2979,xian,g00134x00257,xian_station_468cb0074b5a,2020-12,pending,,,,,,,,,,,,,,,,,False,
2980,xian,g00134x00258,xian_station_5ec468e156d7,2020-12,pending,,,,,,,,,,,,,,,,,False,
2981,xian,g00134x00262,xian_station_1d95eb050699,2020-12,pending,,,,,,,,,,,,,,,,,False,
2982,xian,g00134x00266,xian_station_5098bbea5391,2020-12,pending,,,,,,,,,,,,,,,,,False,
2983,xian,g00135x00219,xian_station_e4f0a82c05f5,2020-12,pending,,,,,,,,,,,,,,,,,False,
2984,xian,g00135x00220,xian_station_34581005d7b9,2020-12,pending,,,,,,,,,,,,,,,,,False,
2985,xian,g00135x00224,xian_station_0222f73d6eb4,2020-12,gsc_pending,population+viirs,,,,,,,,,,,,,,,,False,same_city:preonly_placebo_quality_gate_failed
2986,xian,g00135x00226,xian_station_f86647e77456,2020-12,matched,poi+population+viirs,Matching::Match_M1,same_city,xian,g00128x00226,xian::g00128x00226,11648.0,1.0,12.0,6.0,2.24364812780284,0.686698509283019,1.50588912528978,2.76441552659366,1.23645876545194,2.20663468532608,False,
2987,xian,g00135x00228,xian_station_af3d9526a14e,2020-12,pending,,,,,,,,,,,,,,,,,False,
2988,xian,g00135x00232,xian_station_2e9ed75f387e,2020-12,pending,,,,,,,,,,,,,,,,,False,
2989,xian,g00135x00235,xian_station_a63639c2967c,2020-12,pending,,,,,,,,,,,,,,,,,False,
2990,xian,g00135x00252,xian_station_a41142d5b7d9,2020-12,pending,,,,,,,,,,,,,,,,,False,
2991,xian,g00136x00250,xian_station_3535f103d5e5,2020-12,pending,,,,,,,,,,,,,,,,,False,
2992,xian,g00137x00208,xian_station_67e64aeb4c25,2020-12,pending,,,,,,,,,,,,,,,,,False,
2993,xian,g00137x00238,xian_station_b66e44825f3b,2020-12,gsc_pending,poi+population+viirs,,,,,,,,,,,,,,,,False,same_city:preonly_placebo_quality_gate_failed
2994,xian,g00137x00240,xian_station_6ce72c66d6e7,2020-12,pending,,,,,,,,,,,,,,,,,False,
2995,xian,g00137x00244,xian_station_7112990492fc,2020-12,pending,,,,,,,,,,,,,,,,,False,
2996,xian,g00137x00247,xian_station_ff0bdbaf65ed,2020-12,pending,,,,,,,,,,,,,,,,,False,
2997,xian,g00139x00209,xian_station_e67cb1514232,2020-12,gsc_pending,population+viirs,,,,,,,,,,,,,,,,False,same_city:preonly_placebo_quality_gate_failed
2998,xian,g00139x00217,xian_station_939c7843e540,2020-12,pending,,,,,,,,,,,,,,,,,False,
2999,xian,g00141x00212,xian_station_e3e906ac1442,2020-12,pending,,,,,,,,,,,,,,,,,False,
3000,xian,g00141x00214,xian_station_db2ca29a8b80,2020-12,pending,,,,,,,,,,,,,,,,,False,
3001,xian,g00141x00216,xian_station_c961af8b4ac6,2020-12,gsc_pending,population+viirs,,,,,,,,,,,,,,,,False,same_city:preonly_placebo_quality_gate_failed
3002,xian,g00141x00289,xian_station_dc78db2a9b91,2020-12,pending,,,,,,,,,,,,,,,,,False,
3003,xian,g00142x00292,xian_station_e3f20ca08cc9,2020-12,pending,,,,,,,,,,,,,,,,,False,
3004,xian,g00145x00292,xian_station_ba87faea6d56,2020-12,pending,,,,,,,,,,,,,,,,,False,
3005,xian,g00150x00293,xian_station_afcf507bf700,2020-12,pending,,,,,,,,,,,,,,,,,False,
3006,xian,g00154x00295,xian_station_831c83a03cc1,2020-12,pending,,,,,,,,,,,,,,,,,False,
3007,xian,g00156x00299,xian_station_0c02e3536d2b,2020-12,pending,,,,,,,,,,,,,,,,,False,
3008,xian,g00158x00302,xian_station_80e68da5f632,2020-12,pending,,,,,,,,,,,,,,,,,False,
3009,xian,g00161x00304,xian_station_d00a640f08eb,2020-12,pending,,,,,,,,,,,,,,,,,False,
3010,xian,g00161x00310,xian_station_beabc1df6da8,2020-12,pending,,,,,,,,,,,,,,,,,False,
3011,xian,g00162x00306,xian_station_e87a2a4d5431,2020-12,matched,poi+population+viirs,Matching::Match_M1,same_city,xian,g00145x00284,xian::g00145x00284,11648.0,1.0,12.0,6.0,1.92890956167052,0.277267757578494,0.521557500580044,2.76441552659366,1.23645876545194,2.20663468532608,False,
3012,xian,g00162x00308,xian_station_d6918712d148,2020-12,pending,,,,,,,,,,,,,,,,,False,
3013,xian,g00163x00312,xian_station_451498ec23c4,2020-12,matched,poi+population+viirs,Matching::Match_M1,same_city,xian,g00147x00283,xian::g00147x00283,11648.0,1.0,12.0,6.0,1.76150384210895,0.500872269564748,1.08887840528964,2.76441552659366,1.23645876545194,2.20663468532608,False,
3014,xian,g00165x00313,xian_station_efd6b9bf4625,2020-12,pending,,,,,,,,,,,,,,,,,False,
3015,xian,g00167x00315,xian_station_477b1821fba5,2020-12,pending,,,,,,,,,,,,,,,,,False,
3016,hangzhou,g00199x00335,hangzhou_station_97d54aa16cf2,2020-12,matched,poi+population+viirs,Matching::Match_M1,same_city,hangzhou,g00148x00283,hangzhou::g00148x00283,21279.0,1.0,12.0,6.0,1.60165797578007,0.217806475099498,0.479294506062577,2.65383295284184,0.973140836102998,2.18766282896269,False,
3017,hangzhou,g00203x00335,hangzhou_station_312bec698052,2020-12,pending,,,,,,,,,,,,,,,,,False,
3018,hangzhou,g00207x00335,hangzhou_station_c1648b7ef966,2020-12,pending,,,,,,,,,,,,,,,,,False,
3019,hangzhou,g00210x00335,hangzhou_station_e9f24f879680,2020-12,pending,,,,,,,,,,,,,,,,,False,
3020,hangzhou,g00214x00336,hangzhou_station_168ed41f7993,2020-12,pending,,,,,,,,,,,,,,,,,False,
3021,hangzhou,g00214x00364,hangzhou_station_eedbbd541ecc,2020-12,pending,,,,,,,,,,,,,,,,,False,
3022,hangzhou,g00216x00341,hangzhou_station_d529b36b7f49,2020-12,pending,,,,,,,,,,,,,,,,,False,
3023,hangzhou,g00217x00365,hangzhou_station_b5f2db4ec6e6,2020-12,pending,,,,,,,,,,,,,,,,,False,
3024,hangzhou,g00218x00343,hangzhou_station_58a45d07b34c,2020-12,pending,,,,,,,,,,,,,,,,,False,
3025,hangzhou,g00220x00346,hangzhou_station_ea1bc2ebdf25,2020-12,pending,,,,,,,,,,,,,,,,,False,
3026,hangzhou,g00220x00362,hangzhou_station_84654bee9ed6,2020-12,pending,,,,,,,,,,,,,,,,,False,
3027,hangzhou,g00221x00349,hangzhou_station_5101982590d9,2020-12,pending,,,,,,,,,,,,,,,,,False,
3028,hangzhou,g00221x00356,hangzhou_station_64430d1525c8,2020-12,pending,,,,,,,,,,,,,,,,,False,
3029,hangzhou,g00221x00359,hangzhou_station_88058c163a82,2020-12,pending,,,,,,,,,,,,,,,,,False,
3030,hangzhou,g00222x00367,hangzhou_station_2f13006eed8a,2020-12,pending,,,,,,,,,,,,,,,,,False,
3031,hangzhou,g00225x00375,hangzhou_station_12e887132028,2020-12,matched,poi+population+viirs,Matching::Match_M1,same_city,hangzhou,g00251x00418,hangzhou::g00251x00418,21279.0,1.0,12.0,6.0,1.93724019276554,0.484431199386355,0.774027285498752,2.65383295284184,0.973140836102998,2.18766282896269,False,
3032,hangzhou,g00228x00379,hangzhou_station_cbffb48c06bf,2020-12,pending,,,,,,,,,,,,,,,,,False,
3033,hangzhou,g00229x00381,hangzhou_station_f7335a6baeb7,2020-12,pending,,,,,,,,,,,,,,,,,False,
3034,hangzhou,g00230x00383,hangzhou_station_73a8a2a33ce2,2020-12,pending,,,,,,,,,,,,,,,,,False,
3035,hangzhou,g00231x00412,hangzhou_station_f103793972c5,2020-12,pending,,,,,,,,,,,,,,,,,False,
3036,hangzhou,g00231x00415,hangzhou_station_11b881028bc5,2020-12,pending,,,,,,,,,,,,,,,,,False,
3037,hangzhou,g00231x00419,hangzhou_station_345af60e726d,2020-12,pending,,,,,,,,,,,,,,,,,False,
3038,hangzhou,g00231x00425,hangzhou_station_dcaa450681d6,2020-12,pending,,,,,,,,,,,,,,,,,False,
3039,hangzhou,g00232x00408,hangzhou_station_2a84e5b1e4da,2020-12,pending,,,,,,,,,,,,,,,,,False,
3040,hangzhou,g00233x00397,hangzhou_station_e687d2d4b989,2020-12,pending,,,,,,,,,,,,,,,,,False,
3041,hangzhou,g00233x00406,hangzhou_station_f9761abcca5e,2020-12,pending,,,,,,,,,,,,,,,,,False,
3042,hangzhou,g00234x00395,hangzhou_station_68f3988dba43,2020-12,pending,,,,,,,,,,,,,,,,,False,
3043,hangzhou,g00235x00392,hangzhou_station_2629346beab5,2020-12,matched,poi+population+viirs,Matching::Match_M1,same_city,hangzhou,g00228x00429,hangzhou::g00228x00429,21279.0,1.0,12.0,6.0,1.29530400643541,0.363124614806301,0.583475736685229,2.65383295284184,0.973140836102998,2.18766282896269,False,
3044,hangzhou,g00235x00427,hangzhou_station_34dbc0c8e48b,2020-12,pending,,,,,,,,,,,,,,,,,False,
3045,hangzhou,g00237x00394,hangzhou_station_ef09e660465f,2020-12,pending,,,,,,,,,,,,,,,,,False,
3046,hangzhou,g00239x00432,hangzhou_station_b319255e3c65,2020-12,gsc_pending,poi+population+viirs,,,,,,,,,,,,,,,,False,same_city:No treated unit is inside explicit donor common support
3047,hangzhou,g00244x00434,hangzhou_station_605a06f852b9,2020-12,pending,,,,,,,,,,,,,,,,,False,
3048,hangzhou,g00246x00433,hangzhou_station_c2245ce902d1,2020-12,pending,,,,,,,,,,,,,,,,,False,
3049,hangzhou,g00247x00428,hangzhou_station_f2887d4e7715,2020-12,pending,,,,,,,,,,,,,,,,,False,
3050,hangzhou,g00247x00431,hangzhou_station_4d6473f6be93,2020-12,pending,,,,,,,,,,,,,,,,,False,
3051,hangzhou,g00247x00443,shaoxing_station_f33afcaf4b05,2020-12,pending,,,,,,,,,,,,,,,,,False,
3052,hangzhou,g00252x00444,hangzhou_station_f9517f5182fc,2020-12,pending,,,,,,,,,,,,,,,,,False,
3053,hangzhou,g00255x00445,hangzhou_station_2b2ac3514ddf,2020-12,pending,,,,,,,,,,,,,,,,,False,
3054,hangzhou,g00258x00445,hangzhou_station_144d47e77187,2020-12,pending,,,,,,,,,,,,,,,,,False,
3055,beijing,g00077x00207,beijing_station_d72230602519,2020-12,pending,,,,,,,,,,,,,,,,,False,
3056,beijing,g00079x00207,beijing_station_0b411d1d205d,2020-12,pending,,,,,,,,,,,,,,,,,False,
3057,beijing,g00081x00207,beijing_station_8891a5e920e5,2020-12,matched,poi+population+viirs,Matching::Match_M1,same_city,beijing,g00180x00195,beijing::g00180x00195,21785.0,1.0,12.0,6.0,1.32359852021964,0.350431234250978,0.667943405530396,2.15377856591167,0.950842755995503,1.95755799474699,False,
3058,beijing,g00083x00206,beijing_station_36add403ed77,2020-12,matched,poi+population+viirs,Matching::Match_M1,same_city,beijing,g00165x00206,beijing::g00165x00206,21785.0,1.0,12.0,6.0,1.55238521531585,0.874378147393147,1.29187966694606,2.15377856591167,0.950842755995503,1.95755799474699,False,
3059,beijing,g00084x00207,beijing_station_8f25e21b8ff6,2020-12,pending,,,,,,,,,,,,,,,,,False,
3060,beijing,g00086x00207,beijing_station_5269e71b7643,2020-12,pending,,,,,,,,,,,,,,,,,False,
3061,beijing,g00087x00208,beijing_station_2c61562a88cb,2020-12,pending,,,,,,,,,,,,,,,,,False,
3062,beijing,g00089x00208,beijing_station_76c1bc5368f9,2020-12,pending,,,,,,,,,,,,,,,,,False,
3063,beijing,g00091x00209,beijing_station_c88dbff7c11b,2020-12,pending,,,,,,,,,,,,,,,,,False,
3064,beijing,g00093x00211,beijing_station_f98d8f35840b,2020-12,pending,,,,,,,,,,,,,,,,,False,
3065,beijing,g00094x00213,beijing_station_dfc871c7fcac,2020-12,pending,,,,,,,,,,,,,,,,,False,
3066,beijing,g00095x00215,beijing_station_2618483c9c84,2020-12,pending,,,,,,,,,,,,,,,,,False,
3067,beijing,g00096x00217,beijing_station_95635cf332ea,2020-12,pending,,,,,,,,,,,,,,,,,False,
3068,beijing,g00101x00174,beijing_station_e96ce14b65f5,2020-12,pending,,,,,,,,,,,,,,,,,False,
3069,beijing,g00103x00175,beijing_station_70f456a4ce7a,2020-12,matched,poi+population+viirs,Matching::Match_M1,same_city,beijing,g00154x00194,beijing::g00154x00194,21785.0,1.0,12.0,6.0,1.67600016644535,0.351096298934895,0.546905078638,2.15377856591167,0.950842755995503,1.95755799474699,False,
3070,beijing,g00124x00178,beijing_station_5e596e088e4e,2020-12,pending,,,,,,,,,,,,,,,,,False,
3071,beijing,g00129x00174,beijing_station_ed1db17ecbba,2020-12,pending,,,,,,,,,,,,,,,,,False,
3072,beijing,g00138x00172,beijing_station_ee6b9d3f8ac0,2020-12,pending,,,,,,,,,,,,,,,,,False,
3073,chongqing,g00333x00270,chongqing_station_7cccdfd61051,2020-12,pending,,,,,,,,,,,,,,,,,False,
3074,chongqing,g00373x00262,chongqing_station_bfe6c734acf1,2020-12,matched,poi+population+viirs,Matching::Match_M1,same_city,chongqing,g00352x00287,chongqing::g00352x00287,84928.0,1.0,12.0,6.0,1.16263588599901,0.724702620219699,1.17324572575075,2.17269997352113,1.18987229267745,2.45392210956212,False,
3075,chongqing,g00377x00262,chongqing_station_ee45ff110b46,2020-12,pending,,,,,,,,,,,,,,,,,False,
3076,chongqing,g00381x00263,chongqing_station_61116cada795,2020-12,pending,,,,,,,,,,,,,,,,,False,
3077,chongqing,g00387x00262,chongqing_station_d63656dcb4f2,2020-12,pending,,,,,,,,,,,,,,,,,False,
3078,chongqing,g00390x00262,chongqing_station_53a187cc1224,2020-12,pending,,,,,,,,,,,,,,,,,False,
3079,chongqing,g00392x00262,chongqing_station_c952e4016154,2020-12,pending,,,,,,,,,,,,,,,,,False,
3080,chongqing,g00395x00264,chongqing_station_049512dd15bb,2020-12,pending,,,,,,,,,,,,,,,,,False,
3081,hangzhou,g00239x00394,hangzhou_station_a7985cc282c4,2020-12,pending,,,,,,,,,,,,,,,,,False,
3082,wuhan,g00127x00143,wuhan_station_b4d01ae91396,2021-01,matched,poi+population+viirs,Matching::Match_M1,same_city,wuhan,g00129x00157,wuhan::g00129x00157,25028.0,1.0,12.0,6.0,0.994828792004645,0.127431846569167,0.28947948187144,2.35004914529108,1.0379718260102,2.05424574852936,False,
3083,wuhan,g00129x00143,wuhan_station_9ff5f182ea27,2021-01,pending,,,,,,,,,,,,,,,,,False,
3084,wuhan,g00130x00208,wuhan_station_2759e783c341,2021-01,matched,poi+population+viirs,Matching::Match_M1,same_city,wuhan,g00186x00197,wuhan::g00186x00197,25028.0,1.0,12.0,6.0,1.81020080510774,0.573670822541414,0.832403591729131,2.35004914529108,1.0379718260102,2.05424574852936,False,
3085,wuhan,g00132x00144,wuhan_station_5fa7153b4f7e,2021-01,pending,,,,,,,,,,,,,,,,,False,
3086,wuhan,g00133x00147,wuhan_station_94acb2aaf605,2021-01,pending,,,,,,,,,,,,,,,,,False,
3087,wuhan,g00139x00149,wuhan_station_f73a92b01990,2021-01,pending,,,,,,,,,,,,,,,,,False,
3088,wuhan,g00141x00149,wuhan_station_4ee839a96d97,2021-01,pending,,,,,,,,,,,,,,,,,False,
3089,wuhan,g00143x00147,wuhan_station_851e926652c0,2021-01,pending,,,,,,,,,,,,,,,,,False,
3090,wuhan,g00145x00148,wuhan_station_67cd9017b193,2021-01,pending,,,,,,,,,,,,,,,,,False,
3091,wuhan,g00146x00150,wuhan_station_217a3a98d626,2021-01,pending,,,,,,,,,,,,,,,,,False,
3092,wuhan,g00148x00151,wuhan_station_f5e1b3003c35,2021-01,pending,,,,,,,,,,,,,,,,,False,
3093,chongqing,g00298x00242,chongqing_station_180d5c7758df,2021-01,pending,,,,,,,,,,,,,,,,,False,
3094,chongqing,g00303x00242,chongqing_station_f8eb8d81f5e5,2021-01,pending,,,,,,,,,,,,,,,,,False,
3095,chongqing,g00306x00243,chongqing_station_377fe14a2243,2021-01,pending,,,,,,,,,,,,,,,,,False,
3096,chongqing,g00309x00243,chongqing_station_847507f89393,2021-01,pending,,,,,,,,,,,,,,,,,False,
3097,chongqing,g00312x00244,chongqing_station_6681bf325e2d,2021-01,pending,,,,,,,,,,,,,,,,,False,
3098,chongqing,g00314x00245,chongqing_station_b9e46cc7950c,2021-01,pending,,,,,,,,,,,,,,,,,False,
3099,chongqing,g00317x00243,chongqing_station_352b0cd130df,2021-01,pending,,,,,,,,,,,,,,,,,False,
3100,chongqing,g00317x00245,chongqing_station_ad76a3090fb4,2021-01,pending,,,,,,,,,,,,,,,,,False,
3101,chongqing,g00318x00242,chongqing_station_43930796340a,2021-01,pending,,,,,,,,,,,,,,,,,False,
3102,chongqing,g00321x00245,chongqing_station_5d62ffd1a225,2021-01,gsc_pending,poi+population+viirs,,,,,,,,,,,,,,,,False,same_city:preonly_placebo_quality_gate_failed
3103,chongqing,g00322x00242,chongqing_station_aa544a0b20b3,2021-01,pending,,,,,,,,,,,,,,,,,False,
3104,chongqing,g00323x00248,chongqing_station_339082c16d14,2021-01,pending,,,,,,,,,,,,,,,,,False,
3105,chongqing,g00324x00244,chongqing_station_ebbbc2532b0b,2021-01,pending,,,,,,,,,,,,,,,,,False,
3106,chongqing,g00324x00249,chongqing_station_26ed37e3cd89,2021-01,gsc_pending,housing+poi+population+viirs,,,,,,,,,,,,,,,,False,same_city:No treated unit is inside explicit donor common support
3107,shanghai,g00096x00135,shanghai_station_94a9f70bdf06,2021-01,pending,,,,,,,,,,,,,,,,,False,
3108,shanghai,g00100x00134,shanghai_station_fbb235629e28,2021-01,pending,,,,,,,,,,,,,,,,,False,
3109,shanghai,g00105x00132,shanghai_station_a3fad4cff0c5,2021-01,pending,,,,,,,,,,,,,,,,,False,
3110,shanghai,g00109x00130,shanghai_station_e962dc9081c8,2021-01,pending,,,,,,,,,,,,,,,,,False,
3111,shanghai,g00111x00129,shanghai_station_822cd5ec37b4,2021-01,pending,,,,,,,,,,,,,,,,,False,
3112,shanghai,g00113x00129,shanghai_station_a117d0346bff,2021-01,pending,,,,,,,,,,,,,,,,,False,
3113,shanghai,g00114x00132,shanghai_station_408507261f09,2021-01,pending,,,,,,,,,,,,,,,,,False,
3114,shanghai,g00116x00134,shanghai_station_45fc9ef64321,2021-01,pending,,,,,,,,,,,,,,,,,False,
3115,shanghai,g00119x00133,shanghai_station_54f14b79a784,2021-01,pending,,,,,,,,,,,,,,,,,False,
3116,shanghai,g00120x00133,shanghai_station_4d004315dc55,2021-01,pending,,,,,,,,,,,,,,,,,False,
3117,shanghai,g00123x00131,shanghai_station_14324d3f30d3,2021-01,gsc_pending,housing+poi+population+viirs,,,,,,,,,,,,,,,,False,same_city:No treated unit is inside explicit donor common support
3118,shanghai,g00125x00132,shanghai_station_978a2527f481,2021-01,pending,,,,,,,,,,,,,,,,,False,
3119,shanghai,g00128x00130,shanghai_station_573f52ced4ba,2021-01,pending,,,,,,,,,,,,,,,,,False,
3120,shanghai,g00132x00129,shanghai_station_aab6ee68fd6d,2021-01,pending,,,,,,,,,,,,,,,,,False,
3121,shanghai,g00133x00127,shanghai_station_ba2d6c5c39fc,2021-01,matched,poi+population+viirs,Matching::Match_M1,same_city,shanghai,g00123x00116,shanghai::g00123x00116,26122.0,1.0,12.0,6.0,1.05720614064518,0.318378206829491,0.514121259779434,2.19685687503926,0.925496511477071,1.68128523794196,False,
3122,shanghai,g00135x00126,shanghai_station_94df2b3292bd,2021-01,pending,,,,,,,,,,,,,,,,,False,
3123,shanghai,g00138x00127,shanghai_station_d5c73b3a0aa9,2021-01,gsc_pending,housing+poi+population+viirs,,,,,,,,,,,,,,,,False,same_city:No treated unit is inside explicit donor common support
3124,shanghai,g00141x00126,shanghai_station_6055d8439589,2021-01,pending,,,,,,,,,,,,,,,,,False,
3125,shanghai,g00142x00125,shanghai_station_77191a412885,2021-01,pending,,,,,,,,,,,,,,,,,False,
3126,shanghai,g00145x00126,shanghai_station_5aed6c107db6,2021-01,pending,,,,,,,,,,,,,,,,,False,
3127,shanghai,g00147x00126,shanghai_station_1db85ac38092,2021-01,pending,,,,,,,,,,,,,,,,,False,
3128,shanghai,g00149x00126,shanghai_station_2c93b21b0ecc,2021-01,pending,,,,,,,,,,,,,,,,,False,
3129,shanghai,g00152x00125,shanghai_station_cef09acf143b,2021-01,pending,,,,,,,,,,,,,,,,,False,
3130,shanghai,g00154x00125,shanghai_station_4a94b6490552,2021-01,pending,,,,,,,,,,,,,,,,,False,
3131,shanghai,g00156x00124,shanghai_station_540efa8b9627,2021-01,pending,,,,,,,,,,,,,,,,,False,
3132,shanghai,g00157x00123,shanghai_station_d740010aa909,2021-01,pending,,,,,,,,,,,,,,,,,False,
3133,shanghai,g00159x00123,shanghai_station_d92580f38c70,2021-01,pending,,,,,,,,,,,,,,,,,False,
3134,shanghai,g00162x00123,shanghai_station_e938acfd0fd4,2021-01,pending,,,,,,,,,,,,,,,,,False,
3135,shanghai,g00167x00121,shanghai_station_ffcbc27901ea,2021-01,pending,,,,,,,,,,,,,,,,,False,
3136,chongqing,g00328x00245,chongqing_station_5bb39de449ab,2021-02,gsc_pending,poi+population+viirs,,,,,,,,,,,,,,,,False,same_city:No treated unit is inside explicit donor common support
3137,chongqing,g00333x00273,chongqing_station_5c95b4e4d280,2021-02,matched,housing+poi+population+viirs,Matching::Match_M1,same_city,chongqing,g00325x00259,chongqing::g00325x00259,83.0,1.0,14.0,7.0,3.29305397289343,0.823483483720665,1.61541818560497,4.83904780945829,1.7227155312664,2.68811584793193,False,
3138,jinan,g00168x00148,jinan_station_28bace1fa31c,2021-03,pending,,,,,,,,,,,,,,,,,False,
3139,jinan,g00169x00153,jinan_station_a8734971b3da,2021-03,pending,,,,,,,,,,,,,,,,,False,
3140,jinan,g00173x00166,jinan_station_a48e160f9881,2021-03,pending,,,,,,,,,,,,,,,,,False,
3141,jinan,g00174x00172,jinan_station_7fe33fcffa71,2021-03,pending,,,,,,,,,,,,,,,,,False,
3142,jinan,g00177x00182,jinan_station_ee5ad07073c2,2021-03,gsc_pending,housing+poi+population+viirs,,,,,,,,,,,,,,,,False,same_city:No treated unit is inside explicit donor common support
3143,jinan,g00178x00186,jinan_station_07d8edd333dd,2021-03,pending,,,,,,,,,,,,,,,,,False,
3144,luoyang,g00264x00251,luoyang_station_3d1c63766803,2021-03,pending,,,,,,,,,,,,,,,,,False,
3145,luoyang,g00265x00247,luoyang_station_40e78ee1f2a4,2021-03,pending,,,,,,,,,,,,,,,,,False,
3146,luoyang,g00265x00248,luoyang_station_dc4d5f6c5b08,2021-03,pending,,,,,,,,,,,,,,,,,False,
3147,luoyang,g00265x00253,luoyang_station_133f3a6c4aad,2021-03,gsc_pending,housing+poi+population+viirs,,,,,,,,,,,,,,,,False,same_city:Fewer than three complete donors or missing treated feature row
3148,luoyang,g00266x00256,luoyang_station_a4e592d859c0,2021-03,pending,,,,,,,,,,,,,,,,,False,
3149,luoyang,g00267x00245,luoyang_station_e18b9135594a,2021-03,pending,,,,,,,,,,,,,,,,,False,
3150,luoyang,g00268x00243,luoyang_station_ced11e54668f,2021-03,pending,,,,,,,,,,,,,,,,,False,
3151,luoyang,g00268x00259,luoyang_station_e9ffa2410022,2021-03,gsc_pending,housing+poi+population+viirs,,,,,,,,,,,,,,,,False,same_city:Fewer than three complete donors or missing treated feature row
3152,luoyang,g00269x00239,luoyang_station_f5a0f236cbea,2021-03,pending,,,,,,,,,,,,,,,,,False,
3153,luoyang,g00269x00262,luoyang_station_7758e4836b71,2021-03,pending,,,,,,,,,,,,,,,,,False,
3154,luoyang,g00270x00264,luoyang_station_61459b1497eb,2021-03,pending,,,,,,,,,,,,,,,,,False,
3155,luoyang,g00270x00266,luoyang_station_8d4cde5f962e,2021-03,pending,,,,,,,,,,,,,,,,,False,
3156,luoyang,g00270x00268,luoyang_station_b2f8dee68539,2021-03,pending,,,,,,,,,,,,,,,,,False,
3157,luoyang,g00271x00270,luoyang_station_d7ee2b0bdf2e,2021-03,pending,,,,,,,,,,,,,,,,,False,
3158,luoyang,g00272x00273,luoyang_station_a81766cf5654,2021-03,pending,,,,,,,,,,,,,,,,,False,
3159,luoyang,g00272x00275,luoyang_station_c571d18a6569,2021-03,gsc_pending,poi+population+viirs,,,,,,,,,,,,,,,,False,same_city:Fewer than three complete donors or missing treated feature row
3160,luoyang,g00273x00279,luoyang_station_29f0757c2672,2021-03,pending,,,,,,,,,,,,,,,,,False,
3161,luoyang,g00274x00237,luoyang_station_e627fc27b7cf,2021-03,pending,,,,,,,,,,,,,,,,,False,
3162,shijiazhuang,g00138x00225,shijiazhuang_station_45401a934875,2021-04,gsc_pending,poi+population+viirs,,,,,,,,,,,,,,,,False,same_city:preonly_placebo_quality_gate_failed
3163,shijiazhuang,g00139x00197,shijiazhuang_station_93c1571d603e,2021-04,pending,,,,,,,,,,,,,,,,,False,
3164,shijiazhuang,g00139x00199,shijiazhuang_station_9faaf8080e47,2021-04,pending,,,,,,,,,,,,,,,,,False,
3165,shijiazhuang,g00139x00201,shijiazhuang_station_ed497cb6067b,2021-04,pending,,,,,,,,,,,,,,,,,False,
3166,shijiazhuang,g00139x00203,shijiazhuang_station_e985e1757306,2021-04,pending,,,,,,,,,,,,,,,,,False,
3167,shijiazhuang,g00139x00205,shijiazhuang_station_6a37378d6954,2021-04,pending,,,,,,,,,,,,,,,,,False,
3168,shijiazhuang,g00139x00208,shijiazhuang_station_0fba1eb2a6df,2021-04,pending,,,,,,,,,,,,,,,,,False,
3169,shijiazhuang,g00139x00211,shijiazhuang_station_f66120637cb1,2021-04,pending,,,,,,,,,,,,,,,,,False,
3170,shijiazhuang,g00139x00213,shijiazhuang_station_351bbaf216ac,2021-04,matched,poi+population+viirs,Matching::Match_M1,same_city,shijiazhuang,g00134x00213,shijiazhuang::g00134x00213,23002.0,1.0,12.0,6.0,1.97156176297544,0.482318343673756,0.889330236973299,2.39859330316617,0.894424173969424,1.6908910649682,False,
3171,shijiazhuang,g00139x00216,shijiazhuang_station_b86820a9ef36,2021-04,pending,,,,,,,,,,,,,,,,,False,
3172,shijiazhuang,g00139x00218,shijiazhuang_station_f67bad3188a9,2021-04,pending,,,,,,,,,,,,,,,,,False,
3173,shijiazhuang,g00139x00221,shijiazhuang_station_b7c6945ee1fc,2021-04,pending,,,,,,,,,,,,,,,,,False,
3174,chongqing,g00318x00199,chongqing_station_cc524462b437,2021-04,pending,,,,,,,,,,,,,,,,,False,
3175,chongqing,g00319x00200,chongqing_station_daf68a2f4bff,2021-04,pending,,,,,,,,,,,,,,,,,False,
3176,chongqing,g00320x00197,chongqing_station_061680008adf,2021-04,pending,,,,,,,,,,,,,,,,,False,
3177,chongqing,g00321x00196,chongqing_station_6d6656420394,2021-04,gsc_pending,poi+population+viirs,,,,,,,,,,,,,,,,False,same_city:preonly_placebo_quality_gate_failed
3178,chongqing,g00323x00195,chongqing_station_0fc3b70c2d84,2021-04,pending,,,,,,,,,,,,,,,,,False,
3179,chongqing,g00325x00195,chongqing_station_0140b6ac8ea2,2021-04,pending,,,,,,,,,,,,,,,,,False,
3180,chongqing,g00327x00196,chongqing_station_2639b3ae3996,2021-04,pending,,,,,,,,,,,,,,,,,False,
3181,chongqing,g00330x00197,chongqing_station_cd2cf3ffcab6,2021-04,pending,,,,,,,,,,,,,,,,,False,
3182,chongqing,g00333x00196,chongqing_station_e8d112431ee2,2021-04,pending,,,,,,,,,,,,,,,,,False,
3183,chongqing,g00335x00197,chongqing_station_d21bde6e4c36,2021-04,pending,,,,,,,,,,,,,,,,,False,
3184,chongqing,g00337x00198,chongqing_station_a0b9f91c98ff,2021-04,pending,,,,,,,,,,,,,,,,,False,
3185,chongqing,g00339x00198,chongqing_station_ee4c755d5f9e,2021-04,pending,,,,,,,,,,,,,,,,,False,
3186,chongqing,g00341x00199,chongqing_station_4c048f008fad,2021-04,pending,,,,,,,,,,,,,,,,,False,
3187,xiamen,g00057x00034,xiamen_station_b975aede1732,2021-04,pending,,,,,,,,,,,,,,,,,False,
3188,guiyang,g00095x00149,guiyang_station_f2f8f82d757e,2021-04,pending,,,,,,,,,,,,,,,,,False,
3189,guiyang,g00098x00150,guiyang_station_02d41d49ee16,2021-04,pending,,,,,,,,,,,,,,,,,False,
3190,guiyang,g00099x00152,guiyang_station_0051b763b297,2021-04,pending,,,,,,,,,,,,,,,,,False,
3191,guiyang,g00101x00148,guiyang_station_6e7151bba2e4,2021-04,pending,,,,,,,,,,,,,,,,,False,
3192,guiyang,g00102x00142,guiyang_station_96b7d62199fa,2021-04,pending,,,,,,,,,,,,,,,,,False,
3193,guiyang,g00105x00140,guiyang_station_f278bfe29fd9,2021-04,pending,,,,,,,,,,,,,,,,,False,
3194,guiyang,g00107x00140,guiyang_station_8f1533cf9161,2021-04,gsc_pending,poi+population,,,,,,,,,,,,,,,,False,same_city:preonly_placebo_quality_gate_failed
3195,guiyang,g00108x00139,guiyang_station_d329b09a73cc,2021-04,pending,,,,,,,,,,,,,,,,,False,
3196,guiyang,g00109x00133,guiyang_station_6121af43ac64,2021-04,pending,,,,,,,,,,,,,,,,,False,
3197,guiyang,g00109x00135,guiyang_station_6fde6bab9757,2021-04,pending,,,,,,,,,,,,,,,,,False,
3198,guiyang,g00110x00127,guiyang_station_1613d429a993,2021-04,pending,,,,,,,,,,,,,,,,,False,
3199,guiyang,g00111x00121,guiyang_station_668db8523c52,2021-04,pending,,,,,,,,,,,,,,,,,False,
3200,guiyang,g00111x00126,guiyang_station_0f81fc695da9,2021-04,pending,,,,,,,,,,,,,,,,,False,
3201,guiyang,g00118x00117,guiyang_station_f852c9c52bc2,2021-04,matched,poi+population,Matching::Match_M1,same_city,guiyang,g00078x00127,guiyang::g00078x00127,19218.0,1.0,10.0,5.0,1.46763305666067,0.404240523535785,0.686828440904258,2.2423830476055,1.05912617019176,2.06807714029203,False,
3202,guiyang,g00127x00117,guiyang_station_cfcb8fd67814,2021-04,pending,,,,,,,,,,,,,,,,,False,
3203,guiyang,g00128x00118,guiyang_station_9e39e85567d6,2021-04,matched,poi+population+viirs,Matching::Match_M1,same_city,guiyang,g00104x00091,guiyang::g00104x00091,3234.0,1.0,12.0,6.0,2.77821362934058,0.373408390240424,0.64808322069556,3.30077242430509,1.1448925982445,2.03350942168891,False,
3204,guiyang,g00130x00119,guiyang_station_d83f11b8b247,2021-04,pending,,,,,,,,,,,,,,,,,False,
3205,guiyang,g00132x00120,guiyang_station_ef2ee3b56a20,2021-04,pending,,,,,,,,,,,,,,,,,False,
3206,guiyang,g00134x00119,guiyang_station_975df467c973,2021-04,pending,,,,,,,,,,,,,,,,,False,
3207,hangzhou,g00223x00369,hangzhou_station_ecd63eb06dac,2021-04,gsc_pending,poi+population+viirs,,,,,,,,,,,,,,,,False,same_city:preonly_placebo_quality_gate_failed
3208,zhengzhou,g00127x00211,zhengzhou_station_5b55cca41dea,2021-05,matched,housing+poi+population+viirs,Matching::Match_M1,same_city,zhengzhou,g00135x00204,zhengzhou::g00135x00204,102.0,1.0,14.0,7.0,5.45387092619216,0.932127897770785,1.65462788198076,5.520155802027,1.58448846638583,2.62045038634905,False,
3209,xiamen,g00040x00065,xiamen_station_b99f6fe1f2a5,2021-06,pending,,,,,,,,,,,,,,,,,False,
3210,xiamen,g00041x00065,xiamen_station_4fcdbff73f2d,2021-06,pending,,,,,,,,,,,,,,,,,False,
3211,xiamen,g00043x00064,xiamen_station_f469a32a55ad,2021-06,pending,,,,,,,,,,,,,,,,,False,
3212,xiamen,g00044x00063,xiamen_station_96a18b7e023b,2021-06,matched,poi+population+viirs,Matching::Match_M1,same_city,xiamen,g00042x00070,xiamen::g00042x00070,6044.0,1.0,12.0,6.0,1.31283320783366,0.26548836223829,0.398303755833471,2.54427033567649,0.756013311450763,1.35118885190519,False,
3213,xiamen,g00048x00064,xiamen_station_4773b1de3454,2021-06,pending,,,,,,,,,,,,,,,,,False,
3214,xiamen,g00049x00064,xiamen_station_6a0fdf5b82f6,2021-06,pending,,,,,,,,,,,,,,,,,False,
3215,xiamen,g00049x00066,xiamen_station_4a114cd18af4,2021-06,pending,,,,,,,,,,,,,,,,,False,
3216,xiamen,g00050x00068,xiamen_station_d12aa75f2daa,2021-06,pending,,,,,,,,,,,,,,,,,False,
3217,xiamen,g00051x00070,xiamen_station_ab4a8ceb0269,2021-06,pending,,,,,,,,,,,,,,,,,False,
3218,xiamen,g00051x00072,xiamen_station_6200a4a06538,2021-06,pending,,,,,,,,,,,,,,,,,False,
3219,xiamen,g00052x00074,xiamen_station_252bf1f48c49,2021-06,matched,poi+population+viirs,Matching::Match_M1,same_city,xiamen,g00047x00078,xiamen::g00047x00078,6044.0,1.0,12.0,6.0,1.03608694241486,0.212544768066518,0.36367086905835,2.54427033567649,0.756013311450763,1.35118885190519,False,
3220,xiamen,g00054x00076,xiamen_station_5e435ea8f940,2021-06,pending,,,,,,,,,,,,,,,,,False,
3221,xiamen,g00063x00099,xiamen_station_b3e78b844ac7,2021-06,pending,,,,,,,,,,,,,,,,,False,
3222,xiamen,g00064x00089,xiamen_station_9ab184c594e8,2021-06,matched,poi+population+viirs,Matching::Match_M1,same_city,xiamen,g00061x00095,xiamen::g00061x00095,6044.0,1.0,12.0,6.0,1.41754820477099,0.320525137733496,0.48819857336318,2.54427033567649,0.756013311450763,1.35118885190519,False,
3223,xiamen,g00064x00092,xiamen_station_f0714681db18,2021-06,pending,,,,,,,,,,,,,,,,,False,
3224,xiamen,g00065x00097,xiamen_station_18735a19b163,2021-06,pending,,,,,,,,,,,,,,,,,False,
3225,zhengzhou,g00126x00216,zhengzhou_station_b8f75126dfb0,2021-06,pending,,,,,,,,,,,,,,,,,False,
3226,zhengzhou,g00131x00214,zhengzhou_station_dae468ef0eb7,2021-06,pending,,,,,,,,,,,,,,,,,False,
3227,chengdu,g00066x00300,chengdu_station_70166b9cf886,2021-06,gsc_pending,poi+population+viirs,,,,,,,,,,,,,,,,False,same_city:preonly_placebo_quality_gate_failed
3228,shanghai,g00130x00130,shanghai_station_5977e4b5a9b3,2021-06,pending,,,,,,,,,,,,,,,,,False,
3229,changzhou,g00157x00185,changzhou_station_6c14024d6a9c,2021-06,gsc_pending,poi+population+viirs,,,,,,,,,,,,,,,,False,same_city:preonly_placebo_quality_gate_failed
3230,changzhou,g00158x00189,changzhou_station_b40ade491c52,2021-06,pending,,,,,,,,,,,,,,,,,False,
3231,changzhou,g00159x00183,changzhou_station_80849c1e1a03,2021-06,pending,,,,,,,,,,,,,,,,,False,
3232,changzhou,g00159x00192,changzhou_station_e346f1981054,2021-06,pending,,,,,,,,,,,,,,,,,False,
3233,changzhou,g00161x00175,changzhou_station_4961f51b347e,2021-06,pending,,,,,,,,,,,,,,,,,False,
3234,changzhou,g00161x00177,changzhou_station_2d32195a9912,2021-06,pending,,,,,,,,,,,,,,,,,False,
3235,changzhou,g00163x00169,changzhou_station_a6640e6fd7ae,2021-06,pending,,,,,,,,,,,,,,,,,False,
3236,changzhou,g00163x00171,changzhou_station_59e4f94da77b,2021-06,pending,,,,,,,,,,,,,,,,,False,
3237,changzhou,g00163x00178,changzhou_station_9c3783a9bd8f,2021-06,pending,,,,,,,,,,,,,,,,,False,
3238,changzhou,g00164x00166,changzhou_station_edcaaea0c40e,2021-06,pending,,,,,,,,,,,,,,,,,False,
3239,changzhou,g00166x00164,changzhou_station_6db9f8cfd560,2021-06,gsc_pending,poi+population+viirs,,,,,,,,,,,,,,,,False,same_city:preonly_placebo_quality_gate_failed
3240,changzhou,g00167x00162,changzhou_station_d7aa88314d97,2021-06,pending,,,,,,,,,,,,,,,,,False,
3241,changzhou,g00168x00160,changzhou_station_004c45adcc0a,2021-06,pending,,,,,,,,,,,,,,,,,False,
3242,hangzhou,g00223x00418,hangzhou_station_6a9fc6103a77,2021-06,pending,,,,,,,,,,,,,,,,,False,
3243,hangzhou,g00251x00447,shaoxing_station_530dd5df5c1a,2021-06,pending,,,,,,,,,,,,,,,,,False,
3244,hangzhou,g00251x00450,shaoxing_station_61859d9b181e,2021-06,pending,,,,,,,,,,,,,,,,,False,
3245,hangzhou,g00252x00441,hangzhou_station_5c67e4223a3b,2021-06,pending,,,,,,,,,,,,,,,,,False,
3246,hangzhou,g00253x00437,hangzhou_station_d8650a8d7a6d,2021-06,pending,,,,,,,,,,,,,,,,,False,
3247,hangzhou,g00254x00433,hangzhou_station_dc42ae12d0e4,2021-06,pending,,,,,,,,,,,,,,,,,False,
3248,hangzhou,g00256x00425,hangzhou_station_22d9d67c5931,2021-06,pending,,,,,,,,,,,,,,,,,False,
3249,shaoxing,g00206x00141,shaoxing_station_11fd0cfdc702,2021-06,pending,,,,,,,,,,,,,,,,,False,
3250,shaoxing,g00208x00140,shaoxing_station_4f380d6d954a,2021-06,pending,,,,,,,,,,,,,,,,,False,
3251,shaoxing,g00210x00135,shaoxing_station_4a9b75c83475,2021-06,pending,,,,,,,,,,,,,,,,,False,
3252,shaoxing,g00213x00132,shaoxing_station_f66792b2854a,2021-06,pending,,,,,,,,,,,,,,,,,False,
3253,shaoxing,g00214x00129,shaoxing_station_c8ca21840b25,2021-06,gsc_pending,poi+population+viirs,,,,,,,,,,,,,,,,False,same_city:Fewer than three complete donors or missing treated feature row
3254,shaoxing,g00216x00123,shaoxing_station_ec97e3bfde8d,2021-06,pending,,,,,,,,,,,,,,,,,False,
3255,shaoxing,g00216x00126,shaoxing_station_c8dfead44a54,2021-06,pending,,,,,,,,,,,,,,,,,False,
3256,xuzhou,g00116x00168,xuzhou_station_d19315deb0a8,2021-06,pending,,,,,,,,,,,,,,,,,False,
3257,xuzhou,g00118x00168,xuzhou_station_599f6e1acc50,2021-06,pending,,,,,,,,,,,,,,,,,False,
3258,xuzhou,g00120x00168,xuzhou_station_3a14ddf9030d,2021-06,pending,,,,,,,,,,,,,,,,,False,
3259,xuzhou,g00121x00170,xuzhou_station_cece452e9793,2021-06,pending,,,,,,,,,,,,,,,,,False,
3260,xuzhou,g00123x00170,xuzhou_station_3f407014533c,2021-06,pending,,,,,,,,,,,,,,,,,False,
3261,xuzhou,g00124x00173,xuzhou_station_7a5a7fb528b2,2021-06,pending,,,,,,,,,,,,,,,,,False,
3262,xuzhou,g00126x00173,xuzhou_station_138d47559a6a,2021-06,pending,,,,,,,,,,,,,,,,,False,
3263,xuzhou,g00128x00174,xuzhou_station_308a223aafd6,2021-06,matched,poi+population+viirs,Matching::Match_M1,same_city,xuzhou,g00138x00168,xuzhou::g00138x00168,27739.0,1.0,12.0,6.0,2.10378130957835,0.553322067616894,1.17351302411011,2.47948181747216,1.10808315445859,2.03213920106308,False,
3264,xuzhou,g00133x00174,xuzhou_station_1f887c6f0d96,2021-06,matched,poi+population+viirs,Matching::Match_M1,same_city,xuzhou,g00130x00171,xuzhou::g00130x00171,27739.0,1.0,12.0,6.0,2.45300917679074,0.728362040715975,1.48125860577069,2.47948181747216,1.10808315445859,2.03213920106308,False,
3265,xuzhou,g00140x00176,xuzhou_station_924a752f5eb8,2021-06,pending,,,,,,,,,,,,,,,,,False,
3266,xuzhou,g00145x00177,xuzhou_station_58d3a1b25456,2021-06,pending,,,,,,,,,,,,,,,,,False,
3267,xuzhou,g00146x00178,xuzhou_station_e1b9963fd8d3,2021-06,pending,,,,,,,,,,,,,,,,,False,
3268,suzhou,g00120x00125,suzhou_station_ebee23483f4d,2021-06,pending,,,,,,,,,,,,,,,,,False,
3269,suzhou,g00120x00127,suzhou_station_dfbf7596c9e7,2021-06,pending,,,,,,,,,,,,,,,,,False,
3270,suzhou,g00121x00128,suzhou_station_76d807f7eeda,2021-06,pending,,,,,,,,,,,,,,,,,False,
3271,suzhou,g00122x00130,suzhou_station_04c8cff03cc0,2021-06,pending,,,,,,,,,,,,,,,,,False,
3272,suzhou,g00124x00132,suzhou_station_0f801ab361c2,2021-06,matched,poi+population+viirs,Matching::Match_M1,same_city,suzhou,g00170x00147,suzhou::g00170x00147,32789.0,1.0,12.0,6.0,1.48202407934961,0.709575875932399,1.04108938620301,2.01835385973368,0.714111479989686,1.34608722750306,False,
3273,suzhou,g00125x00133,suzhou_station_d9d6581c7ae5,2021-06,pending,,,,,,,,,,,,,,,,,False,
3274,suzhou,g00126x00134,suzhou_station_02bdb90fbab0,2021-06,pending,,,,,,,,,,,,,,,,,False,
3275,suzhou,g00128x00137,suzhou_station_8c481c6f9672,2021-06,pending,,,,,,,,,,,,,,,,,False,
3276,suzhou,g00128x00141,suzhou_station_398c4a4f49de,2021-06,matched,housing+poi+population+viirs,Matching::Match_M1,same_city,suzhou,g00149x00175,suzhou::g00149x00175,172.0,1.0,14.0,7.0,1.39636880598953,0.230295975676502,0.327683027316836,4.67633960562218,1.34917124423159,2.36975080183911,False,
3277,suzhou,g00128x00143,suzhou_station_569aa7dcf90b,2021-06,matched,poi+population+viirs,Matching::Match_M1,same_city,suzhou,g00137x00139,suzhou::g00137x00139,32789.0,1.0,12.0,6.0,1.04816580916472,0.422319989345446,0.770421396191331,2.01835385973368,0.714111479989686,1.34608722750306,False,
3278,suzhou,g00130x00144,suzhou_station_03933ea361dd,2021-06,matched,poi+population+viirs,Matching::Match_M1,same_city,suzhou,g00109x00167,suzhou::g00109x00167,32789.0,1.0,12.0,6.0,1.78626689983506,0.317850899503887,0.65690708968496,2.01835385973368,0.714111479989686,1.34608722750306,False,
3279,suzhou,g00132x00145,suzhou_station_a9bad8e5abd9,2021-06,pending,,,,,,,,,,,,,,,,,False,
3280,suzhou,g00132x00148,suzhou_station_26194813de4c,2021-06,pending,,,,,,,,,,,,,,,,,False,
3281,suzhou,g00133x00151,suzhou_station_a350f71d3142,2021-06,pending,,,,,,,,,,,,,,,,,False,
3282,suzhou,g00134x00153,suzhou_station_a4a50650c9fd,2021-06,pending,,,,,,,,,,,,,,,,,False,
3283,suzhou,g00134x00155,suzhou_station_44de0d5906ac,2021-06,pending,,,,,,,,,,,,,,,,,False,
3284,suzhou,g00134x00158,suzhou_station_603a3e32ea26,2021-06,pending,,,,,,,,,,,,,,,,,False,
3285,suzhou,g00134x00160,suzhou_station_5d8438542e08,2021-06,pending,,,,,,,,,,,,,,,,,False,
3286,suzhou,g00134x00162,suzhou_station_a5568e9aefd6,2021-06,pending,,,,,,,,,,,,,,,,,False,
3287,suzhou,g00135x00164,suzhou_station_4137f6f25c9d,2021-06,pending,,,,,,,,,,,,,,,,,False,
3288,suzhou,g00135x00169,suzhou_station_266366f2b3be,2021-06,pending,,,,,,,,,,,,,,,,,False,
3289,suzhou,g00135x00171,suzhou_station_938172f3edf6,2021-06,pending,,,,,,,,,,,,,,,,,False,
3290,suzhou,g00135x00174,suzhou_station_de7bbe798d6f,2021-06,pending,,,,,,,,,,,,,,,,,False,
3291,suzhou,g00135x00177,suzhou_station_b84a9767788e,2021-06,pending,,,,,,,,,,,,,,,,,False,
3292,suzhou,g00139x00181,suzhou_station_f10fa6431f8d,2021-06,pending,,,,,,,,,,,,,,,,,False,
3293,suzhou,g00141x00181,suzhou_station_cd17bf6e2ade,2021-06,pending,,,,,,,,,,,,,,,,,False,
3294,suzhou,g00143x00181,suzhou_station_4890a75d8678,2021-06,gsc_pending,poi+population+viirs,,,,,,,,,,,,,,,,False,same_city:preonly_placebo_quality_gate_failed
3295,suzhou,g00144x00184,suzhou_station_93e375853f17,2021-06,pending,,,,,,,,,,,,,,,,,False,
3296,suzhou,g00149x00185,suzhou_station_9a3904803769,2021-06,pending,,,,,,,,,,,,,,,,,False,
3297,suzhou,g00151x00188,suzhou_station_fd82cf8ce479,2021-06,pending,,,,,,,,,,,,,,,,,False,
3298,xian,g00161x00283,xian_station_8b618077936b,2021-06,pending,,,,,,,,,,,,,,,,,False,
3299,xian,g00161x00285,xian_station_22c38797258d,2021-06,pending,,,,,,,,,,,,,,,,,False,
3300,xian,g00162x00281,xian_station_1891ebd45c67,2021-06,pending,,,,,,,,,,,,,,,,,False,
3301,xian,g00163x00270,xian_station_0b9b82dfb512,2021-06,gsc_pending,poi+population+viirs,,,,,,,,,,,,,,,,False,same_city:preonly_placebo_quality_gate_failed
3302,xian,g00163x00275,xian_station_88741c7032a8,2021-06,pending,,,,,,,,,,,,,,,,,False,
3303,xian,g00165x00262,xian_station_41834c0a6a1b,2021-06,pending,,,,,,,,,,,,,,,,,False,
3304,qingdao,g00217x00132,qingdao_station_6b0c9f1de678,2021-07,gsc_pending,population+viirs,,,,,,,,,,,,,,,,False,same_city:preonly_placebo_quality_gate_failed
3305,foshan,g00105x00185,foshan_station_3dda2dae48f8,2021-08,pending,,,,,,,,,,,,,,,,,False,
3306,foshan,g00106x00192,foshan_station_cf35c83ffb44,2021-08,pending,,,,,,,,,,,,,,,,,False,
3307,foshan,g00107x00184,foshan_station_9e19f974b8cf,2021-08,pending,,,,,,,,,,,,,,,,,False,
3308,foshan,g00107x00190,foshan_station_a463e4360ee8,2021-08,matched,poi+population+viirs,Matching::Match_M1,same_city,foshan,g00091x00156,foshan::g00091x00156,19015.0,1.0,12.0,6.0,1.15236263944829,0.253124454298675,0.367754529720979,2.25984240690084,0.765711229933792,1.28677760091898,False,
3309,foshan,g00108x00181,foshan_station_3d244565e45a,2021-08,pending,,,,,,,,,,,,,,,,,False,
3310,foshan,g00108x00182,foshan_station_d4bd56da5e69,2021-08,pending,,,,,,,,,,,,,,,,,False,
3311,foshan,g00109x00177,foshan_station_f4552759d8c3,2021-08,pending,,,,,,,,,,,,,,,,,False,
3312,foshan,g00109x00179,foshan_station_3c2f16b77a72,2021-08,pending,,,,,,,,,,,,,,,,,False,
3313,guangzhou,g00124x00075,guangzhou_station_9c03db323521,2021-08,pending,,,,,,,,,,,,,,,,,False,
3314,beijing,g00107x00237,beijing_station_f2006e827505,2021-08,gsc_pending,poi+population+viirs,,,,,,,,,,,,,,,,False,same_city:preonly_placebo_quality_gate_failed
3315,hangzhou,g00280x00407,hangzhou_station_a65ff43d5241,2021-09,matched,poi+population+viirs,Matching::Match_M1,same_city,hangzhou,g00143x00284,hangzhou::g00143x00284,32898.0,1.0,12.0,6.0,0.73918973581157,0.146735870611776,0.325305121284383,2.37712223124675,0.763457617103654,1.61703170961096,False,
3316,hangzhou,g00283x00405,hangzhou_station_74e2240efc56,2021-09,pending,,,,,,,,,,,,,,,,,False,
3317,hangzhou,g00286x00404,hangzhou_station_ae31570a8880,2021-09,pending,,,,,,,,,,,,,,,,,False,
3318,harbin,g00383x00198,harbin_station_0abbe505a305,2021-09,pending,,,,,,,,,,,,,,,,,False,
3319,harbin,g00383x00201,harbin_station_832171678d5e,2021-09,pending,,,,,,,,,,,,,,,,,False,
3320,harbin,g00385x00191,harbin_station_a0fc0a80820e,2021-09,matched,poi+population,Matching::Match_M1,same_city,harbin,g00384x00175,harbin::g00384x00175,21353.0,1.0,10.0,5.0,0.998840559623099,0.351078205868559,0.672328624112172,2.35058259249851,1.09586197558166,2.1839966134794,False,
3321,harbin,g00385x00193,harbin_station_2d2b1aec93f0,2021-09,pending,,,,,,,,,,,,,,,,,False,
3322,harbin,g00385x00195,harbin_station_60cb834909dc,2021-09,pending,,,,,,,,,,,,,,,,,False,
3323,harbin,g00387x00189,harbin_station_df06af5e1c11,2021-09,pending,,,,,,,,,,,,,,,,,False,
3324,harbin,g00388x00187,harbin_station_5df70c6121dc,2021-09,gsc_pending,poi+population+viirs,,,,,,,,,,,,,,,,False,same_city:No treated unit is inside explicit donor common support
3325,harbin,g00390x00186,harbin_station_4c9b95de8dc7,2021-09,pending,,,,,,,,,,,,,,,,,False,
3326,harbin,g00391x00184,harbin_station_36ac7f141c42,2021-09,pending,,,,,,,,,,,,,,,,,False,
3327,harbin,g00392x00183,harbin_station_890f678927a8,2021-09,pending,,,,,,,,,,,,,,,,,False,
3328,harbin,g00393x00181,harbin_station_de2fd9e9fa69,2021-09,pending,,,,,,,,,,,,,,,,,False,
3329,harbin,g00394x00179,harbin_station_876406670355,2021-09,pending,,,,,,,,,,,,,,,,,False,
3330,harbin,g00395x00174,harbin_station_462e05a6a726,2021-09,pending,,,,,,,,,,,,,,,,,False,
3331,harbin,g00396x00177,harbin_station_6f07880bcf95,2021-09,pending,,,,,,,,,,,,,,,,,False,
3332,harbin,g00401x00172,harbin_station_1cc791200a72,2021-09,pending,,,,,,,,,,,,,,,,,False,
3333,harbin,g00405x00171,harbin_station_1494bbd7afa0,2021-09,pending,,,,,,,,,,,,,,,,,False,
3334,harbin,g00408x00170,harbin_station_ae7af3e7ec24,2021-09,pending,,,,,,,,,,,,,,,,,False,
3335,harbin,g00412x00170,harbin_station_50f34bc98283,2021-09,pending,,,,,,,,,,,,,,,,,False,
3336,harbin,g00416x00171,harbin_station_a2ad398a7898,2021-09,matched,poi+population,Matching::Match_M1,same_city,harbin,g00416x00168,harbin::g00416x00168,21353.0,1.0,10.0,5.0,1.81762297292339,0.385561577491059,0.540179411920907,2.35058259249851,1.09586197558166,2.1839966134794,False,
3337,guangzhou,g00065x00133,guangzhou_station_b457f06a0258,2021-09,matched,poi+population+viirs,Matching::Match_M1,same_city,guangzhou,g00054x00143,guangzhou::g00054x00143,23981.0,1.0,12.0,6.0,1.70520324533877,0.0976974024597924,0.191681359275571,2.39020218352974,0.801485689524881,1.46931107704034,False,
3338,guangzhou,g00120x00098,guangzhou_station_2cfe65f037ee,2021-09,pending,,,,,,,,,,,,,,,,,False,
3339,guangzhou,g00127x00096,guangzhou_station_360af13e4737,2021-09,pending,,,,,,,,,,,,,,,,,False,
3340,guangzhou,g00136x00096,guangzhou_station_2062713a77ab,2021-09,pending,,,,,,,,,,,,,,,,,False,
3341,guangzhou,g00141x00096,guangzhou_station_c4ab5065f3f5,2021-09,pending,,,,,,,,,,,,,,,,,False,
3342,guangzhou,g00147x00094,guangzhou_station_1fe2f2791fa8,2021-09,pending,,,,,,,,,,,,,,,,,False,
3343,changchun,g00175x00203,changchun_station_c79ca7c7edb9,2021-10,gsc_pending,poi+population,,,,,,,,,,,,,,,,False,same_city:preonly_placebo_quality_gate_failed
3344,hangzhou,g00247x00393,hangzhou_station_fc7f5832a03d,2021-11,pending,,,,,,,,,,,,,,,,,False,
3345,hangzhou,g00249x00392,hangzhou_station_194f42e9cd86,2021-11,pending,,,,,,,,,,,,,,,,,False,
3346,hangzhou,g00250x00392,hangzhou_station_2510977adf76,2021-11,pending,,,,,,,,,,,,,,,,,False,
3347,hangzhou,g00253x00391,hangzhou_station_41cf61c9e4e7,2021-11,pending,,,,,,,,,,,,,,,,,False,
3348,harbin,g00377x00184,harbin_station_fef03613ee77,2021-11,pending,,,,,,,,,,,,,,,,,False,
3349,harbin,g00377x00185,harbin_station_fb61c9dd12f2,2021-11,pending,,,,,,,,,,,,,,,,,False,
3350,harbin,g00377x00190,harbin_station_741303229105,2021-11,pending,,,,,,,,,,,,,,,,,False,
3351,harbin,g00378x00188,harbin_station_72e5e91770d3,2021-11,matched,poi+population,Matching::Match_M1,same_city,harbin,g00382x00187,harbin::g00382x00187,21353.0,1.0,10.0,5.0,1.32334652435339,0.328696191369638,0.608368710800417,2.35058259249851,1.09586197558166,2.1839966134794,False,
3352,harbin,g00378x00192,harbin_station_d881fafcc82c,2021-11,pending,,,,,,,,,,,,,,,,,False,
3353,harbin,g00380x00173,harbin_station_b42f2bd9f867,2021-11,pending,,,,,,,,,,,,,,,,,False,
3354,harbin,g00380x00192,harbin_station_bfbfaba195e3,2021-11,pending,,,,,,,,,,,,,,,,,False,
3355,harbin,g00382x00172,harbin_station_401ce85f4456,2021-11,pending,,,,,,,,,,,,,,,,,False,
3356,harbin,g00382x00193,harbin_station_74f6721f1731,2021-11,pending,,,,,,,,,,,,,,,,,False,
3357,harbin,g00383x00171,harbin_station_dbe85b226253,2021-11,pending,,,,,,,,,,,,,,,,,False,
3358,harbin,g00384x00193,harbin_station_216e8c96e75b,2021-11,pending,,,,,,,,,,,,,,,,,False,
3359,harbin,g00385x00170,harbin_station_5306e7c4974e,2021-11,pending,,,,,,,,,,,,,,,,,False,
3360,harbin,g00386x00171,harbin_station_c07b287b85d6,2021-11,pending,,,,,,,,,,,,,,,,,False,
3361,harbin,g00386x00193,harbin_station_90a1484c56c7,2021-11,pending,,,,,,,,,,,,,,,,,False,
3362,harbin,g00388x00194,harbin_station_68b5675e36f2,2021-11,pending,,,,,,,,,,,,,,,,,False,
3363,harbin,g00390x00193,harbin_station_9efee7bb4bb6,2021-11,pending,,,,,,,,,,,,,,,,,False,
3364,harbin,g00392x00193,harbin_station_0495a06b0178,2021-11,pending,,,,,,,,,,,,,,,,,False,
3365,harbin,g00394x00193,harbin_station_c0244637001f,2021-11,pending,,,,,,,,,,,,,,,,,False,
3366,harbin,g00396x00191,harbin_station_9ad451dd8d59,2021-11,matched,poi+population,Matching::Match_M1,same_city,harbin,g00390x00190,harbin::g00390x00190,21353.0,1.0,10.0,5.0,0.845970420263258,0.245184392610599,0.464802243402764,2.35058259249851,1.09586197558166,2.1839966134794,False,
3367,tianjin,g00126x00100,tianjin_station_4752ad5e0510,2021-12,pending,,,,,,,,,,,,,,,,,False,
3368,nanning,g00137x00217,nanning_station_7033893079c3,2021-12,pending,,,,,,,,,,,,,,,,,False,
3369,nanning,g00138x00217,nanning_station_401957c59200,2021-12,pending,,,,,,,,,,,,,,,,,False,
3370,nanning,g00140x00217,nanning_station_519647a38005,2021-12,pending,,,,,,,,,,,,,,,,,False,
3371,nanning,g00143x00217,nanning_station_24ee7007ea2d,2021-12,pending,,,,,,,,,,,,,,,,,False,
3372,nanning,g00145x00217,nanning_station_e4ad7a843d5d,2021-12,pending,,,,,,,,,,,,,,,,,False,
3373,nanning,g00147x00218,nanning_station_c160e76e0255,2021-12,pending,,,,,,,,,,,,,,,,,False,
3374,nanning,g00151x00220,nanning_station_dc07fb42a18c,2021-12,matched,poi+population+viirs,Matching::Match_M1,same_city,nanning,g00158x00217,nanning::g00158x00217,21344.0,1.0,12.0,6.0,1.77430880314627,0.345103348088717,0.622822767413331,2.76880641821546,0.976188093282143,2.06378177851456,False,
3375,nanning,g00154x00221,nanning_station_86a51bad582d,2021-12,pending,,,,,,,,,,,,,,,,,False,
3376,nanning,g00155x00224,nanning_station_431b1f5cc98a,2021-12,pending,,,,,,,,,,,,,,,,,False,
3377,nanning,g00156x00226,nanning_station_6d9a43f81b66,2021-12,pending,,,,,,,,,,,,,,,,,False,
3378,nanning,g00157x00228,nanning_station_9c40777c97b8,2021-12,pending,,,,,,,,,,,,,,,,,False,
3379,nanning,g00157x00230,nanning_station_3544a55d2ce7,2021-12,matched,poi+population+viirs,Matching::Match_M1,same_city,nanning,g00150x00216,nanning::g00150x00216,21344.0,1.0,12.0,6.0,0.893620931721215,0.302057159585497,0.622822767413331,2.76880641821546,0.976188093282143,2.06378177851456,False,
3380,nanning,g00159x00232,nanning_station_7bd6dcd24d86,2021-12,pending,,,,,,,,,,,,,,,,,False,
3381,nanning,g00159x00235,nanning_station_ac266a36ec7d,2021-12,pending,,,,,,,,,,,,,,,,,False,
3382,nanning,g00159x00236,nanning_station_93a2d13f7111,2021-12,pending,,,,,,,,,,,,,,,,,False,
3383,nanning,g00160x00239,nanning_station_ee66aa0c8aad,2021-12,gsc_pending,poi+population+viirs,,,,,,,,,,,,,,,,False,same_city:preonly_placebo_quality_gate_failed
3384,nanning,g00161x00241,nanning_station_69d1dad3ee0b,2021-12,pending,,,,,,,,,,,,,,,,,False,
3385,wuxi,g00097x00174,wuxi_station_3265f9d8cedb,2021-12,matched,poi+population+viirs,Matching::Match_M1,same_city,wuxi,g00106x00206,wuxi::g00106x00206,22117.0,1.0,12.0,6.0,1.54813048542801,0.750843433380152,1.06316574793335,2.26260634846599,0.976023124679266,1.67480352803579,False,
3386,wuxi,g00098x00176,wuxi_station_7adf270517fc,2021-12,pending,,,,,,,,,,,,,,,,,False,
3387,wuxi,g00099x00173,wuxi_station_289eb1e750d7,2021-12,pending,,,,,,,,,,,,,,,,,False,
3388,wuxi,g00104x00169,wuxi_station_85e7ad8093e9,2021-12,pending,,,,,,,,,,,,,,,,,False,
3389,wuxi,g00104x00172,wuxi_station_e29a631d3124,2021-12,pending,,,,,,,,,,,,,,,,,False,
3390,wuxi,g00106x00168,wuxi_station_1a30fe36276b,2021-12,pending,,,,,,,,,,,,,,,,,False,
3391,wuxi,g00108x00165,wuxi_station_b3943fc4ac40,2021-12,pending,,,,,,,,,,,,,,,,,False,
3392,wuxi,g00110x00165,wuxi_station_69028ba4697b,2021-12,pending,,,,,,,,,,,,,,,,,False,
3393,wuxi,g00112x00165,wuxi_station_c8d5448acd08,2021-12,pending,,,,,,,,,,,,,,,,,False,
3394,wuxi,g00114x00165,wuxi_station_2726a93c69f5,2021-12,pending,,,,,,,,,,,,,,,,,False,
3395,wuxi,g00118x00166,wuxi_station_6ea520402a0e,2021-12,pending,,,,,,,,,,,,,,,,,False,
3396,wuxi,g00121x00168,wuxi_station_d89d7b4c2865,2021-12,pending,,,,,,,,,,,,,,,,,False,
3397,wuxi,g00125x00168,wuxi_station_9d5028127784,2021-12,matched,housing+poi+population+viirs,Matching::Match_M1,same_city,wuxi,g00125x00177,wuxi::g00125x00177,204.0,1.0,14.0,7.0,1.80745632572226,0.302973905664733,0.465563996825694,4.36818706070887,1.14656716884432,2.05592153754984,False,
3398,wuxi,g00129x00170,wuxi_station_367cd7d74c90,2021-12,pending,,,,,,,,,,,,,,,,,False,
3399,hefei,g00208x00133,hefei_station_e05a827decaf,2021-12,pending,,,,,,,,,,,,,,,,,False,
3400,hefei,g00209x00132,hefei_station_f1ce5261026e,2021-12,pending,,,,,,,,,,,,,,,,,False,
3401,hefei,g00210x00123,hefei_station_23e3867e026b,2021-12,pending,,,,,,,,,,,,,,,,,False,
3402,hefei,g00210x00131,hefei_station_c47e14d846b8,2021-12,pending,,,,,,,,,,,,,,,,,False,
3403,hefei,g00210x00137,hefei_station_4494c8549181,2021-12,pending,,,,,,,,,,,,,,,,,False,
3404,hefei,g00211x00117,hefei_station_b067d13fce79,2021-12,pending,,,,,,,,,,,,,,,,,False,
3405,hefei,g00211x00139,hefei_station_03090c1248cc,2021-12,pending,,,,,,,,,,,,,,,,,False,
3406,hefei,g00212x00115,hefei_station_96429901db3f,2021-12,pending,,,,,,,,,,,,,,,,,False,
3407,hefei,g00213x00109,hefei_station_989f7dca57f3,2021-12,pending,,,,,,,,,,,,,,,,,False,
3408,hefei,g00213x00113,hefei_station_a598668b3dc0,2021-12,matched,poi+population+viirs,Matching::Match_M1,same_city,hefei,g00227x00153,hefei::g00227x00153,33947.0,1.0,12.0,6.0,1.6596126335153,0.484680842413835,0.897653729494157,2.66161398735072,0.900712831650482,1.79247222869321,False,
3409,hefei,g00215x00096,hefei_station_81e8afa9f8ab,2021-12,pending,,,,,,,,,,,,,,,,,False,
3410,hefei,g00215x00099,hefei_station_f769ace0bf9c,2021-12,matched,poi+population+viirs,Matching::Match_M1,same_city,hefei,g00208x00102,hefei::g00208x00102,33947.0,1.0,12.0,6.0,2.5171788335525,0.577222974921295,0.97980480877571,2.66161398735072,0.900712831650482,1.79247222869321,False,
3411,hefei,g00215x00101,hefei_station_c3e0fc434ae4,2021-12,matched,poi+population+viirs,Matching::Match_M1,same_city,hefei,g00241x00149,hefei::g00241x00149,33947.0,1.0,12.0,6.0,1.912818665297,0.421415444383026,0.654718329436673,2.66161398735072,0.900712831650482,1.79247222869321,False,
3412,hefei,g00215x00105,hefei_station_821088ea60d2,2021-12,pending,,,,,,,,,,,,,,,,,False,
3413,hefei,g00220x00143,hefei_station_3c903135d68d,2021-12,pending,,,,,,,,,,,,,,,,,False,
3414,hefei,g00225x00144,hefei_station_4f8fef662f17,2021-12,pending,,,,,,,,,,,,,,,,,False,
3415,hefei,g00230x00144,hefei_station_81cf0c920abc,2021-12,pending,,,,,,,,,,,,,,,,,False,
3416,hefei,g00232x00145,hefei_station_51bc6920073b,2021-12,pending,,,,,,,,,,,,,,,,,False,
3417,hefei,g00242x00146,hefei_station_ea6e3d18db96,2021-12,pending,,,,,,,,,,,,,,,,,False,
3418,luoyang,g00250x00262,luoyang_station_dd3685bc609d,2021-12,pending,,,,,,,,,,,,,,,,,False,
3419,luoyang,g00251x00265,luoyang_station_edcb1724fac8,2021-12,pending,,,,,,,,,,,,,,,,,False,
3420,luoyang,g00252x00261,luoyang_station_b980e3ac14c0,2021-12,pending,,,,,,,,,,,,,,,,,False,
3421,luoyang,g00254x00261,luoyang_station_cbe11a3e485f,2021-12,pending,,,,,,,,,,,,,,,,,False,
3422,luoyang,g00255x00260,luoyang_station_c3900539833e,2021-12,pending,,,,,,,,,,,,,,,,,False,
3423,luoyang,g00256x00258,luoyang_station_761ae2f4f68a,2021-12,pending,,,,,,,,,,,,,,,,,False,
3424,luoyang,g00259x00259,luoyang_station_e9a9df844583,2021-12,gsc_pending,poi+population+viirs,,,,,,,,,,,,,,,,False,same_city:Fewer than three complete donors or missing treated feature row
3425,luoyang,g00261x00259,luoyang_station_ccc454e3b778,2021-12,pending,,,,,,,,,,,,,,,,,False,
3426,luoyang,g00265x00259,luoyang_station_d96a90b85e45,2021-12,gsc_pending,housing+poi+population+viirs,,,,,,,,,,,,,,,,False,same_city:Fewer than three complete donors or missing treated feature row
3427,luoyang,g00267x00257,luoyang_station_5a2be9d24ad4,2021-12,pending,,,,,,,,,,,,,,,,,False,
3428,luoyang,g00269x00257,luoyang_station_15513412a7f4,2021-12,pending,,,,,,,,,,,,,,,,,False,
3429,luoyang,g00270x00257,luoyang_station_944e250391a4,2021-12,pending,,,,,,,,,,,,,,,,,False,
3430,luoyang,g00273x00256,luoyang_station_2bc2ae39e7be,2021-12,pending,,,,,,,,,,,,,,,,,False,
3431,luoyang,g00275x00253,luoyang_station_b9bde9f1066b,2021-12,pending,,,,,,,,,,,,,,,,,False,
3432,luoyang,g00275x00255,luoyang_station_e45c1f4d93c8,2021-12,pending,,,,,,,,,,,,,,,,,False,
3433,nanchang,g00116x00099,nanchang_station_c105197293a0,2021-12,pending,,,,,,,,,,,,,,,,,False,
3434,nanchang,g00118x00102,nanchang_station_a42d3d516f1a,2021-12,pending,,,,,,,,,,,,,,,,,False,
3435,nanchang,g00119x00094,nanchang_station_5cb23933a273,2021-12,pending,,,,,,,,,,,,,,,,,False,
3436,nanchang,g00120x00092,nanchang_station_72f7ad8cc2c7,2021-12,pending,,,,,,,,,,,,,,,,,False,
3437,nanchang,g00121x00078,nanchang_station_99fa2fbd9ffe,2021-12,pending,,,,,,,,,,,,,,,,,False,
3438,nanchang,g00121x00080,nanchang_station_3043cf1e6794,2021-12,pending,,,,,,,,,,,,,,,,,False,
3439,nanchang,g00121x00103,nanchang_station_7eb2927cfd3b,2021-12,pending,,,,,,,,,,,,,,,,,False,
3440,nanchang,g00122x00083,nanchang_station_7f0f3331e134,2021-12,pending,,,,,,,,,,,,,,,,,False,
3441,nanchang,g00122x00086,nanchang_station_b1540f26b723,2021-12,pending,,,,,,,,,,,,,,,,,False,
3442,nanchang,g00123x00077,nanchang_station_9d0346b46606,2021-12,pending,,,,,,,,,,,,,,,,,False,
3443,nanchang,g00124x00104,nanchang_station_8b0f7806263b,2021-12,pending,,,,,,,,,,,,,,,,,False,
3444,nanchang,g00125x00105,nanchang_station_7e5db7eb1cfc,2021-12,gsc_pending,poi+population+viirs,,,,,,,,,,,,,,,,False,same_city:preonly_placebo_quality_gate_failed
3445,nanchang,g00127x00106,nanchang_station_951fe5a5ccd4,2021-12,matched,poi+population+viirs,Matching::Match_M1,same_city,nanchang,g00139x00121,nanchang::g00139x00121,9715.0,1.0,12.0,6.0,1.79762598848422,0.28978838483867,0.39798038106716,2.80017789773622,0.94111332758893,1.93165645194088,False,
3446,nanchang,g00129x00107,nanchang_station_cd4b5430b864,2021-12,pending,,,,,,,,,,,,,,,,,False,
3447,nanchang,g00129x00113,nanchang_station_9aa489257d28,2021-12,pending,,,,,,,,,,,,,,,,,False,
3448,nanchang,g00130x00110,nanchang_station_df0e01fc2751,2021-12,pending,,,,,,,,,,,,,,,,,False,
3449,nanchang,g00135x00114,nanchang_station_2644f8281b00,2021-12,gsc_pending,poi+population+viirs,,,,,,,,,,,,,,,,False,same_city:No treated unit is inside explicit donor common support
3450,nanchang,g00139x00115,nanchang_station_5a6a2c64dbbc,2021-12,pending,,,,,,,,,,,,,,,,,False,
3451,nanchang,g00140x00117,nanchang_station_9f2d3f285bde,2021-12,pending,,,,,,,,,,,,,,,,,False,
3452,nanchang,g00140x00131,nanchang_station_2ebf882a5a00,2021-12,matched,poi+population+viirs,Matching::Match_M1,same_city,nanchang,g00114x00106,nanchang::g00114x00106,9715.0,1.0,12.0,6.0,1.96718645922407,0.623266247743631,1.24378042162939,2.80017789773622,0.94111332758893,1.93165645194088,False,
3453,nanchang,g00142x00121,nanchang_station_a53a9b091646,2021-12,pending,,,,,,,,,,,,,,,,,False,
3454,nanchang,g00142x00123,nanchang_station_9e90e9fd09e3,2021-12,pending,,,,,,,,,,,,,,,,,False,
3455,nanchang,g00142x00126,nanchang_station_93dc20da152a,2021-12,pending,,,,,,,,,,,,,,,,,False,
3456,nanchang,g00142x00128,nanchang_station_269ea65d1727,2021-12,pending,,,,,,,,,,,,,,,,,False,
3457,wuhan,g00091x00087,wuhan_station_5192d0bd5b4b,2021-12,pending,,,,,,,,,,,,,,,,,False,
3458,wuhan,g00096x00089,wuhan_station_914be7412a2e,2021-12,pending,,,,,,,,,,,,,,,,,False,
3459,wuhan,g00097x00091,wuhan_station_0fe2b7c2c4d3,2021-12,pending,,,,,,,,,,,,,,,,,False,
3460,wuhan,g00099x00093,wuhan_station_8c8492def84e,2021-12,pending,,,,,,,,,,,,,,,,,False,
3461,wuhan,g00103x00098,wuhan_station_99a8361ca82c,2021-12,pending,,,,,,,,,,,,,,,,,False,
3462,wuhan,g00107x00106,wuhan_station_1606ee99c21e,2021-12,pending,,,,,,,,,,,,,,,,,False,
3463,wuhan,g00110x00108,wuhan_station_1ed09c89a55a,2021-12,pending,,,,,,,,,,,,,,,,,False,
3464,wuhan,g00113x00111,wuhan_station_bdb4ca347823,2021-12,pending,,,,,,,,,,,,,,,,,False,
3465,wuhan,g00123x00132,wuhan_station_f1de424d4349,2021-12,pending,,,,,,,,,,,,,,,,,False,
3466,wuhan,g00126x00120,wuhan_station_4110d7bbb5e4,2021-12,pending,,,,,,,,,,,,,,,,,False,
3467,wuhan,g00127x00137,wuhan_station_22e3376624df,2021-12,pending,,,,,,,,,,,,,,,,,False,
3468,wuhan,g00129x00123,wuhan_station_e02d22847c54,2021-12,pending,,,,,,,,,,,,,,,,,False,
3469,wuhan,g00132x00124,wuhan_station_f52cbd00404e,2021-12,pending,,,,,,,,,,,,,,,,,False,
3470,wuhan,g00133x00137,wuhan_station_7b91cc818798,2021-12,pending,,,,,,,,,,,,,,,,,False,
3471,wuhan,g00135x00126,wuhan_station_d203f2df4870,2021-12,pending,,,,,,,,,,,,,,,,,False,
3472,wuhan,g00136x00138,wuhan_station_b7034246a589,2021-12,pending,,,,,,,,,,,,,,,,,False,
3473,wuhan,g00138x00139,wuhan_station_3b254a9176a8,2021-12,pending,,,,,,,,,,,,,,,,,False,
3474,wuhan,g00141x00139,wuhan_station_44e6d8afa5bf,2021-12,pending,,,,,,,,,,,,,,,,,False,
3475,wuhan,g00143x00139,wuhan_station_f739a9d49ea1,2021-12,gsc_pending,poi+population+viirs,,,,,,,,,,,,,,,,False,same_city:No treated unit is inside explicit donor common support
3476,wuhan,g00144x00139,wuhan_station_2c25231e8976,2021-12,pending,,,,,,,,,,,,,,,,,False,
3477,wuhan,g00146x00140,wuhan_station_a6011bfa67cf,2021-12,pending,,,,,,,,,,,,,,,,,False,
3478,wuhan,g00147x00141,wuhan_station_fc78b8f6e53f,2021-12,pending,,,,,,,,,,,,,,,,,False,
3479,wuhan,g00149x00142,wuhan_station_b620b03a9651,2021-12,pending,,,,,,,,,,,,,,,,,False,
3480,wuhan,g00151x00144,wuhan_station_ef37c8739aee,2021-12,pending,,,,,,,,,,,,,,,,,False,
3481,wuhan,g00155x00147,wuhan_station_83a2973df2fc,2021-12,pending,,,,,,,,,,,,,,,,,False,
3482,wuhan,g00157x00149,wuhan_station_51615af1588b,2021-12,pending,,,,,,,,,,,,,,,,,False,
3483,wuhan,g00158x00165,wuhan_station_d45ee0d53a86,2021-12,pending,,,,,,,,,,,,,,,,,False,
3484,wuhan,g00159x00152,wuhan_station_82efe655b195,2021-12,matched,poi+population+viirs,Matching::Match_M1,same_city,wuhan,g00136x00110,wuhan::g00136x00110,24909.0,1.0,12.0,6.0,1.535886811599,0.314579396513799,0.59082762467716,2.39010108180194,1.03432725727915,2.24715113149373,False,
3485,wuhan,g00159x00166,wuhan_station_7d0f772fb873,2021-12,pending,,,,,,,,,,,,,,,,,False,
3486,wuhan,g00161x00154,wuhan_station_7c58c9b90744,2021-12,gsc_pending,poi+population+viirs,,,,,,,,,,,,,,,,False,same_city:No treated unit is inside explicit donor common support
3487,wuhan,g00162x00156,wuhan_station_13f4995f6b7b,2021-12,pending,,,,,,,,,,,,,,,,,False,
3488,wuhan,g00162x00163,wuhan_station_540109b469d1,2021-12,pending,,,,,,,,,,,,,,,,,False,
3489,wuhan,g00163x00105,wuhan_station_631c088730e4,2021-12,matched,poi+population+viirs,Matching::Match_M1,same_city,wuhan,g00106x00119,wuhan::g00106x00119,24909.0,1.0,12.0,6.0,1.94761797390221,0.431655475096795,0.847588432257025,2.39010108180194,1.03432725727915,2.24715113149373,False,
3490,wuhan,g00164x00103,wuhan_station_47374f6f328b,2021-12,pending,,,,,,,,,,,,,,,,,False,
3491,wuhan,g00164x00108,wuhan_station_0363d529f16f,2021-12,pending,,,,,,,,,,,,,,,,,False,
3492,wuhan,g00164x00111,wuhan_station_7c70df81ca70,2021-12,pending,,,,,,,,,,,,,,,,,False,
3493,wuhan,g00164x00114,wuhan_station_93cb24524350,2021-12,pending,,,,,,,,,,,,,,,,,False,
3494,wuhan,g00164x00159,wuhan_station_1325fcda132c,2021-12,matched,poi+population+viirs,Matching::Match_M1,same_city,wuhan,g00160x00158,wuhan::g00160x00158,24909.0,1.0,12.0,6.0,1.84584539390817,0.319714850608015,0.648706111420124,2.39010108180194,1.03432725727915,2.24715113149373,False,
3495,wuhan,g00165x00162,wuhan_station_f574f8783962,2021-12,pending,,,,,,,,,,,,,,,,,False,
3496,dalian,g00117x00138,dalian_station_1a8665d1173a,2021-12,pending,,,,,,,,,,,,,,,,,False,
3497,dalian,g00122x00137,dalian_station_6fed5de5fb01,2021-12,pending,,,,,,,,,,,,,,,,,False,
3498,dalian,g00137x00143,dalian_station_006a483bc0b2,2021-12,pending,,,,,,,,,,,,,,,,,False,
3499,dalian,g00151x00149,dalian_station_d07e2f84f088,2021-12,pending,,,,,,,,,,,,,,,,,False,
3500,dalian,g00158x00152,dalian_station_32319f5c4858,2021-12,pending,,,,,,,,,,,,,,,,,False,
3501,dalian,g00158x00156,dalian_station_af865c859aba,2021-12,pending,,,,,,,,,,,,,,,,,False,
3502,dalian,g00163x00162,dalian_station_14ff71f52279,2021-12,pending,,,,,,,,,,,,,,,,,False,
3503,dalian,g00164x00169,dalian_station_f915f9c3a732,2021-12,gsc_pending,poi+population+viirs,,,,,,,,,,,,,,,,False,same_city:preonly_placebo_quality_gate_failed
3504,dalian,g00167x00171,dalian_station_bc01a461cc14,2021-12,gsc_pending,poi+population+viirs,,,,,,,,,,,,,,,,False,same_city:preonly_placebo_quality_gate_failed
3505,dalian,g00170x00171,dalian_station_d5cee3b31f6a,2021-12,pending,,,,,,,,,,,,,,,,,False,
3506,dalian,g00174x00167,dalian_station_65c84f42f374,2021-12,pending,,,,,,,,,,,,,,,,,False,
3507,foshan,g00096x00145,foshan_station_07cce736f111,2021-12,pending,,,,,,,,,,,,,,,,,False,
3508,foshan,g00097x00184,foshan_station_341b8403853d,2021-12,pending,,,,,,,,,,,,,,,,,False,
3509,foshan,g00099x00171,foshan_station_9d16318f0e61,2021-12,matched,poi+population+viirs,Matching::Match_M1,same_city,foshan,g00115x00153,foshan::g00115x00153,19015.0,1.0,12.0,6.0,0.861314994410601,0.174491303682161,0.34430624167938,2.20141745372401,0.788951696615838,1.49177140613316,False,
3510,foshan,g00100x00163,foshan_station_19755b479956,2021-12,pending,,,,,,,,,,,,,,,,,False,
3511,foshan,g00101x00146,foshan_station_98f3d85ee15d,2021-12,pending,,,,,,,,,,,,,,,,,False,
3512,nanjing,g00176x00171,nanjing_station_c157029be84e,2021-12,pending,,,,,,,,,,,,,,,,,False,
3513,nanjing,g00181x00172,nanjing_station_bc68e21533a0,2021-12,pending,,,,,,,,,,,,,,,,,False,
3514,nanjing,g00184x00076,nanjing_station_d78e376b5e1f,2021-12,pending,,,,,,,,,,,,,,,,,False,
3515,nanjing,g00184x00078,nanjing_station_cab788f872e8,2021-12,pending,,,,,,,,,,,,,,,,,False,
3516,nanjing,g00187x00173,nanjing_station_6aed3ab83699,2021-12,pending,,,,,,,,,,,,,,,,,False,
3517,nanjing,g00200x00148,nanjing_station_4fb1f922c8bf,2021-12,pending,,,,,,,,,,,,,,,,,False,
3518,nanjing,g00204x00129,nanjing_station_0d8fd6eb8c67,2021-12,pending,,,,,,,,,,,,,,,,,False,
3519,nanjing,g00204x00140,nanjing_station_678dc06d79cc,2021-12,pending,,,,,,,,,,,,,,,,,False,
3520,nanjing,g00204x00151,nanjing_station_afe4babe874c,2021-12,gsc_pending,poi+population+viirs,,,,,,,,,,,,,,,,False,same_city:No treated unit is inside explicit donor common support
3521,nanjing,g00206x00146,nanjing_station_4bc175ac71b4,2021-12,gsc_pending,poi+population+viirs,,,,,,,,,,,,,,,,False,same_city:preonly_placebo_quality_gate_failed
3522,ningbo,g00252x00159,ningbo_station_f7a9b5e6289a,2021-12,matched,poi+population+viirs,Matching::Match_M1,same_city,ningbo,g00252x00143,ningbo::g00252x00143,22576.0,1.0,12.0,6.0,1.53418371400314,0.270950029943805,0.49966178463442,2.31616343205304,0.867445439985672,1.6406992108267,False,
3523,ningbo,g00253x00157,ningbo_station_045b501aec1a,2021-12,pending,,,,,,,,,,,,,,,,,False,
3524,ningbo,g00253x00161,ningbo_station_6f22e07578bb,2021-12,pending,,,,,,,,,,,,,,,,,False,
3525,ningbo,g00255x00139,ningbo_station_7594eb13af0c,2021-12,pending,,,,,,,,,,,,,,,,,False,
3526,ningbo,g00255x00142,ningbo_station_8493f130efd6,2021-12,pending,,,,,,,,,,,,,,,,,False,
3527,ningbo,g00255x00162,ningbo_station_79a481bd5580,2021-12,pending,,,,,,,,,,,,,,,,,False,
3528,ningbo,g00258x00137,ningbo_station_94a2a0fb8204,2021-12,pending,,,,,,,,,,,,,,,,,False,
3529,ningbo,g00258x00162,ningbo_station_712d85d9a892,2021-12,pending,,,,,,,,,,,,,,,,,False,
3530,ningbo,g00260x00136,ningbo_station_1a2148e0c2fe,2021-12,gsc_pending,population+viirs,,,,,,,,,,,,,,,,False,same_city:preonly_placebo_quality_gate_failed
3531,ningbo,g00261x00163,ningbo_station_19f727b1348c,2021-12,pending,,,,,,,,,,,,,,,,,False,
3532,ningbo,g00262x00163,ningbo_station_69b7b5800e06,2021-12,pending,,,,,,,,,,,,,,,,,False,
3533,ningbo,g00265x00164,ningbo_station_524996e34871,2021-12,pending,,,,,,,,,,,,,,,,,False,
3534,ningbo,g00270x00165,ningbo_station_ac51f2dfab1e,2021-12,pending,,,,,,,,,,,,,,,,,False,
3535,ningbo,g00274x00165,ningbo_station_b5350682c115,2021-12,pending,,,,,,,,,,,,,,,,,False,
3536,ningbo,g00276x00164,ningbo_station_f10153862400,2021-12,pending,,,,,,,,,,,,,,,,,False,
3537,shenzhen,g00211x00043,shenzhen_station_d7f84402ff6a,2021-12,gsc_pending,poi+population+viirs,,,,,,,,,,,,,,,,False,same_city:preonly_placebo_quality_gate_failed
3538,tianjin,g00114x00129,tianjin_station_7d439cea7fc7,2021-12,pending,,,,,,,,,,,,,,,,,False,
3539,tianjin,g00114x00133,tianjin_station_97b1b2522352,2021-12,pending,,,,,,,,,,,,,,,,,False,
3540,tianjin,g00114x00135,tianjin_station_4b4950f0724f,2021-12,pending,,,,,,,,,,,,,,,,,False,
3541,tianjin,g00115x00127,tianjin_station_625d78c76f74,2021-12,pending,,,,,,,,,,,,,,,,,False,
3542,tianjin,g00116x00125,tianjin_station_7b88f34ac4e9,2021-12,pending,,,,,,,,,,,,,,,,,False,
3543,tianjin,g00120x00121,tianjin_station_80bca5dbb17a,2021-12,pending,,,,,,,,,,,,,,,,,False,
3544,tianjin,g00122x00120,tianjin_station_e43f63660614,2021-12,pending,,,,,,,,,,,,,,,,,False,
3545,tianjin,g00125x00119,tianjin_station_0861376ab9f9,2021-12,pending,,,,,,,,,,,,,,,,,False,
3546,tianjin,g00128x00117,tianjin_station_d5f56bc05235,2021-12,pending,,,,,,,,,,,,,,,,,False,
3547,tianjin,g00141x00135,tianjin_station_4ea5ed2d5023,2021-12,pending,,,,,,,,,,,,,,,,,False,
3548,tianjin,g00142x00131,tianjin_station_eebf3cc22ecc,2021-12,matched,poi+population+viirs,Matching::Match_M1,same_city,tianjin,g00096x00098,tianjin::g00096x00098,24638.0,1.0,12.0,6.0,1.41404992285047,0.540957654881849,0.743264622174757,2.37108654603718,0.925606441879473,1.79372402838461,False,
3549,tianjin,g00143x00126,tianjin_station_d2534cb13e3a,2021-12,pending,,,,,,,,,,,,,,,,,False,
3550,tianjin,g00143x00128,tianjin_station_8e6ba97604ac,2021-12,pending,,,,,,,,,,,,,,,,,False,
3551,tianjin,g00144x00109,tianjin_station_2ef8aac17951,2021-12,pending,,,,,,,,,,,,,,,,,False,
3552,tianjin,g00144x00110,tianjin_station_4d7907002520,2021-12,pending,,,,,,,,,,,,,,,,,False,
3553,tianjin,g00144x00117,tianjin_station_def95ccadc15,2021-12,matched,poi+population+viirs,Matching::Match_M1,same_city,tianjin,g00117x00137,tianjin::g00117x00137,24638.0,1.0,12.0,6.0,0.767981890200087,0.0922141282783819,0.148622848066154,2.37108654603718,0.925606441879473,1.79372402838461,False,
3554,tianjin,g00145x00115,tianjin_station_f3549b7d0dc6,2021-12,gsc_pending,poi+population+viirs,,,,,,,,,,,,,,,,False,same_city:No treated unit is inside explicit donor common support
3555,tianjin,g00146x00106,tianjin_station_dbc7acded54b,2021-12,pending,,,,,,,,,,,,,,,,,False,
3556,tianjin,g00147x00104,tianjin_station_674f1a13afde,2021-12,pending,,,,,,,,,,,,,,,,,False,
3557,tianjin,g00148x00104,tianjin_station_744703356653,2021-12,pending,,,,,,,,,,,,,,,,,False,
3558,qingdao,g00124x00141,qingdao_station_b88bd89cda53,2021-12,matched,poi+population+viirs,Matching::Match_M1,same_city,qingdao,g00226x00199,qingdao::g00226x00199,21127.0,1.0,12.0,6.0,1.13672972749848,0.436897125842379,0.999599621485445,2.61677568874706,0.928291502922112,1.81137699467712,False,
3559,qingdao,g00124x00143,qingdao_station_b8c6c38e98fd,2021-12,pending,,,,,,,,,,,,,,,,,False,
3560,qingdao,g00125x00145,qingdao_station_cb3e4e7533fb,2021-12,pending,,,,,,,,,,,,,,,,,False,
3561,qingdao,g00127x00148,qingdao_station_4ebe374b3ce6,2021-12,pending,,,,,,,,,,,,,,,,,False,
3562,qingdao,g00128x00152,qingdao_station_812a4dec28f2,2021-12,pending,,,,,,,,,,,,,,,,,False,
3563,qingdao,g00129x00153,qingdao_station_5f38f094c53a,2021-12,pending,,,,,,,,,,,,,,,,,False,
3564,qingdao,g00130x00154,qingdao_station_8c2510e71d26,2021-12,pending,,,,,,,,,,,,,,,,,False,
3565,qingdao,g00130x00156,qingdao_station_2fab3095e068,2021-12,matched,housing+poi+population+viirs,Matching::Match_M1,same_city,qingdao,g00175x00202,qingdao::g00175x00202,300.0,1.0,14.0,7.0,2.27738088726004,0.602159799012784,1.07526973786104,4.82311216848731,1.43333379554728,2.7456907191565,False,
3566,qingdao,g00131x00160,qingdao_station_efcbfef89b2b,2021-12,pending,,,,,,,,,,,,,,,,,False,
3567,qingdao,g00133x00164,qingdao_station_a7418b64e4a4,2021-12,pending,,,,,,,,,,,,,,,,,False,
3568,qingdao,g00136x00165,qingdao_station_d19f9cdb843a,2021-12,pending,,,,,,,,,,,,,,,,,False,
3569,qingdao,g00149x00167,qingdao_station_2b145b6f488e,2021-12,pending,,,,,,,,,,,,,,,,,False,
3570,qingdao,g00152x00171,qingdao_station_2e2b6c250112,2021-12,pending,,,,,,,,,,,,,,,,,False,
3571,qingdao,g00152x00172,qingdao_station_06c171f19174,2021-12,pending,,,,,,,,,,,,,,,,,False,
3572,qingdao,g00152x00175,qingdao_station_681052ed2733,2021-12,pending,,,,,,,,,,,,,,,,,False,
3573,qingdao,g00157x00178,qingdao_station_e5a1016b637b,2021-12,pending,,,,,,,,,,,,,,,,,False,
3574,qingdao,g00159x00178,qingdao_station_d9547431b95b,2021-12,pending,,,,,,,,,,,,,,,,,False,
3575,qingdao,g00161x00178,qingdao_station_20f80023473f,2021-12,pending,,,,,,,,,,,,,,,,,False,
3576,qingdao,g00164x00180,qingdao_station_095ce33793a8,2021-12,pending,,,,,,,,,,,,,,,,,False,
3577,qingdao,g00167x00181,qingdao_station_a70e5f5915f3,2021-12,pending,,,,,,,,,,,,,,,,,False,
3578,qingdao,g00171x00181,qingdao_station_1fe2d2ee46b3,2021-12,pending,,,,,,,,,,,,,,,,,False,
3579,shanghai,g00128x00158,shanghai_station_15749456f8ea,2021-12,matched,poi+population+viirs,Matching::Match_M1,same_city,shanghai,g00136x00118,shanghai::g00136x00118,26124.0,1.0,12.0,6.0,1.07317850409288,0.476428165021013,0.923542465557014,2.34778689197732,0.901806481773913,1.57775521750148,False,
3580,shanghai,g00131x00157,shanghai_station_fa9b623b05b2,2021-12,pending,,,,,,,,,,,,,,,,,False,
3581,shanghai,g00133x00157,shanghai_station_b35623f5841e,2021-12,pending,,,,,,,,,,,,,,,,,False,
3582,shanghai,g00136x00156,shanghai_station_70a8f7b5b9e5,2021-12,pending,,,,,,,,,,,,,,,,,False,
3583,shanghai,g00140x00135,shanghai_station_2d617dc544a3,2021-12,pending,,,,,,,,,,,,,,,,,False,
3584,shanghai,g00140x00140,shanghai_station_f245f9a0618d,2021-12,pending,,,,,,,,,,,,,,,,,False,
3585,shanghai,g00140x00155,shanghai_station_0863818ccc69,2021-12,pending,,,,,,,,,,,,,,,,,False,
3586,shanghai,g00141x00133,shanghai_station_c7efd374f11d,2021-12,pending,,,,,,,,,,,,,,,,,False,
3587,shanghai,g00141x00141,shanghai_station_0ea38939b2a0,2021-12,pending,,,,,,,,,,,,,,,,,False,
3588,shanghai,g00141x00143,shanghai_station_4cface5e95e9,2021-12,pending,,,,,,,,,,,,,,,,,False,
3589,shanghai,g00141x00155,shanghai_station_b9dc09573d8d,2021-12,matched,poi+population+viirs,Matching::Match_M1,same_city,shanghai,g00165x00138,shanghai::g00165x00138,26124.0,1.0,12.0,6.0,2.09126774220828,0.53578066510278,0.923281050875504,2.34778689197732,0.901806481773913,1.57775521750148,False,
3590,shanghai,g00142x00163,shanghai_station_dd593e91133d,2021-12,pending,,,,,,,,,,,,,,,,,False,
3591,shanghai,g00143x00132,shanghai_station_591edb66a6dc,2021-12,pending,,,,,,,,,,,,,,,,,False,
3592,shanghai,g00143x00146,shanghai_station_ec452d574357,2021-12,pending,,,,,,,,,,,,,,,,,False,
3593,shanghai,g00143x00154,shanghai_station_15724dfdff08,2021-12,matched,poi+population+viirs,Matching::Match_M1,same_city,shanghai,g00137x00119,shanghai::g00137x00119,26124.0,1.0,12.0,6.0,1.16716996128597,0.229253683292311,0.347948778992132,2.34778689197732,0.901806481773913,1.57775521750148,False,
3594,shanghai,g00143x00165,shanghai_station_8e37c8d103d9,2021-12,pending,,,,,,,,,,,,,,,,,False,
3595,shanghai,g00144x00130,shanghai_station_e923718e9f45,2021-12,pending,,,,,,,,,,,,,,,,,False,
3596,shanghai,g00144x00148,shanghai_station_a533f535e40d,2021-12,pending,,,,,,,,,,,,,,,,,False,
3597,shanghai,g00144x00149,shanghai_station_c90610809949,2021-12,pending,,,,,,,,,,,,,,,,,False,
3598,shanghai,g00144x00151,shanghai_station_98baf67162fa,2021-12,matched,housing+poi+population+viirs,Matching::Match_M1,same_city,shanghai,g00132x00124,shanghai::g00132x00124,685.0,1.0,14.0,7.0,1.80724776486692,0.455016161857148,0.628143808856017,4.24771910484121,1.23371745419625,2.16224754542427,False,
3599,shanghai,g00144x00160,shanghai_station_66bb53d44eba,2021-12,pending,,,,,,,,,,,,,,,,,False,
3600,shanghai,g00144x00167,shanghai_station_54d974055e43,2021-12,pending,,,,,,,,,,,,,,,,,False,
3601,shanghai,g00144x00170,shanghai_station_6d069db5befc,2021-12,pending,,,,,,,,,,,,,,,,,False,
3602,shanghai,g00145x00129,shanghai_station_a501da47c117,2021-12,pending,,,,,,,,,,,,,,,,,False,
3603,shanghai,g00145x00153,shanghai_station_1006ba8a75c0,2021-12,matched,housing+poi+population+viirs,Matching::Match_M1,same_city,shanghai,g00121x00136,shanghai::g00121x00136,685.0,1.0,14.0,7.0,2.30711423250792,0.472335420298158,1.02905541897427,4.24771910484121,1.23371745419625,2.16224754542427,False,
3604,shanghai,g00146x00155,shanghai_station_87b55fb43fbb,2021-12,pending,,,,,,,,,,,,,,,,,False,
3605,shanghai,g00146x00159,shanghai_station_d1faae98ac32,2021-12,pending,,,,,,,,,,,,,,,,,False,
3606,shanghai,g00146x00171,shanghai_station_9e70b4f3dfc4,2021-12,pending,,,,,,,,,,,,,,,,,False,
3607,shanghai,g00147x00123,shanghai_station_7f77339f32d8,2021-12,pending,,,,,,,,,,,,,,,,,False,
3608,shanghai,g00147x00128,shanghai_station_6befa43ad14a,2021-12,pending,,,,,,,,,,,,,,,,,False,
3609,shanghai,g00147x00151,shanghai_station_c73a88255b1f,2021-12,matched,poi+population+viirs,Matching::Match_M1,same_city,shanghai,g00153x00139,shanghai::g00153x00139,26124.0,1.0,12.0,6.0,0.95402372416104,0.172398614129102,0.306385366611917,2.34778689197732,0.901806481773913,1.57775521750148,False,
3610,shanghai,g00148x00119,shanghai_station_0e5da2314ad7,2021-12,pending,,,,,,,,,,,,,,,,,False,
3611,shanghai,g00148x00121,shanghai_station_b6221e323265,2021-12,pending,,,,,,,,,,,,,,,,,False,
3612,shanghai,g00148x00151,shanghai_station_01b3c4334d45,2021-12,matched,housing+poi+population+viirs,Matching::Match_M1,same_city,shanghai,g00156x00139,shanghai::g00156x00139,685.0,1.0,14.0,7.0,2.04623055812415,0.529379497021339,1.07159023231632,4.24771910484121,1.23371745419625,2.16224754542427,False,
3613,shanghai,g00149x00116,shanghai_station_a3e6c167cfe0,2021-12,pending,,,,,,,,,,,,,,,,,False,
3614,shanghai,g00149x00150,shanghai_station_0cfc48307cc5,2021-12,pending,,,,,,,,,,,,,,,,,False,
3615,shanghai,g00150x00110,shanghai_station_b4ea9856d12a,2021-12,pending,,,,,,,,,,,,,,,,,False,
3616,shanghai,g00150x00113,shanghai_station_54f9ebb68b3a,2021-12,pending,,,,,,,,,,,,,,,,,False,
3617,shanghai,g00151x00107,shanghai_station_25cdd1f9a802,2021-12,pending,,,,,,,,,,,,,,,,,False,
3618,shanghai,g00152x00149,shanghai_station_401e9225468a,2021-12,pending,,,,,,,,,,,,,,,,,False,
3619,shanghai,g00154x00149,shanghai_station_99262fddfd21,2021-12,matched,housing+poi+population+viirs,Matching::Match_M1,same_city,shanghai,g00121x00136,shanghai::g00121x00136,685.0,1.0,14.0,7.0,2.15904005360979,0.654594623453413,1.17332559188073,4.24771910484121,1.23371745419625,2.16224754542427,False,
3620,shanghai,g00155x00147,shanghai_station_829006861c40,2021-12,pending,,,,,,,,,,,,,,,,,False,
3621,shanghai,g00156x00145,shanghai_station_3aff1cfacf4d,2021-12,pending,,,,,,,,,,,,,,,,,False,
3622,shanghai,g00159x00145,shanghai_station_605e3d2b97f5,2021-12,pending,,,,,,,,,,,,,,,,,False,
3623,shanghai,g00162x00145,shanghai_station_a214f2f8eeb1,2021-12,pending,,,,,,,,,,,,,,,,,False,
3624,shanghai,g00164x00144,shanghai_station_dea4de0f23ae,2021-12,pending,,,,,,,,,,,,,,,,,False,
3625,beijing,g00095x00225,beijing_station_aa29aa3c95ab,2021-12,pending,,,,,,,,,,,,,,,,,False,
3626,beijing,g00097x00222,beijing_station_3c0cf2943eb2,2021-12,pending,,,,,,,,,,,,,,,,,False,
3627,beijing,g00098x00219,beijing_station_b583bfba5011,2021-12,pending,,,,,,,,,,,,,,,,,False,
3628,beijing,g00100x00215,beijing_station_86e7d19ef162,2021-12,pending,,,,,,,,,,,,,,,,,False,
3629,beijing,g00102x00180,beijing_station_32bef5c2e6e2,2021-12,pending,,,,,,,,,,,,,,,,,False,
3630,beijing,g00106x00205,beijing_station_cf085607136e,2021-12,pending,,,,,,,,,,,,,,,,,False,
3631,beijing,g00109x00202,beijing_station_0a4e9902949b,2021-12,gsc_pending,poi+population+viirs,,,,,,,,,,,,,,,,False,same_city:preonly_placebo_quality_gate_failed
3632,beijing,g00110x00181,beijing_station_a50c9af7d76a,2021-12,pending,,,,,,,,,,,,,,,,,False,
3633,beijing,g00110x00183,beijing_station_0c5d858f4dea,2021-12,pending,,,,,,,,,,,,,,,,,False,
3634,beijing,g00111x00176,beijing_station_6dfe759277cb,2021-12,gsc_pending,housing+poi+population+viirs,,,,,,,,,,,,,,,,False,same_city:No treated unit is inside explicit donor common support
3635,beijing,g00111x00177,beijing_station_07090491f713,2021-12,pending,,,,,,,,,,,,,,,,,False,
3636,beijing,g00111x00179,beijing_station_5058a84e12d6,2021-12,pending,,,,,,,,,,,,,,,,,False,
3637,beijing,g00117x00183,beijing_station_72bf5f055f50,2021-12,pending,,,,,,,,,,,,,,,,,False,
3638,beijing,g00121x00149,beijing_station_301761db6f14,2021-12,pending,,,,,,,,,,,,,,,,,False,
3639,beijing,g00122x00149,beijing_station_c00cc1814ea8,2021-12,pending,,,,,,,,,,,,,,,,,False,
3640,beijing,g00122x00178,beijing_station_126a3832e401,2021-12,pending,,,,,,,,,,,,,,,,,False,
3641,beijing,g00122x00191,beijing_station_50b4f9e76e2f,2021-12,pending,,,,,,,,,,,,,,,,,False,
3642,changchun,g00190x00230,changchun_station_1495896d29ab,2021-12,pending,,,,,,,,,,,,,,,,,False,
3643,chongqing,g00330x00252,chongqing_station_bd7834416dcf,2022-01,pending,,,,,,,,,,,,,,,,,False,
3644,chongqing,g00330x00254,chongqing_station_541f37c50bf8,2022-01,pending,,,,,,,,,,,,,,,,,False,
3645,chongqing,g00334x00258,chongqing_station_7a59abff0a06,2022-01,pending,,,,,,,,,,,,,,,,,False,
3646,chongqing,g00335x00266,chongqing_station_80773c632a5d,2022-01,pending,,,,,,,,,,,,,,,,,False,
3647,chongqing,g00340x00267,chongqing_station_f390f5b56a2c,2022-01,pending,,,,,,,,,,,,,,,,,False,
3648,chongqing,g00346x00272,chongqing_station_f9cd06e0b4d3,2022-01,pending,,,,,,,,,,,,,,,,,False,
3649,chongqing,g00349x00272,chongqing_station_e8a217a6d619,2022-01,gsc_pending,poi+population+viirs,,,,,,,,,,,,,,,,False,same_city:preonly_placebo_quality_gate_failed
3650,chongqing,g00352x00274,chongqing_station_4f5516d7e580,2022-01,pending,,,,,,,,,,,,,,,,,False,
3651,chongqing,g00354x00276,chongqing_station_57a9f4acca0f,2022-01,pending,,,,,,,,,,,,,,,,,False,
3652,chongqing,g00360x00273,chongqing_station_daaacf65ae2f,2022-01,pending,,,,,,,,,,,,,,,,,False,
3653,hangzhou,g00249x00374,hangzhou_station_2944cd151e3f,2022-02,pending,,,,,,,,,,,,,,,,,False,
3654,hangzhou,g00252x00374,hangzhou_station_b08826fbbdee,2022-02,pending,,,,,,,,,,,,,,,,,False,
3655,hangzhou,g00252x00380,hangzhou_station_2f83e4e4ebdc,2022-02,pending,,,,,,,,,,,,,,,,,False,
3656,hangzhou,g00254x00378,hangzhou_station_b40f5aeebce7,2022-02,pending,,,,,,,,,,,,,,,,,False,
3657,hangzhou,g00255x00374,hangzhou_station_a980ced7bcf1,2022-02,gsc_pending,housing+poi+population+viirs,,,,,,,,,,,,,,,,False,same_city:No treated unit is inside explicit donor common support
3658,hangzhou,g00255x00393,hangzhou_station_dd8066dc9d5a,2022-02,pending,,,,,,,,,,,,,,,,,False,
3659,hangzhou,g00256x00378,hangzhou_station_a6347ec8cd6c,2022-02,pending,,,,,,,,,,,,,,,,,False,
3660,hangzhou,g00258x00371,hangzhou_station_1a27f4827d6b,2022-02,gsc_pending,housing+poi+population+viirs,,,,,,,,,,,,,,,,False,same_city:No treated unit is inside explicit donor common support
3661,hangzhou,g00259x00384,hangzhou_station_e92e63697031,2022-02,gsc_pending,housing+poi+population+viirs,,,,,,,,,,,,,,,,False,same_city:No treated unit is inside explicit donor common support
3662,hangzhou,g00259x00388,hangzhou_station_8d44af5c9f06,2022-02,pending,,,,,,,,,,,,,,,,,False,
3663,hangzhou,g00259x00392,hangzhou_station_bbd3e16faa13,2022-02,pending,,,,,,,,,,,,,,,,,False,
3664,hangzhou,g00260x00372,hangzhou_station_81e9a25da2a3,2022-02,pending,,,,,,,,,,,,,,,,,False,
3665,hangzhou,g00261x00383,hangzhou_station_081de3a041e7,2022-02,gsc_pending,housing+poi+population+viirs,,,,,,,,,,,,,,,,False,same_city:No treated unit is inside explicit donor common support
3666,hangzhou,g00262x00386,hangzhou_station_c1c558cc45c8,2022-02,pending,,,,,,,,,,,,,,,,,False,
3667,hangzhou,g00263x00372,hangzhou_station_68aa4d5fae61,2022-02,pending,,,,,,,,,,,,,,,,,False,
3668,hangzhou,g00263x00384,hangzhou_station_1d9163bf7ab9,2022-02,pending,,,,,,,,,,,,,,,,,False,
3669,hangzhou,g00263x00389,hangzhou_station_4293777ce356,2022-02,pending,,,,,,,,,,,,,,,,,False,
3670,hangzhou,g00264x00390,hangzhou_station_c64995e323e3,2022-02,pending,,,,,,,,,,,,,,,,,False,
3671,hangzhou,g00265x00392,hangzhou_station_df0f5fca3e28,2022-02,pending,,,,,,,,,,,,,,,,,False,
3672,hangzhou,g00266x00369,hangzhou_station_2fc594520b5c,2022-02,pending,,,,,,,,,,,,,,,,,False,
3673,hangzhou,g00266x00372,hangzhou_station_ffcd5a0cef45,2022-02,pending,,,,,,,,,,,,,,,,,False,
3674,hangzhou,g00266x00374,hangzhou_station_ad6cc0b75b16,2022-02,pending,,,,,,,,,,,,,,,,,False,
3675,hangzhou,g00266x00382,hangzhou_station_8fc13961c95b,2022-02,pending,,,,,,,,,,,,,,,,,False,
3676,hangzhou,g00266x00395,hangzhou_station_0b775126bff9,2022-02,pending,,,,,,,,,,,,,,,,,False,
3677,hangzhou,g00267x00377,hangzhou_station_bcd382e785d1,2022-02,matched,poi+population+viirs,Matching::Match_M1,same_city,hangzhou,g00284x00398,hangzhou::g00284x00398,34059.0,1.0,12.0,6.0,1.21705098632192,0.484004729036656,0.981293269038092,2.04830207042115,0.639588706973138,1.21544223268893,False,
3678,hangzhou,g00270x00395,hangzhou_station_316f0f168a61,2022-02,pending,,,,,,,,,,,,,,,,,False,
3679,hangzhou,g00272x00397,hangzhou_station_ee4be1f4bb5e,2022-02,pending,,,,,,,,,,,,,,,,,False,
3680,hangzhou,g00274x00400,hangzhou_station_488b40c4f6d5,2022-02,pending,,,,,,,,,,,,,,,,,False,
3681,zhengzhou,g00145x00203,zhengzhou_station_e09d653a31e3,2022-03,pending,,,,,,,,,,,,,,,,,False,
3682,zhengzhou,g00147x00203,zhengzhou_station_db5898774df4,2022-03,pending,,,,,,,,,,,,,,,,,False,
3683,guangzhou,g00105x00106,guangzhou_station_f7c8f055cd9e,2022-03,pending,,,,,,,,,,,,,,,,,False,
3684,guangzhou,g00112x00096,guangzhou_station_af917be5e412,2022-03,pending,,,,,,,,,,,,,,,,,False,
3685,guangzhou,g00116x00082,guangzhou_station_cf675bfd5e9f,2022-03,pending,,,,,,,,,,,,,,,,,False,
3686,guangzhou,g00121x00081,guangzhou_station_e2f61a72908f,2022-03,matched,poi+population+viirs,Matching::Match_M1,same_city,guangzhou,g00099x00086,guangzhou::g00099x00086,24701.0,1.0,12.0,6.0,2.02708067432332,0.340138830052174,0.687299472047973,2.1945686805034,0.615067483747934,1.1287667570027,False,
3687,hangzhou,g00241x00380,hangzhou_station_005e4a865097,2022-04,pending,,,,,,,,,,,,,,,,,False,
3688,hangzhou,g00242x00388,hangzhou_station_89ac25b8b1cc,2022-04,pending,,,,,,,,,,,,,,,,,False,
3689,hangzhou,g00243x00389,hangzhou_station_1c75eb855b1e,2022-04,pending,,,,,,,,,,,,,,,,,False,
3690,hangzhou,g00248x00384,hangzhou_station_d1ca469783eb,2022-04,pending,,,,,,,,,,,,,,,,,False,
3691,hangzhou,g00248x00395,hangzhou_station_92fbda2bfa4b,2022-04,pending,,,,,,,,,,,,,,,,,False,
3692,hangzhou,g00252x00400,hangzhou_station_e7ff259f86a8,2022-04,pending,,,,,,,,,,,,,,,,,False,
3693,hangzhou,g00255x00402,hangzhou_station_589e12f97ce0,2022-04,matched,housing+poi+population+viirs,Matching::Match_M1,same_city,hangzhou,g00259x00401,hangzhou::g00259x00401,386.0,1.0,14.0,7.0,1.69433447142394,0.351585159963965,0.632856968857849,4.28026092286911,1.35547064315445,2.42096372498547,False,
3694,fuzhou,g00220x00207,fuzhou_station_85965e400783,2022-04,pending,,,,,,,,,,,,,,,,,False,
3695,fuzhou,g00220x00209,fuzhou_station_c05216ac1503,2022-04,pending,,,,,,,,,,,,,,,,,False,
3696,fuzhou,g00220x00212,fuzhou_station_9893fd4b4f23,2022-04,matched,poi+population+viirs,Matching::Match_M1,same_city,fuzhou,g00254x00172,fuzhou::g00254x00172,18202.0,1.0,12.0,6.0,2.04755802303525,0.464613576618339,0.750363058123097,2.37013983226426,0.637278054304788,1.31674739286772,False,
3697,fuzhou,g00222x00206,fuzhou_station_1787bc18c54e,2022-04,pending,,,,,,,,,,,,,,,,,False,
3698,fuzhou,g00223x00200,fuzhou_station_c8ccc87edc0d,2022-04,pending,,,,,,,,,,,,,,,,,False,
3699,fuzhou,g00223x00204,fuzhou_station_4dce3f165c6d,2022-04,pending,,,,,,,,,,,,,,,,,False,
3700,fuzhou,g00224x00198,fuzhou_station_65f1a91c8ac6,2022-04,pending,,,,,,,,,,,,,,,,,False,
3701,fuzhou,g00226x00197,fuzhou_station_7781ae1a3be3,2022-04,pending,,,,,,,,,,,,,,,,,False,
3702,fuzhou,g00229x00197,fuzhou_station_f97fbf6e2ee4,2022-04,pending,,,,,,,,,,,,,,,,,False,
3703,fuzhou,g00231x00196,fuzhou_station_a31f5622fa63,2022-04,pending,,,,,,,,,,,,,,,,,False,
3704,fuzhou,g00232x00195,fuzhou_station_0f68911fe8c4,2022-04,pending,,,,,,,,,,,,,,,,,False,
3705,fuzhou,g00235x00193,fuzhou_station_4a9061bfbfd2,2022-04,pending,,,,,,,,,,,,,,,,,False,
3706,fuzhou,g00238x00192,fuzhou_station_cbc40514a86e,2022-04,matched,poi+population+viirs,Matching::Match_M1,same_city,fuzhou,g00251x00201,fuzhou::g00251x00201,18202.0,1.0,12.0,6.0,1.43787789655645,0.168081285051589,0.254962118696077,2.37013983226426,0.637278054304788,1.31674739286772,False,
3707,fuzhou,g00239x00191,fuzhou_station_84826e4b3c2c,2022-04,matched,poi+population+viirs,Matching::Match_M1,same_city,fuzhou,g00231x00200,fuzhou::g00231x00200,18202.0,1.0,12.0,6.0,1.18171139721855,0.160233091308206,0.342930657757159,2.37013983226426,0.637278054304788,1.31674739286772,False,
3708,fuzhou,g00242x00191,fuzhou_station_3b8158e712a1,2022-04,pending,,,,,,,,,,,,,,,,,False,
3709,fuzhou,g00247x00187,fuzhou_station_91d4fd8ed387,2022-04,pending,,,,,,,,,,,,,,,,,False,
3710,shaoxing,g00170x00156,shaoxing_station_9fe54a474b8a,2022-04,pending,,,,,,,,,,,,,,,,,False,
3711,shaoxing,g00172x00157,shaoxing_station_6a91fe18eb66,2022-04,gsc_pending,poi+population+viirs,,,,,,,,,,,,,,,,False,same_city:Fewer than three complete donors or missing treated feature row
3712,shaoxing,g00174x00157,shaoxing_station_a20153ed8a4e,2022-04,pending,,,,,,,,,,,,,,,,,False,
3713,shaoxing,g00177x00158,shaoxing_station_8f5b46c1b055,2022-04,pending,,,,,,,,,,,,,,,,,False,
3714,shaoxing,g00180x00158,shaoxing_station_8b14de2bf81a,2022-04,pending,,,,,,,,,,,,,,,,,False,
3715,shaoxing,g00182x00158,shaoxing_station_72b2352bc626,2022-04,pending,,,,,,,,,,,,,,,,,False,
3716,shaoxing,g00186x00158,shaoxing_station_a72290d5c9ee,2022-04,pending,,,,,,,,,,,,,,,,,False,
3717,shaoxing,g00189x00159,shaoxing_station_97ecb7de4742,2022-04,pending,,,,,,,,,,,,,,,,,False,
3718,shaoxing,g00191x00159,shaoxing_station_61cc36d83341,2022-04,pending,,,,,,,,,,,,,,,,,False,
3719,shaoxing,g00193x00159,shaoxing_station_7c6426b7f31c,2022-04,pending,,,,,,,,,,,,,,,,,False,
3720,shaoxing,g00196x00159,shaoxing_station_c86fab676fa2,2022-04,pending,,,,,,,,,,,,,,,,,False,
3721,shaoxing,g00199x00158,shaoxing_station_96095af67de9,2022-04,pending,,,,,,,,,,,,,,,,,False,
3722,shaoxing,g00200x00157,shaoxing_station_626fc1cae007,2022-04,gsc_pending,poi+population+viirs,,,,,,,,,,,,,,,,False,same_city:Fewer than three complete donors or missing treated feature row
3723,shaoxing,g00203x00147,shaoxing_station_ce15d6e3a741,2022-04,pending,,,,,,,,,,,,,,,,,False,
3724,shaoxing,g00205x00145,shaoxing_station_2d78f8dd1a98,2022-04,pending,,,,,,,,,,,,,,,,,False,
3725,shaoxing,g00206x00142,shaoxing_station_9c484b860f25,2022-04,gsc_pending,housing+poi+population,,,,,,,,,,,,,,,,False,same_city:Fewer than three complete donors or missing treated feature row
3726,foshan,g00085x00187,foshan_station_1661a4afd15f,2022-05,pending,,,,,,,,,,,,,,,,,False,
3727,foshan,g00088x00193,foshan_station_b34277476fce,2022-05,pending,,,,,,,,,,,,,,,,,False,
3728,hangzhou,g00234x00351,hangzhou_station_0041f0147c2b,2022-06,pending,,,,,,,,,,,,,,,,,False,
3729,hangzhou,g00236x00353,hangzhou_station_ef2ece001f41,2022-06,pending,,,,,,,,,,,,,,,,,False,
3730,hangzhou,g00238x00356,hangzhou_station_21598a600df2,2022-06,pending,,,,,,,,,,,,,,,,,False,
3731,hangzhou,g00242x00359,hangzhou_station_587aa8d1c19b,2022-06,pending,,,,,,,,,,,,,,,,,False,
3732,hangzhou,g00243x00351,hangzhou_station_c4094da501a6,2022-06,pending,,,,,,,,,,,,,,,,,False,
3733,hangzhou,g00243x00355,hangzhou_station_8513b714d03a,2022-06,pending,,,,,,,,,,,,,,,,,False,
3734,hangzhou,g00243x00359,hangzhou_station_c735d52cdbda,2022-06,pending,,,,,,,,,,,,,,,,,False,
3735,hangzhou,g00245x00361,hangzhou_station_bfbbd2db31a8,2022-06,pending,,,,,,,,,,,,,,,,,False,
3736,hangzhou,g00246x00364,hangzhou_station_bb0c7bf65789,2022-06,pending,,,,,,,,,,,,,,,,,False,
3737,hangzhou,g00246x00366,hangzhou_station_887e84747ff2,2022-06,pending,,,,,,,,,,,,,,,,,False,
3738,hangzhou,g00247x00369,hangzhou_station_43d0e89909c1,2022-06,pending,,,,,,,,,,,,,,,,,False,
3739,hangzhou,g00247x00374,hangzhou_station_d7b2d6dff3b9,2022-06,pending,,,,,,,,,,,,,,,,,False,
3740,hangzhou,g00247x00376,hangzhou_station_3303af0fa88f,2022-06,pending,,,,,,,,,,,,,,,,,False,
3741,hangzhou,g00248x00371,hangzhou_station_e4a9315256de,2022-06,pending,,,,,,,,,,,,,,,,,False,
3742,hangzhou,g00248x00373,hangzhou_station_dbbdf22448d6,2022-06,pending,,,,,,,,,,,,,,,,,False,
3743,hangzhou,g00250x00345,hangzhou_station_acda6cbc158a,2022-06,pending,,,,,,,,,,,,,,,,,False,
3744,chongqing,g00341x00295,chongqing_station_4ffb14b7eb7c,2022-06,pending,,,,,,,,,,,,,,,,,False,
3745,chongqing,g00343x00300,chongqing_station_a6d0bfd484e1,2022-06,pending,,,,,,,,,,,,,,,,,False,
3746,chongqing,g00344x00286,chongqing_station_ec0a9e5d5c71,2022-06,pending,,,,,,,,,,,,,,,,,False,
3747,chongqing,g00346x00304,chongqing_station_ce9877194a2e,2022-06,matched,poi+population+viirs,Matching::Match_M1,same_city,chongqing,g00345x00221,chongqing::g00345x00221,95220.0,1.0,12.0,6.0,1.23767604912656,0.238469694464295,0.510088670294802,1.99003627054263,0.565090070124282,1.23990215956678,False,
3748,chongqing,g00347x00307,chongqing_station_4eb41ffb4009,2022-06,pending,,,,,,,,,,,,,,,,,False,
3749,chongqing,g00356x00311,chongqing_station_dde7711ac999,2022-06,pending,,,,,,,,,,,,,,,,,False,
3750,chongqing,g00361x00310,chongqing_station_9974c0d6562d,2022-06,pending,,,,,,,,,,,,,,,,,False,
3751,chongqing,g00364x00311,chongqing_station_8d8766eec465,2022-06,pending,,,,,,,,,,,,,,,,,False,
3752,chongqing,g00366x00312,chongqing_station_d4f361aa0396,2022-06,gsc_pending,poi+population+viirs,,,,,,,,,,,,,,,,False,same_city:preonly_placebo_quality_gate_failed
3753,chongqing,g00370x00312,chongqing_station_ae472d41fbb4,2022-06,pending,,,,,,,,,,,,,,,,,False,
3754,chongqing,g00373x00314,chongqing_station_12956de2f0b4,2022-06,pending,,,,,,,,,,,,,,,,,False,
3755,chongqing,g00377x00317,chongqing_station_2c0f2897180e,2022-06,pending,,,,,,,,,,,,,,,,,False,
3756,chongqing,g00380x00319,chongqing_station_075ddd420470,2022-06,pending,,,,,,,,,,,,,,,,,False,
3757,zhengzhou,g00075x00241,zhengzhou_station_9eb895802314,2022-06,gsc_pending,poi+population+viirs,,,,,,,,,,,,,,,,False,same_city:preonly_placebo_quality_gate_failed
3758,zhengzhou,g00077x00240,zhengzhou_station_41592a734edd,2022-06,matched,poi+population+viirs,Matching::Match_M1,same_city,zhengzhou,g00064x00253,zhengzhou::g00064x00253,22925.0,1.0,12.0,6.0,1.73148025534608,0.735927668365661,1.26601882946675,2.00686463820397,0.823199587992051,1.63787813696655,False,
3759,zhengzhou,g00080x00235,zhengzhou_station_706ac7e2b0e0,2022-06,pending,,,,,,,,,,,,,,,,,False,
3760,changsha,g00094x00204,changsha_station_103bef8df6ef,2022-06,pending,,,,,,,,,,,,,,,,,False,
3761,changsha,g00094x00207,changsha_station_92a8dae20f44,2022-06,pending,,,,,,,,,,,,,,,,,False,
3762,changsha,g00096x00209,changsha_station_8c03c1ce9c4c,2022-06,pending,,,,,,,,,,,,,,,,,False,
3763,changsha,g00097x00245,changsha_station_10e7f558d46d,2022-06,matched,poi+population+viirs,Matching::Match_M1,same_city,changsha,g00080x00230,changsha::g00080x00230,38004.0,1.0,12.0,6.0,1.17364142508422,0.389715656793424,0.460234840499606,2.00150782704532,0.731624129481173,1.41392031750104,False,
3764,changsha,g00098x00209,changsha_station_0f13c8036ab1,2022-06,pending,,,,,,,,,,,,,,,,,False,
3765,changsha,g00098x00247,changsha_station_9fae354f0475,2022-06,pending,,,,,,,,,,,,,,,,,False,
3766,changsha,g00099x00251,changsha_station_69c1b0ded665,2022-06,pending,,,,,,,,,,,,,,,,,False,
3767,changsha,g00099x00254,changsha_station_e2c841421bba,2022-06,pending,,,,,,,,,,,,,,,,,False,
3768,changsha,g00100x00209,changsha_station_ef1c10c05440,2022-06,pending,,,,,,,,,,,,,,,,,False,
3769,changsha,g00100x00256,changsha_station_7dc2425837ff,2022-06,gsc_pending,poi+population+viirs,,,,,,,,,,,,,,,,False,same_city:preonly_placebo_quality_gate_failed
3770,changsha,g00100x00277,changsha_station_c49def78332e,2022-06,pending,,,,,,,,,,,,,,,,,False,
3771,changsha,g00101x00261,changsha_station_59fc45903d1e,2022-06,pending,,,,,,,,,,,,,,,,,False,
3772,changsha,g00101x00265,changsha_station_b45cfb539410,2022-06,pending,,,,,,,,,,,,,,,,,False,
3773,changsha,g00101x00272,changsha_station_a99d233287c8,2022-06,pending,,,,,,,,,,,,,,,,,False,
3774,changsha,g00101x00276,changsha_station_a68e310c1774,2022-06,pending,,,,,,,,,,,,,,,,,False,
3775,changsha,g00102x00269,changsha_station_e84a56327cae,2022-06,pending,,,,,,,,,,,,,,,,,False,
3776,changsha,g00103x00208,changsha_station_d157ee11cfc2,2022-06,pending,,,,,,,,,,,,,,,,,False,
3777,changsha,g00104x00212,changsha_station_fc6c897f6d5c,2022-06,pending,,,,,,,,,,,,,,,,,False,
3778,changsha,g00104x00215,changsha_station_eaece6df6385,2022-06,pending,,,,,,,,,,,,,,,,,False,
3779,changsha,g00104x00218,changsha_station_b24fbf621990,2022-06,matched,poi+population+viirs,Matching::Match_M1,same_city,changsha,g00080x00239,changsha::g00080x00239,38004.0,1.0,12.0,6.0,1.53907566486134,0.175109096891648,0.240591766391098,2.00150782704532,0.731624129481173,1.41392031750104,False,
3780,changsha,g00104x00220,changsha_station_50701976b873,2022-06,matched,poi+population+viirs,Matching::Match_M1,same_city,changsha,g00107x00220,changsha::g00107x00220,38004.0,1.0,12.0,6.0,1.10600181928372,0.330098173685109,0.662286882216858,2.00150782704532,0.731624129481173,1.41392031750104,False,
3781,changsha,g00104x00223,changsha_station_145f17e7a467,2022-06,pending,,,,,,,,,,,,,,,,,False,
3782,changsha,g00104x00224,changsha_station_86e325c7b55b,2022-06,pending,,,,,,,,,,,,,,,,,False,
3783,kunming,g00141x00129,kunming_station_7c0f2afdc141,2022-06,pending,,,,,,,,,,,,,,,,,False,
3784,kunming,g00145x00129,kunming_station_228a03823ea5,2022-06,pending,,,,,,,,,,,,,,,,,False,
3785,kunming,g00147x00129,kunming_station_6b6943b4bfaf,2022-06,pending,,,,,,,,,,,,,,,,,False,
3786,kunming,g00148x00124,kunming_station_93150c5dacc5,2022-06,pending,,,,,,,,,,,,,,,,,False,
3787,kunming,g00148x00126,kunming_station_75eff8b861ad,2022-06,pending,,,,,,,,,,,,,,,,,False,
3788,kunming,g00150x00123,kunming_station_0c68fa51395f,2022-06,pending,,,,,,,,,,,,,,,,,False,
3789,kunming,g00152x00123,kunming_station_57703b629161,2022-06,pending,,,,,,,,,,,,,,,,,False,
3790,kunming,g00154x00125,kunming_station_8739dc93541e,2022-06,pending,,,,,,,,,,,,,,,,,False,
3791,kunming,g00156x00127,kunming_station_e9ae02e38d1e,2022-06,pending,,,,,,,,,,,,,,,,,False,
3792,kunming,g00156x00128,kunming_station_64045db86af4,2022-06,pending,,,,,,,,,,,,,,,,,False,
3793,kunming,g00158x00130,kunming_station_f6d1f214c44b,2022-06,pending,,,,,,,,,,,,,,,,,False,
3794,kunming,g00163x00132,kunming_station_53d36be136ef,2022-06,pending,,,,,,,,,,,,,,,,,False,
3795,kunming,g00165x00133,kunming_station_24b245a4c130,2022-06,matched,poi+population+viirs,Matching::Match_M1,same_city,kunming,g00153x00130,kunming::g00153x00130,24685.0,1.0,12.0,6.0,1.97879881899982,0.520624212591195,1.08133252576841,2.55268657411665,0.862567613088561,1.71655967419243,False,
3796,kunming,g00165x00136,kunming_station_3b84df625919,2022-06,matched,poi+population+viirs,Matching::Match_M1,same_city,kunming,g00156x00139,kunming::g00156x00139,24685.0,1.0,12.0,6.0,1.30534397283191,0.19621606891769,0.261716110666716,2.55268657411665,0.862567613088561,1.71655967419243,False,
3797,kunming,g00165x00139,kunming_station_ceceaf8346c1,2022-06,matched,poi+population+viirs,Matching::Match_M1,same_city,kunming,g00170x00133,kunming::g00170x00133,24685.0,1.0,12.0,6.0,2.26595436243403,0.325252974751262,0.599047899077106,2.55268657411665,0.862567613088561,1.71655967419243,False,
3798,kunming,g00166x00140,kunming_station_1a85b84eb110,2022-06,pending,,,,,,,,,,,,,,,,,False,
3799,kunming,g00168x00141,kunming_station_7d88b0c505a3,2022-06,pending,,,,,,,,,,,,,,,,,False,
3800,beijing,g00121x00183,beijing_station_8cc4c7bf60cf,2022-07,pending,,,,,,,,,,,,,,,,,False,
3801,chongqing,g00283x00207,chongqing_station_d06f7dadfefb,2022-08,matched,poi+population+viirs,Matching::Match_M1,same_city,chongqing,g00331x00315,chongqing::g00331x00315,131294.0,1.0,12.0,6.0,1.72941446023382,0.0836236923061665,0.126487397484319,2.04345025801498,0.588355384305895,1.18908225209549,False,
3802,chongqing,g00292x00208,chongqing_station_85ea82e84ac8,2022-08,pending,,,,,,,,,,,,,,,,,False,
3803,chongqing,g00296x00218,chongqing_station_89f479db2175,2022-08,pending,,,,,,,,,,,,,,,,,False,
3804,chongqing,g00296x00226,chongqing_station_f846600430a3,2022-08,pending,,,,,,,,,,,,,,,,,False,
3805,chongqing,g00297x00240,chongqing_station_1772b1debc2c,2022-08,pending,,,,,,,,,,,,,,,,,False,
3806,fuzhou,g00203x00261,fuzhou_station_4c337776e18e,2022-08,matched,poi+population+viirs,Matching::Match_M1,same_city,fuzhou,g00201x00256,fuzhou::g00201x00256,18225.0,1.0,12.0,6.0,0.791700768201726,0.111556034569011,0.238972596638003,2.0752283071914,0.619072657312815,1.27972643765877,False,
3807,fuzhou,g00205x00259,fuzhou_station_42c705d33f7a,2022-08,pending,,,,,,,,,,,,,,,,,False,
3808,fuzhou,g00206x00256,fuzhou_station_cd850de2f3d5,2022-08,pending,,,,,,,,,,,,,,,,,False,
3809,fuzhou,g00209x00251,fuzhou_station_a5faad18e480,2022-08,pending,,,,,,,,,,,,,,,,,False,
3810,fuzhou,g00211x00250,fuzhou_station_33ec03e2c2b4,2022-08,matched,poi+population+viirs,Matching::Match_M1,same_city,fuzhou,g00209x00262,fuzhou::g00209x00262,18225.0,1.0,12.0,6.0,1.18261222021624,0.364883574240528,0.641061231424768,2.0752283071914,0.619072657312815,1.27972643765877,False,
3811,fuzhou,g00213x00240,fuzhou_station_1ac0ad9ce3d7,2022-08,pending,,,,,,,,,,,,,,,,,False,
3812,fuzhou,g00213x00248,fuzhou_station_30b75887cb79,2022-08,pending,,,,,,,,,,,,,,,,,False,
3813,fuzhou,g00214x00237,fuzhou_station_c0da5a61489f,2022-08,pending,,,,,,,,,,,,,,,,,False,
3814,fuzhou,g00215x00242,fuzhou_station_c6f239c1c72d,2022-08,pending,,,,,,,,,,,,,,,,,False,
3815,fuzhou,g00215x00245,fuzhou_station_51fd6bf2dda6,2022-08,pending,,,,,,,,,,,,,,,,,False,
3816,fuzhou,g00225x00219,fuzhou_station_3e20096605f6,2022-08,pending,,,,,,,,,,,,,,,,,False,
3817,fuzhou,g00227x00214,fuzhou_station_b1409e7a9e3e,2022-08,pending,,,,,,,,,,,,,,,,,False,
3818,fuzhou,g00228x00213,fuzhou_station_7f14914e94ab,2022-08,pending,,,,,,,,,,,,,,,,,False,
3819,jinhua,g00149x00099,jinhua_station_3f1656cc56a9,2022-08,gsc_pending,poi+population+viirs,,,,,,,,,,,,,,,,False,same_city:Fewer than three complete donors or missing treated feature row
3820,jinhua,g00149x00106,jinhua_station_afced2c8db30,2022-08,pending,,,,,,,,,,,,,,,,,False,
3821,jinhua,g00151x00111,jinhua_station_1ca4910d51af,2022-08,pending,,,,,,,,,,,,,,,,,False,
3822,jinhua,g00151x00114,jinhua_station_c6f12722d0e0,2022-08,gsc_pending,poi+population+viirs,,,,,,,,,,,,,,,,False,same_city:Fewer than three complete donors or missing treated feature row
3823,jinhua,g00153x00098,jinhua_station_30be714bf482,2022-08,pending,,,,,,,,,,,,,,,,,False,
3824,jinhua,g00155x00117,jinhua_station_83c5d7c609e7,2022-08,pending,,,,,,,,,,,,,,,,,False,
3825,jinhua,g00167x00131,jinhua_station_480a9ec38294,2022-08,pending,,,,,,,,,,,,,,,,,False,
3826,jinhua,g00171x00140,jinhua_station_c28f94232646,2022-08,pending,,,,,,,,,,,,,,,,,False,
3827,jinhua,g00173x00144,jinhua_station_aaf64eff52e7,2022-08,gsc_pending,poi+population+viirs,,,,,,,,,,,,,,,,False,same_city:Fewer than three complete donors or missing treated feature row
3828,jinhua,g00175x00147,jinhua_station_962a839c9af5,2022-08,pending,,,,,,,,,,,,,,,,,False,
3829,jinhua,g00183x00163,jinhua_station_1ab5d538e1c9,2022-08,gsc_pending,poi+population+viirs,,,,,,,,,,,,,,,,False,same_city:Fewer than three complete donors or missing treated feature row
3830,jinhua,g00191x00171,jinhua_station_dd0aca5c2020,2022-08,pending,,,,,,,,,,,,,,,,,False,
3831,jinhua,g00193x00175,jinhua_station_d9f40013c6a7,2022-08,pending,,,,,,,,,,,,,,,,,False,
3832,jinhua,g00199x00180,jinhua_station_dde53b210c0b,2022-08,pending,,,,,,,,,,,,,,,,,False,
3833,jinhua,g00204x00184,jinhua_station_37abcad85e72,2022-08,pending,,,,,,,,,,,,,,,,,False,
3834,xiamen,g00065x00095,xiamen_station_fef57f19d8c7,2022-09,matched,poi+population+viirs,Matching::Match_M1,same_city,xiamen,g00060x00095,xiamen::g00060x00095,6273.0,1.0,12.0,6.0,1.63405775309083,0.38209095225154,0.763393341763117,2.37996635576081,0.72911255378466,1.36077896146262,False,
3835,hangzhou,g00238x00414,hangzhou_station_f3219bae43a3,2022-09,matched,poi+population+viirs,Matching::Match_M1,same_city,hangzhou,g00273x00348,hangzhou::g00273x00348,35686.0,1.0,12.0,6.0,1.60231660675367,0.253155840189972,0.404826654225796,2.05558383724219,0.810581911071916,1.50407526186036,False,
3836,hangzhou,g00240x00407,hangzhou_station_e9d21f1761f3,2022-09,pending,,,,,,,,,,,,,,,,,False,
3837,hangzhou,g00245x00399,hangzhou_station_1d9d7a20195a,2022-09,pending,,,,,,,,,,,,,,,,,False,
3838,hangzhou,g00251x00363,hangzhou_station_71206f08251d,2022-09,gsc_pending,housing+poi+population+viirs,,,,,,,,,,,,,,,,False,same_city:No treated unit is inside explicit donor common support
3839,hangzhou,g00253x00346,hangzhou_station_28cf6972d3ae,2022-09,pending,,,,,,,,,,,,,,,,,False,
3840,hangzhou,g00256x00346,hangzhou_station_fa190bcd3448,2022-09,pending,,,,,,,,,,,,,,,,,False,
3841,hangzhou,g00258x00346,hangzhou_station_1b50e41fc254,2022-09,pending,,,,,,,,,,,,,,,,,False,
3842,xian,g00142x00264,xian_station_ab008c30dd64,2022-09,pending,,,,,,,,,,,,,,,,,False,
3843,jinhua,g00194x00209,jinhua_station_25c4ab6d875d,2022-09,pending,,,,,,,,,,,,,,,,,False,
3844,dalian,g00076x00095,dalian_station_2c9712156e65,2022-09,pending,,,,,,,,,,,,,,,,,False,
3845,dalian,g00079x00096,dalian_station_f1d16a730589,2022-09,pending,,,,,,,,,,,,,,,,,False,
3846,dalian,g00083x00100,dalian_station_2a31a35fc198,2022-09,pending,,,,,,,,,,,,,,,,,False,
3847,dalian,g00083x00102,dalian_station_7649bd9c268e,2022-09,matched,poi+population+viirs,Matching::Match_M1,same_city,dalian,g00075x00146,dalian::g00075x00146,17588.0,1.0,12.0,6.0,1.29902817442197,0.0706713815751534,0.17286479856195,2.43337709339952,0.893477627145098,1.87314192804936,False,
3848,dalian,g00083x00108,dalian_station_43a2e9cf24c1,2022-09,pending,,,,,,,,,,,,,,,,,False,
3849,nanjing,g00222x00086,nanjing_station_e0cb31d52fac,2022-09,pending,,,,,,,,,,,,,,,,,False,
3850,zhengzhou,g00113x00157,zhengzhou_station_54322618ec5b,2022-09,pending,,,,,,,,,,,,,,,,,False,
3851,zhengzhou,g00114x00152,zhengzhou_station_b60949a7e980,2022-09,pending,,,,,,,,,,,,,,,,,False,
3852,zhengzhou,g00114x00161,zhengzhou_station_b9597fd3181d,2022-09,pending,,,,,,,,,,,,,,,,,False,
3853,zhengzhou,g00118x00164,zhengzhou_station_ad498bb95118,2022-09,pending,,,,,,,,,,,,,,,,,False,
3854,zhengzhou,g00121x00164,zhengzhou_station_aac2c10d8efa,2022-09,pending,,,,,,,,,,,,,,,,,False,
3855,zhengzhou,g00123x00164,zhengzhou_station_f9ecc95ec2f6,2022-09,pending,,,,,,,,,,,,,,,,,False,
3856,zhengzhou,g00129x00165,zhengzhou_station_3dae72273762,2022-09,pending,,,,,,,,,,,,,,,,,False,
3857,zhengzhou,g00129x00171,zhengzhou_station_8a6ba2c2b451,2022-09,pending,,,,,,,,,,,,,,,,,False,
3858,shenzhen,g00200x00125,shenzhen_station_0528b58e03f0,2022-10,pending,,,,,,,,,,,,,,,,,False,
3859,shenzhen,g00201x00129,shenzhen_station_875e8b23f623,2022-10,matched,housing+poi+population+viirs,Matching::Match_M1,same_city,shenzhen,g00197x00121,shenzhen::g00197x00121,233.0,1.0,14.0,7.0,1.56023100535377,0.329026352147268,0.529002087801479,5.49657828170367,1.55801336249925,2.41115023553976,False,
3860,shenzhen,g00205x00133,shenzhen_station_d390af1ab4b4,2022-10,pending,,,,,,,,,,,,,,,,,False,
3861,shenzhen,g00209x00146,shenzhen_station_bf7977bd95f9,2022-10,pending,,,,,,,,,,,,,,,,,False,
3862,shenzhen,g00209x00150,shenzhen_station_8fc7f20f96b9,2022-10,pending,,,,,,,,,,,,,,,,,False,
3863,shenzhen,g00210x00140,shenzhen_station_66ecb7826ed8,2022-10,pending,,,,,,,,,,,,,,,,,False,
3864,shenzhen,g00210x00160,shenzhen_station_08b335c083ea,2022-10,pending,,,,,,,,,,,,,,,,,False,
3865,shenzhen,g00212x00161,shenzhen_station_1c6f4f8afcb2,2022-10,pending,,,,,,,,,,,,,,,,,False,
3866,shenzhen,g00222x00166,shenzhen_station_9deb2c43f5bd,2022-10,pending,,,,,,,,,,,,,,,,,False,
3867,shenzhen,g00224x00172,shenzhen_station_f1b31639a3dd,2022-10,pending,,,,,,,,,,,,,,,,,False,
3868,nantong,g00090x00163,nantong_station_f5fdbff9c1f7,2022-11,pending,,,,,,,,,,,,,,,,,False,
3869,nantong,g00092x00154,nantong_station_5b4beb23c506,2022-11,pending,,,,,,,,,,,,,,,,,False,
3870,nantong,g00092x00155,nantong_station_813f78c1d7a1,2022-11,pending,,,,,,,,,,,,,,,,,False,
3871,nantong,g00093x00152,nantong_station_56227fa5dc8d,2022-11,pending,,,,,,,,,,,,,,,,,False,
3872,nantong,g00093x00160,nantong_station_59e282a9189e,2022-11,pending,,,,,,,,,,,,,,,,,False,
3873,nantong,g00095x00152,nantong_station_d276c6656dc1,2022-11,pending,,,,,,,,,,,,,,,,,False,
3874,nantong,g00097x00151,nantong_station_dfc0d3388702,2022-11,gsc_pending,housing+poi+population+viirs,,,,,,,,,,,,,,,,False,same_city:Fewer than three complete donors or missing treated feature row
3875,nantong,g00099x00151,nantong_station_113ccbb91450,2022-11,pending,,,,,,,,,,,,,,,,,False,
3876,nantong,g00101x00145,nantong_station_15414081619d,2022-11,pending,,,,,,,,,,,,,,,,,False,
3877,nantong,g00101x00146,nantong_station_0326eb5c3e43,2022-11,pending,,,,,,,,,,,,,,,,,False,
3878,nantong,g00101x00151,nantong_station_a4a5bb2ce060,2022-11,pending,,,,,,,,,,,,,,,,,False,
3879,nantong,g00102x00148,nantong_station_0484bbf014ed,2022-11,pending,,,,,,,,,,,,,,,,,False,
3880,nantong,g00103x00139,nantong_station_5f4e046d6044,2022-11,pending,,,,,,,,,,,,,,,,,False,
3881,nantong,g00105x00139,nantong_station_92d83de8a0b1,2022-11,gsc_pending,poi+population+viirs,,,,,,,,,,,,,,,,False,same_city:Fewer than three complete donors or missing treated feature row
3882,nantong,g00107x00140,nantong_station_23ed8ee04d1f,2022-11,pending,,,,,,,,,,,,,,,,,False,
3883,nantong,g00112x00141,nantong_station_3bed0c5014cd,2022-11,pending,,,,,,,,,,,,,,,,,False,
3884,nantong,g00114x00139,nantong_station_8ef941290fb5,2022-11,pending,,,,,,,,,,,,,,,,,False,
3885,nantong,g00121x00129,nantong_station_9428c2033624,2022-11,pending,,,,,,,,,,,,,,,,,False,
3886,nantong,g00122x00128,nantong_station_d78499c6e262,2022-11,gsc_pending,poi+population+viirs,,,,,,,,,,,,,,,,False,same_city:Fewer than three complete donors or missing treated feature row
3887,tianjin,g00128x00099,tianjin_station_b057bf6331c6,2022-11,pending,,,,,,,,,,,,,,,,,False,
3888,tianjin,g00130x00101,tianjin_station_98a5f7557670,2022-11,pending,,,,,,,,,,,,,,,,,False,
3889,tianjin,g00130x00103,tianjin_station_af46dddb3893,2022-11,matched,poi+population+viirs,Matching::Match_M1,same_city,tianjin,g00141x00091,tianjin::g00141x00091,25901.0,1.0,12.0,6.0,1.24730778075546,0.169950544590608,0.206159841583282,2.27824175858625,0.755487672851982,1.33721844934753,False,
3890,tianjin,g00132x00104,tianjin_station_d0b51f7526b9,2022-11,pending,,,,,,,,,,,,,,,,,False,
3891,tianjin,g00132x00106,tianjin_station_d42ee39ecc22,2022-11,pending,,,,,,,,,,,,,,,,,False,
3892,tianjin,g00132x00108,tianjin_station_2bf8f69eb856,2022-11,matched,poi+population+viirs,Matching::Match_M1,same_city,tianjin,g00141x00088,tianjin::g00141x00088,25901.0,1.0,12.0,6.0,1.1225584269273,0.314848350796873,0.406994943667259,2.27824175858625,0.755487672851982,1.33721844934753,False,
3893,tianjin,g00132x00110,tianjin_station_a01899250e6d,2022-11,pending,,,,,,,,,,,,,,,,,False,
3894,tianjin,g00132x00113,tianjin_station_01ae287a8414,2022-11,pending,,,,,,,,,,,,,,,,,False,
3895,tianjin,g00132x00114,tianjin_station_ac1ba4dcfb59,2022-11,pending,,,,,,,,,,,,,,,,,False,
3896,tianjin,g00132x00116,tianjin_station_95d76f54ab89,2022-11,pending,,,,,,,,,,,,,,,,,False,
3897,tianjin,g00132x00119,tianjin_station_86a0ca3b1951,2022-11,pending,,,,,,,,,,,,,,,,,False,
3898,tianjin,g00134x00120,tianjin_station_a7a7e427b96d,2022-11,matched,poi+population+viirs,Matching::Match_M1,same_city,tianjin,g00122x00115,tianjin::g00122x00115,25901.0,1.0,12.0,6.0,1.40386759508617,0.637431376378187,1.33068071055965,2.27824175858625,0.755487672851982,1.33721844934753,False,
3899,tianjin,g00141x00120,tianjin_station_da4227f80254,2022-11,pending,,,,,,,,,,,,,,,,,False,
3900,tianjin,g00142x00121,tianjin_station_c019fcb7517c,2022-11,pending,,,,,,,,,,,,,,,,,False,
3901,tianjin,g00144x00121,tianjin_station_2b376d57eacd,2022-11,pending,,,,,,,,,,,,,,,,,False,
3902,tianjin,g00146x00120,tianjin_station_b4994d583f99,2022-11,pending,,,,,,,,,,,,,,,,,False,
3903,tianjin,g00147x00120,tianjin_station_230865f4fdcd,2022-11,pending,,,,,,,,,,,,,,,,,False,
3904,tianjin,g00149x00120,tianjin_station_57db7058bcf6,2022-11,pending,,,,,,,,,,,,,,,,,False,
3905,tianjin,g00151x00119,tianjin_station_c18f08db4b94,2022-11,pending,,,,,,,,,,,,,,,,,False,
3906,shenzhen,g00162x00067,shenzhen_station_7d7a697116bf,2022-11,pending,,,,,,,,,,,,,,,,,False,
3907,shenzhen,g00163x00070,shenzhen_station_8cdd10bf831f,2022-11,pending,,,,,,,,,,,,,,,,,False,
3908,shenzhen,g00166x00071,shenzhen_station_c2a68e43dc7a,2022-11,pending,,,,,,,,,,,,,,,,,False,
3909,shenzhen,g00168x00072,shenzhen_station_9c81e2920c37,2022-11,matched,poi+population+viirs,Matching::Match_M1,same_city,shenzhen,g00208x00056,shenzhen::g00208x00056,7295.0,1.0,12.0,6.0,1.35824685385323,0.439107224796122,0.765974003194156,2.33798021576429,0.692571615449463,1.28386075221995,False,
3910,shenzhen,g00171x00073,shenzhen_station_825555b5649e,2022-11,pending,,,,,,,,,,,,,,,,,False,
3911,shenzhen,g00173x00073,shenzhen_station_ee387599b71e,2022-11,pending,,,,,,,,,,,,,,,,,False,
3912,shenzhen,g00174x00073,shenzhen_station_c594a57efe9a,2022-11,gsc_pending,housing+poi+population+viirs,,,,,,,,,,,,,,,,False,same_city:No treated unit is inside explicit donor common support
3913,shenzhen,g00176x00073,shenzhen_station_13610246c761,2022-11,pending,,,,,,,,,,,,,,,,,False,
3914,shenzhen,g00179x00073,shenzhen_station_5ce38234a5f0,2022-11,pending,,,,,,,,,,,,,,,,,False,
3915,shenzhen,g00182x00072,shenzhen_station_b78437a938d7,2022-11,pending,,,,,,,,,,,,,,,,,False,
3916,shenzhen,g00183x00070,shenzhen_station_0b570e9c94f9,2022-11,pending,,,,,,,,,,,,,,,,,False,
3917,shenzhen,g00184x00069,shenzhen_station_147a78fc5d3a,2022-11,pending,,,,,,,,,,,,,,,,,False,
3918,shenzhen,g00186x00067,shenzhen_station_b858c21f6966,2022-11,matched,poi+population+viirs,Matching::Match_M1,same_city,shenzhen,g00218x00140,shenzhen::g00218x00140,7295.0,1.0,12.0,6.0,0.65162089005335,0.163813620272085,0.237382101247814,2.33798021576429,0.692571615449463,1.28386075221995,False,
3919,shenzhen,g00189x00065,shenzhen_station_7fa911630576,2022-11,pending,,,,,,,,,,,,,,,,,False,
3920,shenzhen,g00190x00064,shenzhen_station_69e3c7fa36db,2022-11,pending,,,,,,,,,,,,,,,,,False,
3921,shenzhen,g00192x00062,shenzhen_station_08db6ac2f6ad,2022-11,pending,,,,,,,,,,,,,,,,,False,
3922,shenzhen,g00194x00060,shenzhen_station_14e5c953aaeb,2022-11,pending,,,,,,,,,,,,,,,,,False,
3923,shenzhen,g00196x00060,shenzhen_station_171b5dda58da,2022-11,pending,,,,,,,,,,,,,,,,,False,
3924,shenzhen,g00198x00057,shenzhen_station_7e12fb803eb2,2022-11,pending,,,,,,,,,,,,,,,,,False,
3925,shenzhen,g00201x00055,shenzhen_station_5b497cb832c5,2022-11,pending,,,,,,,,,,,,,,,,,False,
3926,shenzhen,g00204x00052,shenzhen_station_f3445f341d7a,2022-11,pending,,,,,,,,,,,,,,,,,False,
3927,shenzhen,g00206x00052,shenzhen_station_c1baeac580cc,2022-11,pending,,,,,,,,,,,,,,,,,False,
3928,shenzhen,g00208x00049,shenzhen_station_f9fc6df282ef,2022-11,matched,poi+population+viirs,Matching::Match_M1,same_city,shenzhen,g00227x00070,shenzhen::g00227x00070,7295.0,1.0,12.0,6.0,1.11184122224175,0.140644000857676,0.247819358473188,2.33798021576429,0.692571615449463,1.28386075221995,False,
3929,shenzhen,g00210x00047,shenzhen_station_0ea28124e3dc,2022-11,pending,,,,,,,,,,,,,,,,,False,
3930,shenzhen,g00211x00046,shenzhen_station_f7cd15d8717d,2022-11,pending,,,,,,,,,,,,,,,,,False,
3931,shenzhen,g00213x00043,shenzhen_station_ab2ac9385797,2022-11,pending,,,,,,,,,,,,,,,,,False,
3932,shenzhen,g00215x00043,shenzhen_station_b3ffb5e57f8f,2022-11,pending,,,,,,,,,,,,,,,,,False,
3933,shenzhen,g00218x00043,shenzhen_station_1247c5c34919,2022-11,pending,,,,,,,,,,,,,,,,,False,
3934,shenzhen,g00221x00044,shenzhen_station_d99e0060b605,2022-11,pending,,,,,,,,,,,,,,,,,False,
3935,shenzhen,g00233x00079,shenzhen_station_0b6c574cf92d,2022-11,pending,,,,,,,,,,,,,,,,,False,
3936,shenzhen,g00235x00080,shenzhen_station_b97ae47a79ef,2022-11,gsc_pending,poi+population+viirs,,,,,,,,,,,,,,,,False,same_city:preonly_placebo_quality_gate_failed
3937,shenzhen,g00237x00083,shenzhen_station_8b72a74b897b,2022-11,matched,poi+population+viirs,Matching::Match_M1,same_city,shenzhen,g00191x00133,shenzhen::g00191x00133,7295.0,1.0,12.0,6.0,2.23617872454173,0.611185318371718,0.898702526553961,2.33798021576429,0.692571615449463,1.28386075221995,False,
3938,foshan,g00100x00192,foshan_station_1da67ea113f8,2022-11,matched,poi+population+viirs,Matching::Match_M1,same_city,foshan,g00143x00199,foshan::g00143x00199,19841.0,1.0,12.0,6.0,1.21588793126065,0.404028130354079,0.830716071818857,2.25008448369298,0.665228101927926,1.21175225497453,False,
3939,foshan,g00102x00192,foshan_station_30697953bebf,2022-11,pending,,,,,,,,,,,,,,,,,False,
3940,foshan,g00105x00192,foshan_station_7c1b2f552269,2022-11,pending,,,,,,,,,,,,,,,,,False,
3941,ningbo,g00282x00183,ningbo_station_2d3ac7d60561,2022-12,matched,poi+population+viirs,Matching::Match_M1,same_city,ningbo,g00273x00207,ningbo::g00273x00207,23350.0,1.0,12.0,6.0,0.912425806818206,0.219288177364825,0.415237176285701,2.21473542969806,0.788398379469123,1.3968178860641,False,
3942,hangzhou,g00250x00396,hangzhou_station_30d0165ea260,2022-12,pending,,,,,,,,,,,,,,,,,False,
3943,hangzhou,g00251x00398,hangzhou_station_b2f4bdc9bfe6,2022-12,pending,,,,,,,,,,,,,,,,,False,
3944,hefei,g00189x00134,hefei_station_d0c833e51f08,2022-12,pending,,,,,,,,,,,,,,,,,False,
3945,hefei,g00210x00134,hefei_station_cff23212b784,2022-12,pending,,,,,,,,,,,,,,,,,False,
3946,hefei,g00218x00131,hefei_station_c4842b6ed8a8,2022-12,matched,poi+population+viirs,Matching::Match_M1,same_city,hefei,g00216x00129,hefei::g00216x00129,35036.0,1.0,12.0,6.0,1.35200208959362,0.458385412182314,0.73621833745203,2.13623838526167,0.783100856030174,1.61204876108793,False,
3947,hefei,g00220x00132,hefei_station_e620877e81c0,2022-12,pending,,,,,,,,,,,,,,,,,False,
3948,hefei,g00224x00132,hefei_station_6d53a2ccb003,2022-12,pending,,,,,,,,,,,,,,,,,False,
3949,hefei,g00226x00132,hefei_station_8f32501e38d1,2022-12,pending,,,,,,,,,,,,,,,,,False,
3950,hefei,g00230x00132,hefei_station_bd97187408cf,2022-12,pending,,,,,,,,,,,,,,,,,False,
3951,hefei,g00234x00131,hefei_station_8be98a87b5c5,2022-12,pending,,,,,,,,,,,,,,,,,False,
3952,qingdao,g00150x00172,qingdao_station_71f9fd5ec189,2022-12,pending,,,,,,,,,,,,,,,,,False,
3953,qingdao,g00157x00176,qingdao_station_57517cb2ce43,2022-12,pending,,,,,,,,,,,,,,,,,False,
3954,qingdao,g00157x00184,qingdao_station_9bb96446406e,2022-12,pending,,,,,,,,,,,,,,,,,False,
3955,qingdao,g00157x00186,qingdao_station_fbdedd11bc46,2022-12,pending,,,,,,,,,,,,,,,,,False,
3956,qingdao,g00159x00188,qingdao_station_eeb79f1943d0,2022-12,matched,housing+poi+population+viirs,Matching::Match_M1,same_city,qingdao,g00163x00190,qingdao::g00163x00190,393.0,1.0,14.0,7.0,2.27654767008734,0.430653579323849,0.830494829772298,4.89782765155633,1.30816786537946,2.29818001242391,False,
3957,qingdao,g00159x00190,qingdao_station_9e38ebd5a847,2022-12,pending,,,,,,,,,,,,,,,,,False,
3958,qingdao,g00161x00211,qingdao_station_e1dac5335ae3,2022-12,pending,,,,,,,,,,,,,,,,,False,
3959,qingdao,g00162x00209,qingdao_station_f5690b995842,2022-12,matched,poi+population+viirs,Matching::Match_M1,same_city,qingdao,g00198x00199,qingdao::g00198x00199,22515.0,1.0,12.0,6.0,0.976322779041844,0.246037357476833,0.429550792526698,2.05188545768113,0.682228191692127,1.19079672291474,False,
3960,qingdao,g00162x00214,qingdao_station_37bba054f723,2022-12,pending,,,,,,,,,,,,,,,,,False,
3961,qingdao,g00163x00196,qingdao_station_bcd7c057a271,2022-12,pending,,,,,,,,,,,,,,,,,False,
3962,qingdao,g00164x00207,qingdao_station_0d5f8ae189e6,2022-12,pending,,,,,,,,,,,,,,,,,False,
3963,qingdao,g00164x00217,qingdao_station_1d61f3369a30,2022-12,pending,,,,,,,,,,,,,,,,,False,
3964,qingdao,g00164x00219,qingdao_station_21ae9b066603,2022-12,pending,,,,,,,,,,,,,,,,,False,
3965,qingdao,g00165x00197,qingdao_station_b4776c9a2318,2022-12,pending,,,,,,,,,,,,,,,,,False,
3966,qingdao,g00165x00204,qingdao_station_5042a08e3ab0,2022-12,pending,,,,,,,,,,,,,,,,,False,
3967,foshan,g00065x00196,foshan_station_c5ab6d5a1e23,2022-12,pending,,,,,,,,,,,,,,,,,False,
3968,foshan,g00074x00188,foshan_station_058365e089c1,2022-12,pending,,,,,,,,,,,,,,,,,False,
3969,foshan,g00081x00188,foshan_station_4c28b3b0d451,2022-12,pending,,,,,,,,,,,,,,,,,False,
3970,foshan,g00088x00173,foshan_station_65c66efad2aa,2022-12,matched,poi+population+viirs,Matching::Match_M1,same_city,foshan,g00146x00158,foshan::g00146x00158,19841.0,1.0,12.0,6.0,0.743781347035579,0.313917768050105,0.744079392854503,2.22334831468279,0.661721349835511,1.18574254128668,False,
3971,foshan,g00090x00170,foshan_station_2bda281873fe,2022-12,pending,,,,,,,,,,,,,,,,,False,
3972,foshan,g00090x00180,foshan_station_0cc0ccbc53b4,2022-12,pending,,,,,,,,,,,,,,,,,False,
3973,foshan,g00101x00170,foshan_station_10355c37b6c2,2022-12,pending,,,,,,,,,,,,,,,,,False,
3974,jinhua,g00148x00101,jinhua_station_7cf323611cb2,2022-12,pending,,,,,,,,,,,,,,,,,False,
3975,jinhua,g00194x00214,jinhua_station_908e8b18d32b,2022-12,pending,,,,,,,,,,,,,,,,,False,
3976,jinhua,g00198x00204,jinhua_station_11ef390905bc,2022-12,pending,,,,,,,,,,,,,,,,,False,
3977,jinhua,g00203x00196,jinhua_station_3d819d6c9292,2022-12,pending,,,,,,,,,,,,,,,,,False,
3978,jinhua,g00205x00187,jinhua_station_ac3b9fb4f3ea,2022-12,pending,,,,,,,,,,,,,,,,,False,
3979,jinhua,g00205x00191,jinhua_station_7f8a2a59e929,2022-12,pending,,,,,,,,,,,,,,,,,False,
3980,jinhua,g00206x00181,jinhua_station_13bcf3a5ad5a,2022-12,pending,,,,,,,,,,,,,,,,,False,
3981,jinhua,g00209x00178,jinhua_station_089cd324d3ce,2022-12,pending,,,,,,,,,,,,,,,,,False,
3982,nanjing,g00215x00095,nanjing_station_2b27d971c1d0,2022-12,pending,,,,,,,,,,,,,,,,,False,
3983,nanjing,g00216x00112,nanjing_station_e54ebce92804,2022-12,pending,,,,,,,,,,,,,,,,,False,
3984,nanjing,g00217x00100,nanjing_station_bd4e03f6596d,2022-12,pending,,,,,,,,,,,,,,,,,False,
3985,nanjing,g00217x00110,nanjing_station_91ee6a71573b,2022-12,matched,housing+poi+population+viirs,Matching::Match_M1,same_city,nanjing,g00216x00107,nanjing::g00216x00107,321.0,1.0,14.0,7.0,2.43571532292157,0.764405317240637,1.60783572664956,4.58460752773631,1.20314264454512,2.23973599982059,False,
3986,nanjing,g00218x00104,nanjing_station_14756fdde3c6,2022-12,pending,,,,,,,,,,,,,,,,,False,
3987,nanjing,g00218x00115,nanjing_station_3766e5b9f4cb,2022-12,pending,,,,,,,,,,,,,,,,,False,
3988,nanjing,g00219x00107,nanjing_station_d536c74d4631,2022-12,pending,,,,,,,,,,,,,,,,,False,
3989,nanjing,g00220x00104,nanjing_station_4db80783b72d,2022-12,pending,,,,,,,,,,,,,,,,,False,
3990,nanjing,g00220x00117,nanjing_station_5cd98a5279c8,2022-12,pending,,,,,,,,,,,,,,,,,False,
3991,nanjing,g00221x00119,nanjing_station_cbbbf37aa17a,2022-12,pending,,,,,,,,,,,,,,,,,False,
3992,nanjing,g00222x00104,nanjing_station_834a9330bcbd,2022-12,matched,poi+population+viirs,Matching::Match_M1,same_city,nanjing,g00201x00088,nanjing::g00201x00088,23902.0,1.0,12.0,6.0,1.52233876635501,0.545337940885369,0.679713202501051,2.02702495444151,0.729300636612605,1.1619773945562,False,
3993,nanjing,g00224x00106,nanjing_station_c78dbbfaaa39,2022-12,pending,,,,,,,,,,,,,,,,,False,
3994,nanjing,g00224x00108,nanjing_station_71cd4460c4bd,2022-12,pending,,,,,,,,,,,,,,,,,False,
3995,shenzhen,g00208x00163,shenzhen_station_8441ba714444,2022-12,pending,,,,,,,,,,,,,,,,,False,
3996,shenzhen,g00209x00163,shenzhen_station_445c6264989b,2022-12,pending,,,,,,,,,,,,,,,,,False,
3997,shenzhen,g00210x00163,shenzhen_station_cbdecd0b12de,2022-12,pending,,,,,,,,,,,,,,,,,False,
3998,shenzhen,g00211x00162,shenzhen_station_b6656c3396fb,2022-12,pending,,,,,,,,,,,,,,,,,False,
3999,shenzhen,g00213x00156,shenzhen_station_2e0af2817198,2022-12,pending,,,,,,,,,,,,,,,,,False,
4000,shenzhen,g00214x00159,shenzhen_station_f114ad043159,2022-12,pending,,,,,,,,,,,,,,,,,False,
4001,shenzhen,g00214x00160,shenzhen_station_d7d6ec5cd88e,2022-12,pending,,,,,,,,,,,,,,,,,False,
4002,shenzhen,g00214x00162,shenzhen_station_4cf977559cd8,2022-12,pending,,,,,,,,,,,,,,,,,False,
4003,shenzhen,g00214x00163,shenzhen_station_1e8c86b4456c,2022-12,pending,,,,,,,,,,,,,,,,,False,
4004,taizhou,g00094x00242,taizhou_station_09ca52ae82ce,2022-12,pending,,,,,,,,,,,,,,,,,False,
4005,taizhou,g00103x00237,taizhou_station_1560d8b72337,2022-12,pending,,,,,,,,,,,,,,,,,False,
4006,taizhou,g00108x00237,taizhou_station_dba190b83b7a,2022-12,pending,,,,,,,,,,,,,,,,,False,
4007,taizhou,g00109x00232,taizhou_station_b01f5721bc42,2022-12,pending,,,,,,,,,,,,,,,,,False,
4008,taizhou,g00112x00229,taizhou_station_41bfe316814e,2022-12,gsc_pending,housing+poi+population+viirs,,,,,,,,,,,,,,,,False,same_city:Fewer than three complete donors or missing treated feature row
4009,taizhou,g00118x00227,taizhou_station_dc89a35813c5,2022-12,pending,,,,,,,,,,,,,,,,,False,
4010,taizhou,g00128x00226,taizhou_station_d0c3e98b07c6,2022-12,pending,,,,,,,,,,,,,,,,,False,
4011,taizhou,g00132x00228,taizhou_station_dbced110e6fb,2022-12,pending,,,,,,,,,,,,,,,,,False,
4012,taizhou,g00148x00226,taizhou_station_a081a4931906,2022-12,pending,,,,,,,,,,,,,,,,,False,
4013,taizhou,g00152x00228,taizhou_station_197c34f7934c,2022-12,pending,,,,,,,,,,,,,,,,,False,
4014,taizhou,g00155x00234,taizhou_station_b0e38ddaa980,2022-12,pending,,,,,,,,,,,,,,,,,False,
4015,taizhou,g00157x00238,taizhou_station_9ab8732dcbfb,2022-12,gsc_pending,poi+population+viirs,,,,,,,,,,,,,,,,False,same_city:Fewer than three complete donors or missing treated feature row
4016,taizhou,g00160x00240,taizhou_station_69e9e8a129c2,2022-12,pending,,,,,,,,,,,,,,,,,False,
4017,taizhou,g00163x00241,taizhou_station_0a58a023d2d6,2022-12,pending,,,,,,,,,,,,,,,,,False,
4018,taizhou,g00167x00235,taizhou_station_91191623b63a,2022-12,pending,,,,,,,,,,,,,,,,,False,
4019,xian,g00136x00254,xian_station_6e6074fe554c,2022-12,pending,,,,,,,,,,,,,,,,,False,
4020,xian,g00136x00268,xian_station_de5dac2ba3e7,2022-12,pending,,,,,,,,,,,,,,,,,False,
4021,xian,g00136x00272,xian_station_3301faea8803,2022-12,pending,,,,,,,,,,,,,,,,,False,
4022,xian,g00136x00273,xian_station_0a2747c4a304,2022-12,pending,,,,,,,,,,,,,,,,,False,
4023,xian,g00136x00275,xian_station_9d2b2866477c,2022-12,matched,poi+population+viirs,Matching::Match_M1,same_city,xian,g00121x00239,xian::g00121x00239,20017.0,1.0,12.0,6.0,0.918824608167066,0.196813379720282,0.378838294356761,2.04788981876901,0.718122392692145,1.4082636023505,False,
4024,xian,g00136x00278,xian_station_b3172cbb3d63,2022-12,pending,,,,,,,,,,,,,,,,,False,
4025,xian,g00136x00281,xian_station_1aec18e75e14,2022-12,pending,,,,,,,,,,,,,,,,,False,
4026,xian,g00137x00282,xian_station_e0f31ece1eff,2022-12,matched,poi+population+viirs,Matching::Match_M1,same_city,xian,g00154x00242,xian::g00154x00242,20017.0,1.0,12.0,6.0,1.08764831101944,0.369355272974546,0.651066519722393,2.04788981876901,0.718122392692145,1.4082636023505,False,
4027,xian,g00138x00256,xian_station_d0ffa31d87ce,2022-12,pending,,,,,,,,,,,,,,,,,False,
4028,xian,g00138x00258,xian_station_ffe14a7bce3c,2022-12,pending,,,,,,,,,,,,,,,,,False,
4029,xian,g00138x00260,xian_station_f2b28f35db46,2022-12,pending,,,,,,,,,,,,,,,,,False,
4030,xian,g00138x00266,xian_station_854bb677e729,2022-12,pending,,,,,,,,,,,,,,,,,False,
4031,xian,g00140x00282,xian_station_d0b7edc3437a,2022-12,pending,,,,,,,,,,,,,,,,,False,
4032,wuhan,g00084x00092,wuhan_station_43e5422f08ca,2022-12,pending,,,,,,,,,,,,,,,,,False,
4033,wuhan,g00086x00090,wuhan_station_82d13d7f5273,2022-12,pending,,,,,,,,,,,,,,,,,False,
4034,wuhan,g00168x00125,wuhan_station_22435f741d21,2022-12,pending,,,,,,,,,,,,,,,,,False,
4035,wuhan,g00178x00128,wuhan_station_91fee9796ce9,2022-12,pending,,,,,,,,,,,,,,,,,False,
4036,wuhan,g00181x00131,wuhan_station_f4bfe5ee7520,2022-12,pending,,,,,,,,,,,,,,,,,False,
4037,wuhan,g00184x00132,wuhan_station_03e2ffeb2d6b,2022-12,pending,,,,,,,,,,,,,,,,,False,
4038,wuhan,g00192x00134,wuhan_station_4679fad31170,2022-12,pending,,,,,,,,,,,,,,,,,False,
4039,wuhan,g00197x00136,wuhan_station_598f905872b7,2022-12,gsc_pending,poi+population+viirs,,,,,,,,,,,,,,,,False,same_city:preonly_placebo_quality_gate_failed
4040,wuhan,g00201x00138,wuhan_station_be667e19274a,2022-12,pending,,,,,,,,,,,,,,,,,False,
4041,beijing,g00104x00167,beijing_station_2b848e88ca94,2022-12,pending,,,,,,,,,,,,,,,,,False,
4042,beijing,g00105x00165,beijing_station_b050286ff345,2022-12,matched,poi+population+viirs,Matching::Match_M1,same_city,beijing,g00164x00198,beijing::g00164x00198,32484.0,1.0,12.0,6.0,1.45306440211534,0.278294097189865,0.642715432547136,2.03879647739438,0.834630122660314,1.57498531754268,False,
4043,beijing,g00105x00170,beijing_station_cf8b600d5ae8,2022-12,pending,,,,,,,,,,,,,,,,,False,
4044,beijing,g00109x00176,beijing_station_6b70a881ce07,2022-12,pending,,,,,,,,,,,,,,,,,False,
4045,beijing,g00114x00178,beijing_station_bdf4f64f6a91,2022-12,pending,,,,,,,,,,,,,,,,,False,
4046,zhengzhou,g00128x00163,zhengzhou_station_fd17f85910da,2023-01,pending,,,,,,,,,,,,,,,,,False,
4047,chongqing,g00327x00267,chongqing_station_1a6b95793652,2023-01,pending,,,,,,,,,,,,,,,,,False,
4048,chongqing,g00332x00264,chongqing_station_97e016f3fe60,2023-01,pending,,,,,,,,,,,,,,,,,False,
4049,chongqing,g00364x00272,chongqing_station_5b41d9b3aebc,2023-01,pending,,,,,,,,,,,,,,,,,False,
4050,chongqing,g00366x00272,chongqing_station_aac6a09259c4,2023-01,pending,,,,,,,,,,,,,,,,,False,
4051,chongqing,g00373x00269,chongqing_station_f304a9aab3a6,2023-01,pending,,,,,,,,,,,,,,,,,False,
4052,chongqing,g00375x00270,chongqing_station_0f1b55ebcaad,2023-01,pending,,,,,,,,,,,,,,,,,False,
4053,beijing,g00138x00181,beijing_station_ad425c74596f,2023-02,pending,,,,,,,,,,,,,,,,,False,
4054,beijing,g00144x00181,beijing_station_04ac076f5ff2,2023-02,pending,,,,,,,,,,,,,,,,,False,
4055,beijing,g00149x00180,beijing_station_dbe9217a1654,2023-02,pending,,,,,,,,,,,,,,,,,False,
4056,hangzhou,g00243x00397,hangzhou_station_6f87f9e9aa3e,2023-02,pending,,,,,,,,,,,,,,,,,False,
4057,hangzhou,g00245x00397,hangzhou_station_eb9c9630fb07,2023-02,pending,,,,,,,,,,,,,,,,,False,
4058,chongqing,g00364x00266,chongqing_station_17fef489035c,2023-02,pending,,,,,,,,,,,,,,,,,False,
4059,chongqing,g00365x00267,chongqing_station_97b40ab1af18,2023-02,pending,,,,,,,,,,,,,,,,,False,
4060,chongqing,g00370x00267,chongqing_station_69aff189639f,2023-02,pending,,,,,,,,,,,,,,,,,False,
4061,chongqing,g00373x00266,chongqing_station_5af6a3a55446,2023-02,pending,,,,,,,,,,,,,,,,,False,
4062,chongqing,g00375x00266,chongqing_station_8e462b1da9c9,2023-02,pending,,,,,,,,,,,,,,,,,False,
4063,dalian,g00052x00122,dalian_station_c7444113b45d,2023-03,pending,,,,,,,,,,,,,,,,,False,
4064,dalian,g00052x00124,dalian_station_af2a14ed006d,2023-03,pending,,,,,,,,,,,,,,,,,False,
4065,dalian,g00053x00120,dalian_station_79822b415f8b,2023-03,pending,,,,,,,,,,,,,,,,,False,
4066,dalian,g00054x00118,dalian_station_8899058753d2,2023-03,pending,,,,,,,,,,,,,,,,,False,
4067,dalian,g00056x00118,dalian_station_7350ec63500b,2023-03,pending,,,,,,,,,,,,,,,,,False,
4068,dalian,g00057x00117,dalian_station_90dc942beac1,2023-03,pending,,,,,,,,,,,,,,,,,False,
4069,dalian,g00069x00113,dalian_station_b09a86958b0c,2023-03,pending,,,,,,,,,,,,,,,,,False,
4070,dalian,g00071x00114,dalian_station_ef936d8032ce,2023-03,pending,,,,,,,,,,,,,,,,,False,
4071,dalian,g00073x00114,dalian_station_13352e068a53,2023-03,pending,,,,,,,,,,,,,,,,,False,
4072,dalian,g00075x00115,dalian_station_543bd0587880,2023-03,pending,,,,,,,,,,,,,,,,,False,
4073,dalian,g00078x00117,dalian_station_71f2e4e57931,2023-03,pending,,,,,,,,,,,,,,,,,False,
4074,dalian,g00080x00116,dalian_station_9ba301d38162,2023-03,pending,,,,,,,,,,,,,,,,,False,
4075,dalian,g00091x00116,dalian_station_465ca9e0b463,2023-03,pending,,,,,,,,,,,,,,,,,False,
4076,beijing,g00126x00178,beijing_station_60c24c4d9730,2023-03,pending,,,,,,,,,,,,,,,,,False,
4077,zhengzhou,g00125x00168,zhengzhou_station_8d284f58f7ce,2023-05,pending,,,,,,,,,,,,,,,,,False,
4078,changchun,g00156x00236,changchun_station_bf1637cd325c,2023-06,pending,,,,,,,,,,,,,,,,,False,
4079,changchun,g00158x00236,changchun_station_9ef57eac95d7,2023-06,pending,,,,,,,,,,,,,,,,,False,
4080,changchun,g00159x00236,changchun_station_2f5fc41119c7,2023-06,pending,,,,,,,,,,,,,,,,,False,
4081,changchun,g00161x00235,changchun_station_eb1a434266bf,2023-06,pending,,,,,,,,,,,,,,,,,False,
4082,changchun,g00163x00236,changchun_station_99fa40822b58,2023-06,pending,,,,,,,,,,,,,,,,,False,
4083,shanghai,g00160x00059,shanghai_station_78898a869843,2023-06,pending,,,,,,,,,,,,,,,,,False,
4084,suzhou,g00133x00244,suzhou_station_83c4a62b7d71,2023-06,pending,,,,,,,,,,,,,,,,,False,
4085,suzhou,g00134x00241,suzhou_station_e5eaed63688a,2023-06,pending,,,,,,,,,,,,,,,,,False,
4086,suzhou,g00134x00247,suzhou_station_bcfd6fee0400,2023-06,pending,,,,,,,,,,,,,,,,,False,
4087,suzhou,g00134x00249,suzhou_station_dad6cb193a68,2023-06,pending,,,,,,,,,,,,,,,,,False,
4088,suzhou,g00136x00238,suzhou_station_6376c521076d,2023-06,pending,,,,,,,,,,,,,,,,,False,
4089,suzhou,g00139x00237,suzhou_station_c6509120aca4,2023-06,pending,,,,,,,,,,,,,,,,,False,
4090,suzhou,g00142x00239,suzhou_station_a8ba8e492575,2023-06,pending,,,,,,,,,,,,,,,,,False,
4091,suzhou,g00145x00239,suzhou_station_a841a4cb1559,2023-06,pending,,,,,,,,,,,,,,,,,False,
4092,suzhou,g00148x00239,suzhou_station_fedd41201c5a,2023-06,pending,,,,,,,,,,,,,,,,,False,
4093,suzhou,g00152x00191,suzhou_station_ebd3e80bc909,2023-06,pending,,,,,,,,,,,,,,,,,False,
4094,suzhou,g00152x00216,suzhou_station_a5def7c0507f,2023-06,pending,,,,,,,,,,,,,,,,,False,
4095,suzhou,g00152x00239,suzhou_station_087c32c36102,2023-06,pending,,,,,,,,,,,,,,,,,False,
4096,suzhou,g00153x00200,suzhou_station_11f52060662e,2023-06,pending,,,,,,,,,,,,,,,,,False,
4097,suzhou,g00153x00203,suzhou_station_de126e81342b,2023-06,pending,,,,,,,,,,,,,,,,,False,
4098,suzhou,g00153x00207,suzhou_station_b0d161eb83d9,2023-06,pending,,,,,,,,,,,,,,,,,False,
4099,suzhou,g00153x00209,suzhou_station_1c8d6be6f664,2023-06,pending,,,,,,,,,,,,,,,,,False,
4100,suzhou,g00153x00211,suzhou_station_946834ec57a7,2023-06,pending,,,,,,,,,,,,,,,,,False,
4101,suzhou,g00153x00214,suzhou_station_bede1d35fe19,2023-06,pending,,,,,,,,,,,,,,,,,False,
4102,suzhou,g00153x00219,suzhou_station_60e95c26e4c5,2023-06,pending,,,,,,,,,,,,,,,,,False,
4103,suzhou,g00153x00221,suzhou_station_5a80212b33d8,2023-06,pending,,,,,,,,,,,,,,,,,False,
4104,suzhou,g00153x00224,suzhou_station_b7308c6c2d62,2023-06,pending,,,,,,,,,,,,,,,,,False,
4105,suzhou,g00153x00226,suzhou_station_116bcecc3ba1,2023-06,pending,,,,,,,,,,,,,,,,,False,
4106,suzhou,g00153x00229,suzhou_station_f25672bc9ef4,2023-06,pending,,,,,,,,,,,,,,,,,False,
4107,suzhou,g00153x00231,suzhou_station_7aae34cb7d33,2023-06,pending,,,,,,,,,,,,,,,,,False,
4108,suzhou,g00153x00233,suzhou_station_19953eda1649,2023-06,pending,,,,,,,,,,,,,,,,,False,
4109,suzhou,g00153x00235,suzhou_station_45411c4fc5a6,2023-06,pending,,,,,,,,,,,,,,,,,False,
4110,suzhou,g00153x00237,suzhou_station_f47ed284389b,2023-06,pending,,,,,,,,,,,,,,,,,False,
4111,xiamen,g00059x00084,xiamen_station_9d460b843826,2023-06,pending,,,,,,,,,,,,,,,,,False,
4112,xiamen,g00061x00087,xiamen_station_ce45722d927d,2023-06,pending,,,,,,,,,,,,,,,,,False,
4113,xiamen,g00063x00088,xiamen_station_3f4e82469a3b,2023-06,pending,,,,,,,,,,,,,,,,,False,
4114,xiamen,g00064x00093,xiamen_station_c52001d87808,2023-06,pending,,,,,,,,,,,,,,,,,False,
4115,xian,g00105x00259,xian_station_275f7918ab50,2023-06,pending,,,,,,,,,,,,,,,,,False,
4116,xian,g00109x00259,xian_station_a182aa8eb656,2023-06,pending,,,,,,,,,,,,,,,,,False,
4117,xian,g00132x00224,xian_station_77bdf587356f,2023-06,pending,,,,,,,,,,,,,,,,,False,
4118,xian,g00139x00228,xian_station_f215e17156ee,2023-06,pending,,,,,,,,,,,,,,,,,False,
4119,xian,g00141x00228,xian_station_952724deabb4,2023-06,pending,,,,,,,,,,,,,,,,,False,
4120,xian,g00143x00229,xian_station_f6c93260d119,2023-06,pending,,,,,,,,,,,,,,,,,False,
4121,xian,g00147x00229,xian_station_a04242958991,2023-06,pending,,,,,,,,,,,,,,,,,False,
4122,xian,g00154x00231,xian_station_63efe4eb44c7,2023-06,pending,,,,,,,,,,,,,,,,,False,
4123,xian,g00156x00232,xian_station_e8d30b4472f7,2023-06,pending,,,,,,,,,,,,,,,,,False,
4124,xian,g00168x00261,xian_station_ad2a82f38b4f,2023-06,pending,,,,,,,,,,,,,,,,,False,
4125,xian,g00169x00264,xian_station_e8b45ed6760d,2023-06,pending,,,,,,,,,,,,,,,,,False,
4126,changsha,g00062x00222,changsha_station_75b6f9999f7b,2023-06,pending,,,,,,,,,,,,,,,,,False,
4127,changsha,g00065x00219,changsha_station_b1fa8d931b9e,2023-06,pending,,,,,,,,,,,,,,,,,False,
4128,changsha,g00069x00218,changsha_station_63ba83f4138e,2023-06,pending,,,,,,,,,,,,,,,,,False,
4129,changsha,g00072x00218,changsha_station_c2934fb338ef,2023-06,pending,,,,,,,,,,,,,,,,,False,
4130,changsha,g00075x00220,changsha_station_e1fb795217f1,2023-06,pending,,,,,,,,,,,,,,,,,False,
4131,lanzhou,g00118x00232,lanzhou_station_b34ba4f40554,2023-06,pending,,,,,,,,,,,,,,,,,False,
4132,lanzhou,g00118x00233,lanzhou_station_8d52f3bc1bf2,2023-06,pending,,,,,,,,,,,,,,,,,False,
4133,lanzhou,g00119x00235,lanzhou_station_e20f1fd7f9b2,2023-06,pending,,,,,,,,,,,,,,,,,False,
4134,lanzhou,g00122x00236,lanzhou_station_8517d6373a8c,2023-06,pending,,,,,,,,,,,,,,,,,False,
4135,lanzhou,g00123x00237,lanzhou_station_4fa24da4da23,2023-06,pending,,,,,,,,,,,,,,,,,False,
4136,qingdao,g00152x00178,qingdao_station_ab6a77ef6590,2023-06,pending,,,,,,,,,,,,,,,,,False,
4137,hefei,g00229x00139,hefei_station_0091baa5d7a3,2023-07,pending,,,,,,,,,,,,,,,,,False,
4138,hefei,g00232x00139,hefei_station_d776f050602d,2023-07,pending,,,,,,,,,,,,,,,,,False,
4139,hefei,g00235x00141,hefei_station_6e418464b46b,2023-07,pending,,,,,,,,,,,,,,,,,False,
4140,qingdao,g00149x00168,qingdao_station_5d3cabaf1563,2023-07,pending,,,,,,,,,,,,,,,,,False,
4141,shaoxing,g00198x00154,shaoxing_station_a24c15285991,2023-07,pending,,,,,,,,,,,,,,,,,False,
4142,shaoxing,g00198x00170,shaoxing_station_6d5201880793,2023-07,pending,,,,,,,,,,,,,,,,,False,
4143,shaoxing,g00198x00172,shaoxing_station_ec9c07714579,2023-07,pending,,,,,,,,,,,,,,,,,False,
4144,shaoxing,g00199x00161,shaoxing_station_c482589aef0d,2023-07,pending,,,,,,,,,,,,,,,,,False,
4145,shaoxing,g00199x00163,shaoxing_station_3137f9f25801,2023-07,pending,,,,,,,,,,,,,,,,,False,
4146,shaoxing,g00199x00165,shaoxing_station_1d001a97b4c8,2023-07,pending,,,,,,,,,,,,,,,,,False,
4147,shaoxing,g00199x00168,shaoxing_station_63fe706c0d36,2023-07,pending,,,,,,,,,,,,,,,,,False,
4148,tianjin,g00129x00130,tianjin_station_2aaef1832f61,2023-07,pending,,,,,,,,,,,,,,,,,False,
4149,wenzhou,g00172x00228,wenzhou_station_926f56606ad7,2023-08,pending,,,,,,,,,,,,,,,,,False,
4150,wenzhou,g00172x00231,wenzhou_station_844e9aa69613,2023-08,pending,,,,,,,,,,,,,,,,,False,
4151,wenzhou,g00173x00233,wenzhou_station_53991552c52e,2023-08,pending,,,,,,,,,,,,,,,,,False,
4152,wenzhou,g00175x00236,wenzhou_station_5aefcbbf9a98,2023-08,pending,,,,,,,,,,,,,,,,,False,
4153,wenzhou,g00178x00239,wenzhou_station_f84ccf0f5a4c,2023-08,pending,,,,,,,,,,,,,,,,,False,
4154,wenzhou,g00180x00241,wenzhou_station_2ac4d054e4a0,2023-08,pending,,,,,,,,,,,,,,,,,False,
4155,wenzhou,g00184x00244,wenzhou_station_5e3a4d378aa5,2023-08,pending,,,,,,,,,,,,,,,,,False,
4156,wenzhou,g00188x00252,wenzhou_station_5a6430530ae8,2023-08,pending,,,,,,,,,,,,,,,,,False,
4157,wenzhou,g00193x00255,wenzhou_station_a68d44d708f3,2023-08,pending,,,,,,,,,,,,,,,,,False,
4158,wenzhou,g00198x00258,wenzhou_station_c0ad3efad4db,2023-08,pending,,,,,,,,,,,,,,,,,False,
4159,wenzhou,g00201x00262,wenzhou_station_0361281d83dc,2023-08,pending,,,,,,,,,,,,,,,,,False,
4160,wenzhou,g00224x00288,wenzhou_station_83ac91cd7eb1,2023-08,pending,,,,,,,,,,,,,,,,,False,
4161,wenzhou,g00230x00293,wenzhou_station_fdb951a3c606,2023-08,pending,,,,,,,,,,,,,,,,,False,
4162,wenzhou,g00234x00293,wenzhou_station_8001c92f91db,2023-08,pending,,,,,,,,,,,,,,,,,False,
4163,wenzhou,g00240x00292,wenzhou_station_a203cdfe410d,2023-08,pending,,,,,,,,,,,,,,,,,False,
4164,wenzhou,g00245x00291,wenzhou_station_1ef4a67389e2,2023-08,pending,,,,,,,,,,,,,,,,,False,
4165,wenzhou,g00250x00294,wenzhou_station_b16d37d3489b,2023-08,pending,,,,,,,,,,,,,,,,,False,
4166,wenzhou,g00254x00298,wenzhou_station_d89fb2fdbde4,2023-08,pending,,,,,,,,,,,,,,,,,False,
4167,fuzhou,g00220x00214,fuzhou_station_bd229c561e92,2023-08,pending,,,,,,,,,,,,,,,,,False,
4168,fuzhou,g00220x00216,fuzhou_station_631053e36b17,2023-08,pending,,,,,,,,,,,,,,,,,False,
4169,fuzhou,g00221x00211,fuzhou_station_f6f8986d3633,2023-08,pending,,,,,,,,,,,,,,,,,False,
4170,fuzhou,g00230x00213,fuzhou_station_884474921ef5,2023-08,pending,,,,,,,,,,,,,,,,,False,
4171,fuzhou,g00232x00211,fuzhou_station_a9bccd484ff4,2023-08,pending,,,,,,,,,,,,,,,,,False,
4172,fuzhou,g00235x00210,fuzhou_station_3b9c8a4b80dc,2023-08,pending,,,,,,,,,,,,,,,,,False,
4173,fuzhou,g00238x00211,fuzhou_station_a28ec0f705e7,2023-08,pending,,,,,,,,,,,,,,,,,False,
4174,fuzhou,g00240x00196,fuzhou_station_c5d21ac59e12,2023-08,pending,,,,,,,,,,,,,,,,,False,
4175,fuzhou,g00241x00198,fuzhou_station_a0286b142b64,2023-08,pending,,,,,,,,,,,,,,,,,False,
4176,fuzhou,g00241x00212,fuzhou_station_2facc9ace0a7,2023-08,pending,,,,,,,,,,,,,,,,,False,
4177,fuzhou,g00242x00199,fuzhou_station_d0b395d7cff7,2023-08,pending,,,,,,,,,,,,,,,,,False,
4178,fuzhou,g00242x00203,fuzhou_station_f81732370919,2023-08,pending,,,,,,,,,,,,,,,,,False,
4179,fuzhou,g00243x00204,fuzhou_station_d00330079163,2023-08,pending,,,,,,,,,,,,,,,,,False,
4180,fuzhou,g00243x00206,fuzhou_station_3187a9837b08,2023-08,pending,,,,,,,,,,,,,,,,,False,
4181,fuzhou,g00243x00212,fuzhou_station_fe70e56db5b4,2023-08,pending,,,,,,,,,,,,,,,,,False,
4182,fuzhou,g00244x00209,fuzhou_station_318b0e54b276,2023-08,pending,,,,,,,,,,,,,,,,,False,
4183,zhengzhou,g00114x00215,zhengzhou_station_3f79691addac,2023-09,pending,,,,,,,,,,,,,,,,,False,
4184,zhengzhou,g00116x00215,zhengzhou_station_c06d988997ce,2023-09,pending,,,,,,,,,,,,,,,,,False,
4185,zhengzhou,g00119x00215,zhengzhou_station_9ea1b36d0188,2023-09,pending,,,,,,,,,,,,,,,,,False,
4186,zhengzhou,g00120x00215,zhengzhou_station_490b5e3b343a,2023-09,pending,,,,,,,,,,,,,,,,,False,
4187,xian,g00149x00214,xian_station_f75eb6ec9888,2023-09,pending,,,,,,,,,,,,,,,,,False,
4188,xian,g00151x00211,xian_station_d237dfdcf731,2023-09,pending,,,,,,,,,,,,,,,,,False,
4189,xian,g00151x00217,xian_station_ee7a9d86fedb,2023-09,pending,,,,,,,,,,,,,,,,,False,
4190,xian,g00151x00221,xian_station_0b32ab5bac1c,2023-09,pending,,,,,,,,,,,,,,,,,False,
4191,xian,g00152x00223,xian_station_cd96c0381e74,2023-09,pending,,,,,,,,,,,,,,,,,False,
4192,xian,g00154x00210,xian_station_81a710e83cb6,2023-09,pending,,,,,,,,,,,,,,,,,False,
4193,xian,g00156x00209,xian_station_7ff201a58a4d,2023-09,pending,,,,,,,,,,,,,,,,,False,
4194,zhengzhou,g00098x00211,zhengzhou_station_615b3f875f8d,2023-09,pending,,,,,,,,,,,,,,,,,False,
4195,zhengzhou,g00099x00197,zhengzhou_station_6f2fa91f150e,2023-09,pending,,,,,,,,,,,,,,,,,False,
4196,zhengzhou,g00131x00151,zhengzhou_station_c32506860293,2023-09,pending,,,,,,,,,,,,,,,,,False,
4197,zhengzhou,g00131x00157,zhengzhou_station_4dae2457d506,2023-09,pending,,,,,,,,,,,,,,,,,False,
4198,zhengzhou,g00131x00161,zhengzhou_station_ed11a8819612,2023-09,pending,,,,,,,,,,,,,,,,,False,
4199,zhengzhou,g00131x00171,zhengzhou_station_5c3ad0061747,2023-09,pending,,,,,,,,,,,,,,,,,False,
4200,zhengzhou,g00131x00176,zhengzhou_station_558122301232,2023-09,pending,,,,,,,,,,,,,,,,,False,
4201,zhengzhou,g00131x00178,zhengzhou_station_4f3a2b28787a,2023-09,pending,,,,,,,,,,,,,,,,,False,
4202,harbin,g00396x00186,harbin_station_374b4d69c757,2023-09,pending,,,,,,,,,,,,,,,,,False,
4203,harbin,g00397x00187,harbin_station_cb02c24d4273,2023-09,pending,,,,,,,,,,,,,,,,,False,
4204,harbin,g00397x00189,harbin_station_60c56bfaf58f,2023-09,pending,,,,,,,,,,,,,,,,,False,
4205,shenyang,g00120x00186,shenyang_station_9bee0b6e96e9,2023-09,pending,,,,,,,,,,,,,,,,,False,
4206,shenyang,g00126x00186,shenyang_station_a975e8bcbf7e,2023-09,pending,,,,,,,,,,,,,,,,,False,
4207,shenyang,g00130x00183,shenyang_station_c63a67e56cfb,2023-09,pending,,,,,,,,,,,,,,,,,False,
4208,shenyang,g00142x00183,shenyang_station_1d71df631074,2023-09,pending,,,,,,,,,,,,,,,,,False,
4209,shenyang,g00149x00183,shenyang_station_ac0b530f5b4c,2023-09,pending,,,,,,,,,,,,,,,,,False,
4210,shenyang,g00153x00186,shenyang_station_e79ad9dca218,2023-09,pending,,,,,,,,,,,,,,,,,False,
4211,shenyang,g00161x00196,shenyang_station_ac8d80d2ea4d,2023-09,pending,,,,,,,,,,,,,,,,,False,
4212,shenyang,g00167x00198,shenyang_station_33db5300fb57,2023-09,pending,,,,,,,,,,,,,,,,,False,
4213,shenyang,g00168x00198,shenyang_station_d1245784367b,2023-09,pending,,,,,,,,,,,,,,,,,False,
4214,shenyang,g00171x00196,shenyang_station_0783ebef3c87,2023-09,pending,,,,,,,,,,,,,,,,,False,
4215,chongqing,g00329x00272,chongqing_station_cf76ef4d67c8,2023-10,pending,,,,,,,,,,,,,,,,,False,
4216,chongqing,g00345x00279,chongqing_station_3cf2f098471a,2023-10,pending,,,,,,,,,,,,,,,,,False,
4217,qingdao,g00129x00146,qingdao_station_c37f5d369742,2023-10,pending,,,,,,,,,,,,,,,,,False,
4218,qingdao,g00131x00145,qingdao_station_357f57b2e0bc,2023-10,pending,,,,,,,,,,,,,,,,,False,
4219,chengdu,g00083x00244,chengdu_station_608ef1a588ff,2023-11,pending,,,,,,,,,,,,,,,,,False,
4220,chengdu,g00089x00236,chengdu_station_d0814c76765d,2023-11,pending,,,,,,,,,,,,,,,,,False,
4221,chengdu,g00093x00227,chengdu_station_da77ba360f89,2023-11,pending,,,,,,,,,,,,,,,,,False,
4222,chengdu,g00097x00223,chengdu_station_31c94796a706,2023-11,pending,,,,,,,,,,,,,,,,,False,
4223,chengdu,g00104x00217,chengdu_station_2494eda3cd7f,2023-11,pending,,,,,,,,,,,,,,,,,False,
4224,chengdu,g00107x00217,chengdu_station_923619ffba1d,2023-11,pending,,,,,,,,,,,,,,,,,False,
4225,chongqing,g00320x00265,chongqing_station_4f7f80f429cd,2023-11,pending,,,,,,,,,,,,,,,,,False,
4226,chongqing,g00324x00266,chongqing_station_79daa0c111a4,2023-11,pending,,,,,,,,,,,,,,,,,False,
4227,chongqing,g00332x00252,chongqing_station_bb679a01434a,2023-11,pending,,,,,,,,,,,,,,,,,False,
4228,hangzhou,g00249x00368,hangzhou_station_203de1ba5848,2023-11,pending,,,,,,,,,,,,,,,,,False,
4229,wuhan,g00118x00131,wuhan_station_3aed3b8d772f,2023-12,pending,,,,,,,,,,,,,,,,,False,
4230,wuhan,g00121x00131,wuhan_station_4d3012c3fe4f,2023-12,pending,,,,,,,,,,,,,,,,,False,
4231,guiyang,g00064x00130,guiyang_station_f9ff653cd2e1,2023-12,pending,,,,,,,,,,,,,,,,,False,
4232,guiyang,g00067x00130,guiyang_station_6a86fc724451,2023-12,pending,,,,,,,,,,,,,,,,,False,
4233,guiyang,g00069x00130,guiyang_station_cabe3236a4cd,2023-12,pending,,,,,,,,,,,,,,,,,False,
4234,guiyang,g00071x00130,guiyang_station_cc35478d5dcc,2023-12,pending,,,,,,,,,,,,,,,,,False,
4235,guiyang,g00074x00130,guiyang_station_9084d904b4ba,2023-12,pending,,,,,,,,,,,,,,,,,False,
4236,guiyang,g00077x00130,guiyang_station_148b8871b39a,2023-12,pending,,,,,,,,,,,,,,,,,False,
4237,guiyang,g00082x00129,guiyang_station_41ff056a8a7a,2023-12,pending,,,,,,,,,,,,,,,,,False,
4238,guiyang,g00086x00129,guiyang_station_b447389b2923,2023-12,pending,,,,,,,,,,,,,,,,,False,
4239,guiyang,g00089x00129,guiyang_station_2cf688f9ba50,2023-12,pending,,,,,,,,,,,,,,,,,False,
4240,guiyang,g00095x00129,guiyang_station_b4f9f2852c1b,2023-12,pending,,,,,,,,,,,,,,,,,False,
4241,guiyang,g00098x00130,guiyang_station_2e7989ad8c46,2023-12,pending,,,,,,,,,,,,,,,,,False,
4242,guiyang,g00100x00131,guiyang_station_d49a0db9c195,2023-12,pending,,,,,,,,,,,,,,,,,False,
4243,guiyang,g00103x00130,guiyang_station_6ae30f662a1b,2023-12,pending,,,,,,,,,,,,,,,,,False,
4244,guiyang,g00104x00129,guiyang_station_c6a81f296d11,2023-12,pending,,,,,,,,,,,,,,,,,False,
4245,guiyang,g00106x00131,guiyang_station_31df11532f18,2023-12,pending,,,,,,,,,,,,,,,,,False,
4246,guiyang,g00106x00132,guiyang_station_7aa57c53b062,2023-12,pending,,,,,,,,,,,,,,,,,False,
4247,guiyang,g00114x00139,guiyang_station_ad30c70f6b20,2023-12,pending,,,,,,,,,,,,,,,,,False,
4248,guiyang,g00120x00147,guiyang_station_9988a7ac36f2,2023-12,pending,,,,,,,,,,,,,,,,,False,
4249,guiyang,g00122x00157,guiyang_station_ca136d202697,2023-12,pending,,,,,,,,,,,,,,,,,False,
4250,guiyang,g00126x00159,guiyang_station_dd89633beac1,2023-12,pending,,,,,,,,,,,,,,,,,False,
4251,zhengzhou,g00122x00205,zhengzhou_station_fced47ba5ef2,2023-12,pending,,,,,,,,,,,,,,,,,False,
4252,zhengzhou,g00128x00206,zhengzhou_station_75a6f4760da4,2023-12,pending,,,,,,,,,,,,,,,,,False,
4253,zhengzhou,g00139x00208,zhengzhou_station_721e54869ce4,2023-12,pending,,,,,,,,,,,,,,,,,False,
4254,zhengzhou,g00142x00210,zhengzhou_station_7c3fd071049c,2023-12,pending,,,,,,,,,,,,,,,,,False,
4255,zhengzhou,g00142x00214,zhengzhou_station_535d311f89d4,2023-12,pending,,,,,,,,,,,,,,,,,False,
4256,zhengzhou,g00143x00220,zhengzhou_station_6359cc9ffecb,2023-12,pending,,,,,,,,,,,,,,,,,False,
4257,harbin,g00395x00184,harbin_station_21ee7976b6be,2023-12,pending,,,,,,,,,,,,,,,,,False,
4258,hefei,g00183x00113,hefei_station_f32620c9b335,2023-12,pending,,,,,,,,,,,,,,,,,False,
4259,hefei,g00185x00113,hefei_station_3fa9681947d3,2023-12,pending,,,,,,,,,,,,,,,,,False,
4260,hefei,g00186x00111,hefei_station_579c57e35207,2023-12,pending,,,,,,,,,,,,,,,,,False,
4261,hefei,g00188x00110,hefei_station_3147bf808889,2023-12,pending,,,,,,,,,,,,,,,,,False,
4262,hefei,g00190x00109,hefei_station_540a8492402b,2023-12,pending,,,,,,,,,,,,,,,,,False,
4263,hefei,g00192x00110,hefei_station_86696a20adb0,2023-12,pending,,,,,,,,,,,,,,,,,False,
4264,hefei,g00196x00112,hefei_station_653a62b1b989,2023-12,pending,,,,,,,,,,,,,,,,,False,
4265,hefei,g00220x00173,hefei_station_2bd8b5626dae,2023-12,pending,,,,,,,,,,,,,,,,,False,
4266,hefei,g00225x00159,hefei_station_2b2822cb5d64,2023-12,pending,,,,,,,,,,,,,,,,,False,
4267,hefei,g00225x00161,hefei_station_93ca7d474891,2023-12,pending,,,,,,,,,,,,,,,,,False,
4268,hefei,g00225x00163,hefei_station_d7bfa40fb8bc,2023-12,pending,,,,,,,,,,,,,,,,,False,
4269,hefei,g00225x00166,hefei_station_e6e91e64cab1,2023-12,pending,,,,,,,,,,,,,,,,,False,
4270,hefei,g00225x00169,hefei_station_339252562a6c,2023-12,pending,,,,,,,,,,,,,,,,,False,
4271,hefei,g00225x00171,hefei_station_c8109ad4ba28,2023-12,pending,,,,,,,,,,,,,,,,,False,
4272,nantong,g00097x00165,nantong_station_892468c50bbd,2023-12,pending,,,,,,,,,,,,,,,,,False,
4273,nantong,g00098x00150,nantong_station_019de18af546,2023-12,pending,,,,,,,,,,,,,,,,,False,
4274,nantong,g00098x00156,nantong_station_34f363d84c53,2023-12,pending,,,,,,,,,,,,,,,,,False,
4275,nantong,g00098x00169,nantong_station_ebb70b7118f2,2023-12,pending,,,,,,,,,,,,,,,,,False,
4276,nantong,g00099x00148,nantong_station_42beac26a265,2023-12,pending,,,,,,,,,,,,,,,,,False,
4277,nantong,g00099x00153,nantong_station_88a23050c9e6,2023-12,pending,,,,,,,,,,,,,,,,,False,
4278,nantong,g00107x00147,nantong_station_fd10581f8839,2023-12,pending,,,,,,,,,,,,,,,,,False,
4279,nantong,g00109x00147,nantong_station_e5f717604850,2023-12,pending,,,,,,,,,,,,,,,,,False,
4280,nantong,g00116x00146,nantong_station_28624ecdd4e1,2023-12,pending,,,,,,,,,,,,,,,,,False,
4281,shenzhen,g00187x00145,shenzhen_station_4eae03fc8bcb,2023-12,pending,,,,,,,,,,,,,,,,,False,
4282,shenzhen,g00188x00143,shenzhen_station_218e35b0213b,2023-12,pending,,,,,,,,,,,,,,,,,False,
4283,shenzhen,g00188x00152,shenzhen_station_a93d20548e21,2023-12,pending,,,,,,,,,,,,,,,,,False,
4284,shenzhen,g00190x00156,shenzhen_station_f9a419d54513,2023-12,pending,,,,,,,,,,,,,,,,,False,
4285,chongqing,g00295x00241,chongqing_station_fdf17378771c,2023-12,pending,,,,,,,,,,,,,,,,,False,
4286,chongqing,g00299x00246,chongqing_station_7fb73d0c2769,2023-12,pending,,,,,,,,,,,,,,,,,False,
4287,chongqing,g00300x00250,chongqing_station_119a5c305bf9,2023-12,pending,,,,,,,,,,,,,,,,,False,
4288,chongqing,g00302x00255,chongqing_station_d4ab6618b8d0,2023-12,pending,,,,,,,,,,,,,,,,,False,
4289,chongqing,g00304x00257,chongqing_station_719d9a0e1090,2023-12,pending,,,,,,,,,,,,,,,,,False,
4290,chongqing,g00307x00257,chongqing_station_e67bfefbedd4,2023-12,pending,,,,,,,,,,,,,,,,,False,
4291,chongqing,g00310x00258,chongqing_station_b424502c6b83,2023-12,pending,,,,,,,,,,,,,,,,,False,
4292,chongqing,g00312x00259,chongqing_station_33fd0dd43b5f,2023-12,pending,,,,,,,,,,,,,,,,,False,
4293,chongqing,g00315x00261,chongqing_station_d6d7de8c0461,2023-12,pending,,,,,,,,,,,,,,,,,False,
4294,chongqing,g00316x00262,chongqing_station_597cc384554b,2023-12,pending,,,,,,,,,,,,,,,,,False,
4295,chongqing,g00318x00259,chongqing_station_6800c871d48c,2023-12,pending,,,,,,,,,,,,,,,,,False,
4296,chongqing,g00318x00261,chongqing_station_3118349c5aca,2023-12,pending,,,,,,,,,,,,,,,,,False,
4297,chongqing,g00322x00255,chongqing_station_9d2147f6566b,2023-12,pending,,,,,,,,,,,,,,,,,False,
4298,guangzhou,g00134x00111,guangzhou_station_c9d2808ddce1,2023-12,pending,,,,,,,,,,,,,,,,,False,
4299,guangzhou,g00138x00130,guangzhou_station_ff7e6f5062ae,2023-12,pending,,,,,,,,,,,,,,,,,False,
4300,guangzhou,g00141x00126,guangzhou_station_3c02d7482ea9,2023-12,pending,,,,,,,,,,,,,,,,,False,
4301,guangzhou,g00148x00120,guangzhou_station_cbd54c2c4970,2023-12,pending,,,,,,,,,,,,,,,,,False,
4302,guangzhou,g00152x00121,guangzhou_station_cbebfadda7bf,2023-12,pending,,,,,,,,,,,,,,,,,False,
4303,guangzhou,g00155x00122,guangzhou_station_db9fecf5be80,2023-12,pending,,,,,,,,,,,,,,,,,False,
4304,guangzhou,g00162x00123,guangzhou_station_dc8540419bd8,2023-12,pending,,,,,,,,,,,,,,,,,False,
4305,nanjing,g00184x00083,nanjing_station_fb222f77fed8,2023-12,pending,,,,,,,,,,,,,,,,,False,
4306,nanjing,g00188x00087,nanjing_station_f8d9f2c70e97,2023-12,pending,,,,,,,,,,,,,,,,,False,
4307,nanjing,g00190x00089,nanjing_station_689724ff75b5,2023-12,pending,,,,,,,,,,,,,,,,,False,
4308,nanjing,g00193x00091,nanjing_station_f4f4338b99e7,2023-12,pending,,,,,,,,,,,,,,,,,False,
4309,nanjing,g00196x00091,nanjing_station_26b6420ab884,2023-12,pending,,,,,,,,,,,,,,,,,False,
4310,tianjin,g00132x00135,tianjin_station_3172512a954e,2023-12,pending,,,,,,,,,,,,,,,,,False,
4311,tianjin,g00134x00118,tianjin_station_db6bcd0501c3,2023-12,pending,,,,,,,,,,,,,,,,,False,
4312,tianjin,g00134x00131,tianjin_station_c5ada22b030c,2023-12,pending,,,,,,,,,,,,,,,,,False,
4313,tianjin,g00134x00133,tianjin_station_7ab8bd4ef747,2023-12,pending,,,,,,,,,,,,,,,,,False,
4314,tianjin,g00135x00128,tianjin_station_02f66ce676e4,2023-12,pending,,,,,,,,,,,,,,,,,False,
4315,tianjin,g00135x00129,tianjin_station_32f135388324,2023-12,pending,,,,,,,,,,,,,,,,,False,
4316,tianjin,g00136x00119,tianjin_station_ea3096b369a2,2023-12,pending,,,,,,,,,,,,,,,,,False,
4317,tianjin,g00136x00123,tianjin_station_51552189a096,2023-12,pending,,,,,,,,,,,,,,,,,False,
4318,tianjin,g00136x00124,tianjin_station_e92d55c925c1,2023-12,pending,,,,,,,,,,,,,,,,,False,
4319,tianjin,g00137x00120,tianjin_station_d9e6b3b55cb7,2023-12,pending,,,,,,,,,,,,,,,,,False,
4320,zhengzhou,g00028x00226,zhengzhou_station_ab2ec5c0c7d7,2023-12,pending,,,,,,,,,,,,,,,,,False,
4321,zhengzhou,g00034x00226,zhengzhou_station_f92b3598b6c0,2023-12,pending,,,,,,,,,,,,,,,,,False,
4322,zhengzhou,g00051x00226,zhengzhou_station_7c4d603d46b3,2023-12,pending,,,,,,,,,,,,,,,,,False,
4323,zhengzhou,g00053x00226,zhengzhou_station_702cf19bf1b2,2023-12,pending,,,,,,,,,,,,,,,,,False,
4324,zhengzhou,g00056x00226,zhengzhou_station_e49bf594f6dc,2023-12,pending,,,,,,,,,,,,,,,,,False,
4325,zhengzhou,g00058x00226,zhengzhou_station_d8f2c424acd0,2023-12,pending,,,,,,,,,,,,,,,,,False,
4326,zhengzhou,g00060x00226,zhengzhou_station_ad2bdbb7a25f,2023-12,pending,,,,,,,,,,,,,,,,,False,
4327,zhengzhou,g00065x00224,zhengzhou_station_2fa1c9c10614,2023-12,pending,,,,,,,,,,,,,,,,,False,
4328,zhengzhou,g00068x00223,zhengzhou_station_309a2876a2fa,2023-12,pending,,,,,,,,,,,,,,,,,False,
4329,zhengzhou,g00070x00223,zhengzhou_station_ff9f32188919,2023-12,pending,,,,,,,,,,,,,,,,,False,
4330,zhengzhou,g00085x00223,zhengzhou_station_89386bec833b,2023-12,pending,,,,,,,,,,,,,,,,,False,
4331,zhengzhou,g00087x00222,zhengzhou_station_ac0811d47b75,2023-12,pending,,,,,,,,,,,,,,,,,False,
4332,zhengzhou,g00090x00222,zhengzhou_station_d996bf5913c4,2023-12,pending,,,,,,,,,,,,,,,,,False,
4333,zhengzhou,g00093x00223,zhengzhou_station_c86e52cc0bc4,2023-12,pending,,,,,,,,,,,,,,,,,False,
4334,zhengzhou,g00099x00225,zhengzhou_station_e11575e5a30c,2023-12,pending,,,,,,,,,,,,,,,,,False,
4335,beijing,g00107x00160,beijing_station_201dad8537ab,2023-12,pending,,,,,,,,,,,,,,,,,False,
4336,beijing,g00107x00163,beijing_station_661460bbb9ce,2023-12,pending,,,,,,,,,,,,,,,,,False,
4337,beijing,g00126x00147,beijing_station_7ad9b75a5ff2,2023-12,pending,,,,,,,,,,,,,,,,,False,
4338,beijing,g00130x00196,beijing_station_35a4a0af2b02,2023-12,pending,,,,,,,,,,,,,,,,,False,
4339,beijing,g00148x00196,beijing_station_9dbcc858ad84,2023-12,pending,,,,,,,,,,,,,,,,,False,
4340,beijing,g00152x00196,beijing_station_59008793ab15,2023-12,pending,,,,,,,,,,,,,,,,,False,
4341,beijing,g00156x00196,beijing_station_1b43c212d8e9,2023-12,pending,,,,,,,,,,,,,,,,,False,
4342,beijing,g00166x00201,beijing_station_105a405b206a,2023-12,pending,,,,,,,,,,,,,,,,,False,
4343,beijing,g00170x00201,beijing_station_fab530620323,2023-12,pending,,,,,,,,,,,,,,,,,False,
4344,wuhan,g00127x00177,wuhan_station_9e6b9f9dfd84,2023-12,pending,,,,,,,,,,,,,,,,,False,
4345,wuhan,g00129x00177,wuhan_station_9fedcee5e55d,2023-12,pending,,,,,,,,,,,,,,,,,False,
4346,wuhan,g00142x00180,wuhan_station_57414bfe754f,2023-12,pending,,,,,,,,,,,,,,,,,False,
4347,wuhan,g00145x00171,wuhan_station_f89634e772ac,2023-12,pending,,,,,,,,,,,,,,,,,False,
4348,wuhan,g00145x00178,wuhan_station_d567f5efbe0d,2023-12,pending,,,,,,,,,,,,,,,,,False,
4349,wuhan,g00150x00169,wuhan_station_2fc1bbc77489,2023-12,pending,,,,,,,,,,,,,,,,,False,
4350,wuhan,g00156x00163,wuhan_station_c0c4b0a5ace6,2023-12,pending,,,,,,,,,,,,,,,,,False,
4351,changchun,g00186x00235,changchun_station_52e9ecfac565,2023-12,pending,,,,,,,,,,,,,,,,,False,
4352,changzhou,g00189x00230,changzhou_station_18225dc6e621,2024-01,pending,,,,,,,,,,,,,,,,,False,
4353,changzhou,g00193x00230,changzhou_station_dea9e3fa7554,2024-01,pending,,,,,,,,,,,,,,,,,False,
4354,shanghai,g00157x00065,shanghai_station_9ff287f54945,2024-01,pending,,,,,,,,,,,,,,,,,False,
4355,shanghai,g00158x00062,shanghai_station_0fdd194e60fa,2024-01,pending,,,,,,,,,,,,,,,,,False,
4356,shanghai,g00158x00068,shanghai_station_2a80339626a5,2024-01,pending,,,,,,,,,,,,,,,,,False,
4357,shanghai,g00163x00058,shanghai_station_ed6743a38ead,2024-01,pending,,,,,,,,,,,,,,,,,False,
4358,shanghai,g00166x00060,shanghai_station_152e2170b28a,2024-01,pending,,,,,,,,,,,,,,,,,False,
4359,shanghai,g00170x00060,shanghai_station_84c50350fdcf,2024-01,pending,,,,,,,,,,,,,,,,,False,
4360,shanghai,g00173x00060,shanghai_station_9a7e81022d1b,2024-01,pending,,,,,,,,,,,,,,,,,False,
4361,shanghai,g00176x00060,shanghai_station_1b9dc633b3ef,2024-01,pending,,,,,,,,,,,,,,,,,False,
4362,wuxi,g00149x00175,wuxi_station_65572a96312b,2024-01,pending,,,,,,,,,,,,,,,,,False,
4363,wuxi,g00155x00174,wuxi_station_ecc2d95956ea,2024-01,pending,,,,,,,,,,,,,,,,,False,
4364,wuxi,g00163x00172,wuxi_station_03f670b03d8b,2024-01,pending,,,,,,,,,,,,,,,,,False,
4365,wuxi,g00173x00168,wuxi_station_a89785b8a801,2024-01,pending,,,,,,,,,,,,,,,,,False,
4366,wuxi,g00179x00167,wuxi_station_4de24d1ac106,2024-01,pending,,,,,,,,,,,,,,,,,False,
4367,wuxi,g00183x00170,wuxi_station_318a1141eb2b,2024-01,pending,,,,,,,,,,,,,,,,,False,
4368,wuxi,g00186x00168,wuxi_station_80f8007b56bb,2024-01,pending,,,,,,,,,,,,,,,,,False,
4369,changchun,g00159x00245,changchun_station_940dc2c4bf4e,2024-03,pending,,,,,,,,,,,,,,,,,False,
4370,changchun,g00159x00246,changchun_station_e810abb9c483,2024-03,pending,,,,,,,,,,,,,,,,,False,
4371,changchun,g00160x00240,changchun_station_6d43f1fe70c1,2024-03,pending,,,,,,,,,,,,,,,,,False,
4372,changchun,g00160x00242,changchun_station_443eafe49e8b,2024-03,pending,,,,,,,,,,,,,,,,,False,
4373,changchun,g00161x00237,changchun_station_0ddca71e5af5,2024-03,pending,,,,,,,,,,,,,,,,,False,
4374,changchun,g00165x00224,changchun_station_d5b35902c31f,2024-03,pending,,,,,,,,,,,,,,,,,False,
4375,changchun,g00166x00226,changchun_station_a9764c4210b1,2024-03,pending,,,,,,,,,,,,,,,,,False,
4376,changchun,g00166x00227,changchun_station_799c81dd929b,2024-03,pending,,,,,,,,,,,,,,,,,False,
4377,changchun,g00166x00234,changchun_station_45e3e99024a5,2024-03,pending,,,,,,,,,,,,,,,,,False,
4378,changchun,g00167x00221,changchun_station_01a2a95e7dd2,2024-03,pending,,,,,,,,,,,,,,,,,False,
4379,changchun,g00168x00221,changchun_station_fdd8f13daa2f,2024-03,pending,,,,,,,,,,,,,,,,,False,
4380,changchun,g00172x00217,changchun_station_1c47998c37d6,2024-03,pending,,,,,,,,,,,,,,,,,False,
4381,changchun,g00174x00215,changchun_station_7109a332edea,2024-03,pending,,,,,,,,,,,,,,,,,False,
4382,changchun,g00178x00212,changchun_station_73953a9674bf,2024-03,pending,,,,,,,,,,,,,,,,,False,
4383,changchun,g00181x00211,changchun_station_534c3a10a393,2024-03,pending,,,,,,,,,,,,,,,,,False,
4384,nanjing,g00168x00103,nanjing_station_3369cfd43853,2024-03,pending,,,,,,,,,,,,,,,,,False,
4385,nanjing,g00172x00109,nanjing_station_653c420b6c94,2024-03,pending,,,,,,,,,,,,,,,,,False,
4386,nanjing,g00175x00110,nanjing_station_1578fbf0df1e,2024-03,pending,,,,,,,,,,,,,,,,,False,
4387,nanjing,g00179x00110,nanjing_station_f0dd57964d88,2024-03,pending,,,,,,,,,,,,,,,,,False,
4388,nanjing,g00182x00109,nanjing_station_77e1ae5f0e8f,2024-03,pending,,,,,,,,,,,,,,,,,False,
4389,nanjing,g00183x00109,nanjing_station_767e9d52a3af,2024-03,pending,,,,,,,,,,,,,,,,,False,
4390,shaoxing,g00203x00151,shaoxing_station_c916c30ddef0,2024-04,pending,,,,,,,,,,,,,,,,,False,
4391,shaoxing,g00205x00151,shaoxing_station_840ec8c1f8ad,2024-04,pending,,,,,,,,,,,,,,,,,False,
4392,shaoxing,g00208x00151,shaoxing_station_fefb7c12d4d0,2024-04,pending,,,,,,,,,,,,,,,,,False,
4393,chengdu,g00098x00235,chengdu_station_1213f1c12efe,2024-04,pending,,,,,,,,,,,,,,,,,False,
4394,qingdao,g00117x00126,qingdao_station_2a58b0c336a3,2024-04,pending,,,,,,,,,,,,,,,,,False,
4395,qingdao,g00119x00127,qingdao_station_0074346d67cd,2024-04,pending,,,,,,,,,,,,,,,,,False,
4396,qingdao,g00120x00130,qingdao_station_abe22f89fb38,2024-04,pending,,,,,,,,,,,,,,,,,False,
4397,qingdao,g00121x00133,qingdao_station_a615353a9ce4,2024-04,pending,,,,,,,,,,,,,,,,,False,
4398,qingdao,g00122x00135,qingdao_station_63b59e26a460,2024-04,pending,,,,,,,,,,,,,,,,,False,
4399,qingdao,g00123x00137,qingdao_station_8920a8deebfc,2024-04,pending,,,,,,,,,,,,,,,,,False,
4400,qingdao,g00126x00142,qingdao_station_850bfb10cdeb,2024-04,pending,,,,,,,,,,,,,,,,,False,
4401,qingdao,g00130x00142,qingdao_station_cbe8218979af,2024-04,pending,,,,,,,,,,,,,,,,,False,
4402,qingdao,g00132x00141,qingdao_station_1c0ebcc8dcb9,2024-04,pending,,,,,,,,,,,,,,,,,False,
4403,qingdao,g00134x00141,qingdao_station_2c199c670c5b,2024-04,pending,,,,,,,,,,,,,,,,,False,
4404,qingdao,g00138x00142,qingdao_station_3d9513c2c1ef,2024-04,pending,,,,,,,,,,,,,,,,,False,
4405,qingdao,g00142x00142,qingdao_station_da990ec4ed78,2024-04,pending,,,,,,,,,,,,,,,,,False,
4406,qingdao,g00145x00142,qingdao_station_0e90665ef8eb,2024-04,pending,,,,,,,,,,,,,,,,,False,
4407,qingdao,g00147x00140,qingdao_station_4f7e0cd8ce23,2024-04,pending,,,,,,,,,,,,,,,,,False,
4408,qingdao,g00150x00135,qingdao_station_38ce4cd7777a,2024-04,pending,,,,,,,,,,,,,,,,,False,
4409,qingdao,g00150x00139,qingdao_station_94d2fb7ea733,2024-04,pending,,,,,,,,,,,,,,,,,False,
4410,qingdao,g00151x00133,qingdao_station_11f87cb093aa,2024-04,pending,,,,,,,,,,,,,,,,,False,
4411,qingdao,g00152x00130,qingdao_station_ddc539a9ec81,2024-04,pending,,,,,,,,,,,,,,,,,False,
4412,hefei,g00199x00099,hefei_station_24cd4f07cda6,2024-05,pending,,,,,,,,,,,,,,,,,False,
4413,hefei,g00200x00098,hefei_station_a48d3ecede10,2024-05,pending,,,,,,,,,,,,,,,,,False,
4414,hefei,g00201x00097,hefei_station_c5363d14e1b7,2024-05,pending,,,,,,,,,,,,,,,,,False,
4415,hefei,g00205x00102,hefei_station_640bc47eee26,2024-05,pending,,,,,,,,,,,,,,,,,False,
4416,hefei,g00205x00106,hefei_station_4f852932e213,2024-05,pending,,,,,,,,,,,,,,,,,False,
4417,hefei,g00209x00107,hefei_station_e2f767d550b7,2024-05,pending,,,,,,,,,,,,,,,,,False,
4418,hefei,g00212x00107,hefei_station_86d0ac11ae56,2024-05,pending,,,,,,,,,,,,,,,,,False,
4419,changsha,g00118x00231,changsha_station_96e94c00f774,2024-06,pending,,,,,,,,,,,,,,,,,False,
4420,changsha,g00121x00229,changsha_station_200199ae5726,2024-06,pending,,,,,,,,,,,,,,,,,False,
4421,changsha,g00125x00227,changsha_station_99d4ba2fae3c,2024-06,pending,,,,,,,,,,,,,,,,,False,
4422,changsha,g00128x00225,changsha_station_417ebd5e6112,2024-06,pending,,,,,,,,,,,,,,,,,False,
4423,ningbo,g00276x00162,ningbo_station_d02381301c66,2024-06,pending,,,,,,,,,,,,,,,,,False,
4424,suzhou,g00129x00185,suzhou_station_dbab6fc9c1ec,2024-06,pending,,,,,,,,,,,,,,,,,False,
4425,suzhou,g00129x00187,suzhou_station_b80e8c7c3416,2024-06,pending,,,,,,,,,,,,,,,,,False,
4426,suzhou,g00130x00184,suzhou_station_8369dfcdddc3,2024-06,pending,,,,,,,,,,,,,,,,,False,
4427,suzhou,g00132x00183,suzhou_station_796f4014a2b0,2024-06,pending,,,,,,,,,,,,,,,,,False,
4428,suzhou,g00134x00183,suzhou_station_74f22dc89afd,2024-06,pending,,,,,,,,,,,,,,,,,False,
4429,suzhou,g00136x00160,suzhou_station_60a509328941,2024-06,pending,,,,,,,,,,,,,,,,,False,
4430,suzhou,g00136x00184,suzhou_station_adc3ce742b9a,2024-06,pending,,,,,,,,,,,,,,,,,False,
4431,suzhou,g00137x00163,suzhou_station_21f76acb408e,2024-06,pending,,,,,,,,,,,,,,,,,False,
4432,suzhou,g00137x00167,suzhou_station_b1a493a2c851,2024-06,pending,,,,,,,,,,,,,,,,,False,
4433,suzhou,g00137x00168,suzhou_station_f1aa5be277c9,2024-06,pending,,,,,,,,,,,,,,,,,False,
4434,suzhou,g00137x00179,suzhou_station_a086b716a68b,2024-06,pending,,,,,,,,,,,,,,,,,False,
4435,suzhou,g00137x00181,suzhou_station_f0d11c9aa76f,2024-06,pending,,,,,,,,,,,,,,,,,False,
4436,suzhou,g00137x00183,suzhou_station_aa580f4a4538,2024-06,pending,,,,,,,,,,,,,,,,,False,
4437,suzhou,g00138x00159,suzhou_station_e14f273d06d7,2024-06,pending,,,,,,,,,,,,,,,,,False,
4438,suzhou,g00139x00159,suzhou_station_3edf1ea51f7a,2024-06,pending,,,,,,,,,,,,,,,,,False,
4439,suzhou,g00141x00158,suzhou_station_6c202186848a,2024-06,pending,,,,,,,,,,,,,,,,,False,
4440,suzhou,g00143x00147,suzhou_station_70e2c24f822e,2024-06,pending,,,,,,,,,,,,,,,,,False,
4441,suzhou,g00143x00149,suzhou_station_e08d3d3488fa,2024-06,pending,,,,,,,,,,,,,,,,,False,
4442,suzhou,g00143x00151,suzhou_station_ac04a236e161,2024-06,pending,,,,,,,,,,,,,,,,,False,
4443,suzhou,g00144x00153,suzhou_station_1bcd34f416f0,2024-06,pending,,,,,,,,,,,,,,,,,False,
4444,suzhou,g00144x00154,suzhou_station_40c25f4bd993,2024-06,pending,,,,,,,,,,,,,,,,,False,
4445,suzhou,g00144x00156,suzhou_station_191916553a2e,2024-06,pending,,,,,,,,,,,,,,,,,False,
4446,suzhou,g00144x00159,suzhou_station_904126ea49ff,2024-06,pending,,,,,,,,,,,,,,,,,False,
4447,suzhou,g00147x00145,suzhou_station_c2b9038bf617,2024-06,pending,,,,,,,,,,,,,,,,,False,
4448,suzhou,g00149x00143,suzhou_station_4cfd6c1e9b01,2024-06,pending,,,,,,,,,,,,,,,,,False,
4449,suzhou,g00151x00141,suzhou_station_6c9a5ff20c0a,2024-06,pending,,,,,,,,,,,,,,,,,False,
4450,tianjin,g00119x00145,tianjin_station_333c03683dc7,2024-07,pending,,,,,,,,,,,,,,,,,False,
4451,foshan,g00111x00167,foshan_station_d08b86b19bfd,2024-08,pending,,,,,,,,,,,,,,,,,False,
4452,foshan,g00111x00170,foshan_station_906ec5ed4007,2024-08,pending,,,,,,,,,,,,,,,,,False,
4453,foshan,g00115x00158,foshan_station_8b888b706cfd,2024-08,pending,,,,,,,,,,,,,,,,,False,
4454,foshan,g00120x00149,foshan_station_166a63a8f579,2024-08,pending,,,,,,,,,,,,,,,,,False,
4455,foshan,g00126x00149,foshan_station_8a4c46b90a31,2024-08,pending,,,,,,,,,,,,,,,,,False,
4456,foshan,g00131x00150,foshan_station_05d1dad6af5c,2024-08,pending,,,,,,,,,,,,,,,,,False,
4457,foshan,g00133x00154,foshan_station_00bd3d01eee4,2024-08,pending,,,,,,,,,,,,,,,,,False,
4458,suzhou,g00124x00181,suzhou_station_f9a682578b2a,2024-09,pending,,,,,,,,,,,,,,,,,False,
4459,suzhou,g00126x00180,suzhou_station_338718c26bde,2024-09,pending,,,,,,,,,,,,,,,,,False,
4460,suzhou,g00127x00179,suzhou_station_9a6110d9eb5c,2024-09,pending,,,,,,,,,,,,,,,,,False,
4461,suzhou,g00130x00179,suzhou_station_2b9f1dcd113c,2024-09,pending,,,,,,,,,,,,,,,,,False,
4462,suzhou,g00132x00179,suzhou_station_95a37bcff6e8,2024-09,pending,,,,,,,,,,,,,,,,,False,
4463,suzhou,g00135x00179,suzhou_station_0155cd9cdd0a,2024-09,pending,,,,,,,,,,,,,,,,,False,
4464,suzhou,g00137x00177,suzhou_station_52cc951c7f86,2024-09,pending,,,,,,,,,,,,,,,,,False,
4465,suzhou,g00139x00143,suzhou_station_5d4decfcfff7,2024-09,pending,,,,,,,,,,,,,,,,,False,
4466,suzhou,g00139x00175,suzhou_station_6e22ed9b340c,2024-09,pending,,,,,,,,,,,,,,,,,False,
4467,suzhou,g00140x00175,suzhou_station_bc2b656d8cc7,2024-09,pending,,,,,,,,,,,,,,,,,False,
4468,suzhou,g00142x00143,suzhou_station_107e1c81331b,2024-09,pending,,,,,,,,,,,,,,,,,False,
4469,suzhou,g00142x00175,suzhou_station_2c7d5bee9712,2024-09,pending,,,,,,,,,,,,,,,,,False,
4470,suzhou,g00144x00145,suzhou_station_2dc0f3eeca41,2024-09,pending,,,,,,,,,,,,,,,,,False,
4471,suzhou,g00144x00169,suzhou_station_19ae3242b619,2024-09,pending,,,,,,,,,,,,,,,,,False,
4472,suzhou,g00145x00146,suzhou_station_d62aede47640,2024-09,pending,,,,,,,,,,,,,,,,,False,
4473,suzhou,g00145x00174,suzhou_station_1a09dad6f892,2024-09,pending,,,,,,,,,,,,,,,,,False,
4474,suzhou,g00146x00167,suzhou_station_0e6b53a9e1ac,2024-09,pending,,,,,,,,,,,,,,,,,False,
4475,suzhou,g00146x00173,suzhou_station_5e21591e9ef2,2024-09,pending,,,,,,,,,,,,,,,,,False,
4476,suzhou,g00147x00147,suzhou_station_f4ae09556856,2024-09,pending,,,,,,,,,,,,,,,,,False,
4477,suzhou,g00150x00151,suzhou_station_481b1e5136e9,2024-09,pending,,,,,,,,,,,,,,,,,False,
4478,suzhou,g00150x00154,suzhou_station_c56f606f31a4,2024-09,pending,,,,,,,,,,,,,,,,,False,
4479,suzhou,g00150x00155,suzhou_station_1d511e70cdab,2024-09,pending,,,,,,,,,,,,,,,,,False,
4480,suzhou,g00150x00157,suzhou_station_edde294838f3,2024-09,pending,,,,,,,,,,,,,,,,,False,
4481,suzhou,g00150x00161,suzhou_station_10211a4d708b,2024-09,pending,,,,,,,,,,,,,,,,,False,
4482,suzhou,g00151x00158,suzhou_station_26d1a882c992,2024-09,pending,,,,,,,,,,,,,,,,,False,
4483,suzhou,g00151x00162,suzhou_station_4e0f04169be7,2024-09,pending,,,,,,,,,,,,,,,,,False,
4484,suzhou,g00152x00165,suzhou_station_e7e57b4c6d64,2024-09,pending,,,,,,,,,,,,,,,,,False,
4485,suzhou,g00152x00167,suzhou_station_66fbe33e441b,2024-09,pending,,,,,,,,,,,,,,,,,False,
4486,xian,g00108x00236,xian_station_b4ba04d9fb5a,2024-09,pending,,,,,,,,,,,,,,,,,False,
4487,xian,g00110x00239,xian_station_9563196f67cf,2024-09,pending,,,,,,,,,,,,,,,,,False,
4488,xian,g00129x00278,xian_station_b380e9d98e8e,2024-09,pending,,,,,,,,,,,,,,,,,False,
4489,xian,g00129x00280,xian_station_ded4c8c3ced6,2024-09,pending,,,,,,,,,,,,,,,,,False,
4490,xian,g00151x00268,xian_station_94944da134c4,2024-09,pending,,,,,,,,,,,,,,,,,False,
4491,xian,g00153x00268,xian_station_2911a8613792,2024-09,pending,,,,,,,,,,,,,,,,,False,
4492,xian,g00156x00268,xian_station_5311d61b82ce,2024-09,pending,,,,,,,,,,,,,,,,,False,
4493,xian,g00159x00268,xian_station_173227161d79,2024-09,pending,,,,,,,,,,,,,,,,,False,
4494,xian,g00163x00268,xian_station_68c7e43fb492,2024-09,pending,,,,,,,,,,,,,,,,,False,
4495,xian,g00167x00268,xian_station_f14e67c751e0,2024-09,pending,,,,,,,,,,,,,,,,,False,
4496,xian,g00171x00270,xian_station_13a36447d895,2024-09,pending,,,,,,,,,,,,,,,,,False,
4497,xian,g00171x00276,xian_station_c5f7f08e0c1a,2024-09,pending,,,,,,,,,,,,,,,,,False,
4498,xian,g00175x00279,xian_station_599d3409b584,2024-09,pending,,,,,,,,,,,,,,,,,False,
4499,xian,g00180x00279,xian_station_36143fbfd281,2024-09,pending,,,,,,,,,,,,,,,,,False,
4500,xian,g00184x00278,xian_station_e065ae7e6d45,2024-09,pending,,,,,,,,,,,,,,,,,False,
4501,xian,g00188x00278,xian_station_c25f323b0631,2024-09,pending,,,,,,,,,,,,,,,,,False,
4502,xian,g00192x00279,xian_station_cea50c512e48,2024-09,pending,,,,,,,,,,,,,,,,,False,
4503,xian,g00192x00283,xian_station_e913d659f5bd,2024-09,pending,,,,,,,,,,,,,,,,,False,
4504,xian,g00192x00287,xian_station_842d8c1e5331,2024-09,pending,,,,,,,,,,,,,,,,,False,
4505,xian,g00193x00291,xian_station_63eda6cfa474,2024-09,pending,,,,,,,,,,,,,,,,,False,
4506,xian,g00195x00292,xian_station_294fffc31ce2,2024-09,pending,,,,,,,,,,,,,,,,,False,
4507,shanghai,g00125x00155,shanghai_station_7dbf1ecf97f7,2024-09,pending,,,,,,,,,,,,,,,,,False,
4508,tianjin,g00107x00085,tianjin_station_d31d8471fb6c,2024-09,pending,,,,,,,,,,,,,,,,,False,
4509,tianjin,g00112x00086,tianjin_station_48aa97de6f3d,2024-09,pending,,,,,,,,,,,,,,,,,False,
4510,tianjin,g00123x00092,tianjin_station_0c7366a4385b,2024-09,pending,,,,,,,,,,,,,,,,,False,
4511,tianjin,g00125x00098,tianjin_station_8e20356503d1,2024-09,pending,,,,,,,,,,,,,,,,,False,
4512,chengdu,g00024x00334,chengdu_station_e8fee9626a57,2024-09,pending,,,,,,,,,,,,,,,,,False,
4513,chengdu,g00035x00327,chengdu_station_74ab4d424b43,2024-09,pending,,,,,,,,,,,,,,,,,False,
4514,chengdu,g00058x00289,chengdu_station_c9693ab13547,2024-09,pending,,,,,,,,,,,,,,,,,False,
4515,wuhan,g00218x00147,wuhan_station_7bc71251db64,2024-10,pending,,,,,,,,,,,,,,,,,False,
4516,wuhan,g00218x00152,wuhan_station_ecd8f037a884,2024-10,pending,,,,,,,,,,,,,,,,,False,
4517,wuhan,g00218x00156,wuhan_station_581cc5826e76,2024-10,pending,,,,,,,,,,,,,,,,,False,
4518,guangzhou,g00105x00111,guangzhou_station_a370c31ebdd6,2024-11,pending,,,,,,,,,,,,,,,,,False,
4519,guangzhou,g00105x00117,guangzhou_station_d7469dc30018,2024-11,pending,,,,,,,,,,,,,,,,,False,
4520,guangzhou,g00106x00121,guangzhou_station_965c00ad169e,2024-11,pending,,,,,,,,,,,,,,,,,False,
4521,zhengzhou,g00133x00168,zhengzhou_station_0694594e91ef,2024-11,pending,,,,,,,,,,,,,,,,,False,
4522,jinan,g00198x00197,jinan_station_9ef2f414a833,2024-11,pending,,,,,,,,,,,,,,,,,False,
4523,jinan,g00201x00197,jinan_station_8b3031b32e0a,2024-11,pending,,,,,,,,,,,,,,,,,False,
4524,harbin,g00387x00174,harbin_station_b4af67c66297,2024-11,pending,,,,,,,,,,,,,,,,,False,
4525,harbin,g00387x00176,harbin_station_f4b276129e5e,2024-11,pending,,,,,,,,,,,,,,,,,False,
4526,harbin,g00388x00178,harbin_station_16173a202bb3,2024-11,pending,,,,,,,,,,,,,,,,,False,
4527,harbin,g00390x00178,harbin_station_35eb5e187a52,2024-11,pending,,,,,,,,,,,,,,,,,False,
4528,harbin,g00392x00178,harbin_station_28038aebaeaa,2024-11,pending,,,,,,,,,,,,,,,,,False,
4529,harbin,g00395x00181,harbin_station_d81099aa76b2,2024-11,pending,,,,,,,,,,,,,,,,,False,
4530,harbin,g00395x00183,harbin_station_53b7951c415c,2024-11,pending,,,,,,,,,,,,,,,,,False,
4531,zhengzhou,g00126x00174,zhengzhou_station_44c1fcb74903,2024-11,pending,,,,,,,,,,,,,,,,,False,
4532,zhengzhou,g00127x00177,zhengzhou_station_ff2ef0cac917,2024-11,pending,,,,,,,,,,,,,,,,,False,
4533,zhengzhou,g00127x00179,zhengzhou_station_5d3b1662e4b5,2024-11,pending,,,,,,,,,,,,,,,,,False,
4534,zhengzhou,g00127x00184,zhengzhou_station_05719c7ab039,2024-11,pending,,,,,,,,,,,,,,,,,False,
4535,zhengzhou,g00127x00187,zhengzhou_station_f7ebccfa32ec,2024-11,pending,,,,,,,,,,,,,,,,,False,
4536,zhengzhou,g00127x00189,zhengzhou_station_1108b31ff429,2024-11,pending,,,,,,,,,,,,,,,,,False,
4537,zhengzhou,g00127x00193,zhengzhou_station_fded07c48238,2024-11,pending,,,,,,,,,,,,,,,,,False,
4538,zhengzhou,g00127x00196,zhengzhou_station_dfe2fb286df6,2024-11,pending,,,,,,,,,,,,,,,,,False,
4539,zhengzhou,g00129x00198,zhengzhou_station_774b175d2f57,2024-11,pending,,,,,,,,,,,,,,,,,False,
4540,zhengzhou,g00140x00200,zhengzhou_station_512be9096047,2024-11,pending,,,,,,,,,,,,,,,,,False,
4541,zhengzhou,g00142x00200,zhengzhou_station_9d03f20a1f91,2024-11,pending,,,,,,,,,,,,,,,,,False,
4542,zhengzhou,g00146x00201,zhengzhou_station_8732a022cb48,2024-11,pending,,,,,,,,,,,,,,,,,False,
4543,suzhou,g00123x00160,suzhou_station_04e6de5c72ab,2024-12,pending,,,,,,,,,,,,,,,,,False,
4544,suzhou,g00123x00161,suzhou_station_d79c8a18473e,2024-12,pending,,,,,,,,,,,,,,,,,False,
4545,suzhou,g00123x00165,suzhou_station_d46b6f370660,2024-12,pending,,,,,,,,,,,,,,,,,False,
4546,suzhou,g00124x00167,suzhou_station_223e73a553d6,2024-12,pending,,,,,,,,,,,,,,,,,False,
4547,suzhou,g00126x00167,suzhou_station_d774d1fbb437,2024-12,pending,,,,,,,,,,,,,,,,,False,
4548,suzhou,g00129x00166,suzhou_station_e9b189da987d,2024-12,pending,,,,,,,,,,,,,,,,,False,
4549,suzhou,g00131x00166,suzhou_station_c8aa4267726e,2024-12,pending,,,,,,,,,,,,,,,,,False,
4550,suzhou,g00133x00165,suzhou_station_c79402468593,2024-12,pending,,,,,,,,,,,,,,,,,False,
4551,suzhou,g00135x00165,suzhou_station_4f42ad292ece,2024-12,pending,,,,,,,,,,,,,,,,,False,
4552,suzhou,g00137x00165,suzhou_station_39003d910d93,2024-12,pending,,,,,,,,,,,,,,,,,False,
4553,suzhou,g00138x00165,suzhou_station_7d55b43d969e,2024-12,pending,,,,,,,,,,,,,,,,,False,
4554,suzhou,g00140x00165,suzhou_station_7a9faa08a447,2024-12,pending,,,,,,,,,,,,,,,,,False,
4555,suzhou,g00143x00164,suzhou_station_f8c2249a7890,2024-12,pending,,,,,,,,,,,,,,,,,False,
4556,suzhou,g00145x00164,suzhou_station_4b923fec954a,2024-12,pending,,,,,,,,,,,,,,,,,False,
4557,suzhou,g00153x00162,suzhou_station_f2ca7ace390a,2024-12,pending,,,,,,,,,,,,,,,,,False,
4558,suzhou,g00154x00162,suzhou_station_7ab6a20930be,2024-12,pending,,,,,,,,,,,,,,,,,False,
4559,suzhou,g00156x00162,suzhou_station_f45af6dc3bdd,2024-12,pending,,,,,,,,,,,,,,,,,False,
4560,suzhou,g00158x00162,suzhou_station_4fce3ce1ee0e,2024-12,pending,,,,,,,,,,,,,,,,,False,
4561,suzhou,g00160x00164,suzhou_station_4df6fa2d6239,2024-12,pending,,,,,,,,,,,,,,,,,False,
4562,xuzhou,g00114x00166,xuzhou_station_ddff4075da5f,2024-12,pending,,,,,,,,,,,,,,,,,False,
4563,xuzhou,g00147x00181,xuzhou_station_7734b3ca751f,2024-12,pending,,,,,,,,,,,,,,,,,False,
4564,xuzhou,g00148x00182,xuzhou_station_3b0477566376,2024-12,pending,,,,,,,,,,,,,,,,,False,
4565,xuzhou,g00150x00188,xuzhou_station_dcee3cef8f8e,2024-12,pending,,,,,,,,,,,,,,,,,False,
4566,xuzhou,g00150x00190,xuzhou_station_ae51d91b2d39,2024-12,pending,,,,,,,,,,,,,,,,,False,
4567,beijing,g00126x00198,beijing_station_9e802747c149,2024-12,pending,,,,,,,,,,,,,,,,,False,
4568,beijing,g00126x00199,beijing_station_8444ce6861a7,2024-12,pending,,,,,,,,,,,,,,,,,False,
4569,beijing,g00126x00202,beijing_station_89069898a349,2024-12,pending,,,,,,,,,,,,,,,,,False,
4570,beijing,g00126x00206,beijing_station_b452bfa0f327,2024-12,pending,,,,,,,,,,,,,,,,,False,
4571,beijing,g00128x00168,beijing_station_88bb764abfae,2024-12,pending,,,,,,,,,,,,,,,,,False,
4572,beijing,g00128x00207,beijing_station_cc47b69e2cab,2024-12,pending,,,,,,,,,,,,,,,,,False,
4573,beijing,g00129x00211,beijing_station_8ad7b83eed6f,2024-12,pending,,,,,,,,,,,,,,,,,False,
4574,beijing,g00130x00214,beijing_station_85e06c5cf4d3,2024-12,pending,,,,,,,,,,,,,,,,,False,
4575,beijing,g00131x00169,beijing_station_5b36e5ac58a1,2024-12,pending,,,,,,,,,,,,,,,,,False,
4576,beijing,g00133x00173,beijing_station_98a7b7ead350,2024-12,pending,,,,,,,,,,,,,,,,,False,
4577,beijing,g00133x00180,beijing_station_a7ac10d37a53,2024-12,pending,,,,,,,,,,,,,,,,,False,
4578,beijing,g00133x00196,beijing_station_6d7b12be71d9,2024-12,pending,,,,,,,,,,,,,,,,,False,
4579,beijing,g00133x00214,beijing_station_4de1a9b7e868,2024-12,pending,,,,,,,,,,,,,,,,,False,
4580,beijing,g00134x00182,beijing_station_cae432651d69,2024-12,pending,,,,,,,,,,,,,,,,,False,
4581,beijing,g00134x00184,beijing_station_13983ea31933,2024-12,pending,,,,,,,,,,,,,,,,,False,
4582,beijing,g00134x00186,beijing_station_4d617a8c64fe,2024-12,pending,,,,,,,,,,,,,,,,,False,
4583,beijing,g00134x00190,beijing_station_d44c71737162,2024-12,pending,,,,,,,,,,,,,,,,,False,
4584,beijing,g00134x00195,beijing_station_81292b3a2695,2024-12,pending,,,,,,,,,,,,,,,,,False,
4585,beijing,g00135x00203,beijing_station_518222fc54df,2024-12,pending,,,,,,,,,,,,,,,,,False,
4586,beijing,g00135x00212,beijing_station_52d82c4f5e50,2024-12,pending,,,,,,,,,,,,,,,,,False,
4587,beijing,g00135x00216,beijing_station_c970de03e201,2024-12,pending,,,,,,,,,,,,,,,,,False,
4588,beijing,g00136x00205,beijing_station_0ade591e0496,2024-12,pending,,,,,,,,,,,,,,,,,False,
4589,beijing,g00136x00207,beijing_station_b21be432ec35,2024-12,pending,,,,,,,,,,,,,,,,,False,
4590,beijing,g00149x00178,beijing_station_fe80ab5b9de7,2024-12,pending,,,,,,,,,,,,,,,,,False,
4591,qingdao,g00151x00168,qingdao_station_53d91f9e2c28,2024-12,pending,,,,,,,,,,,,,,,,,False,
4592,qingdao,g00153x00170,qingdao_station_4cbff4a75a0e,2024-12,pending,,,,,,,,,,,,,,,,,False,
4593,qingdao,g00155x00171,qingdao_station_4ccb6438a14f,2024-12,pending,,,,,,,,,,,,,,,,,False,
4594,chengdu,g00116x00210,chengdu_station_c930fe5bf04e,2024-12,pending,,,,,,,,,,,,,,,,,False,
4595,chengdu,g00149x00216,chengdu_station_b6f9c710644f,2024-12,pending,,,,,,,,,,,,,,,,,False,
4596,chengdu,g00149x00217,chengdu_station_c6a8d6932501,2024-12,pending,,,,,,,,,,,,,,,,,False,
4597,chengdu,g00149x00245,chengdu_station_7fcd38f1fd0d,2024-12,pending,,,,,,,,,,,,,,,,,False,
4598,chengdu,g00150x00214,chengdu_station_93c1d5bed39a,2024-12,pending,,,,,,,,,,,,,,,,,False,
4599,chengdu,g00150x00246,chengdu_station_a2db3c7077d1,2024-12,pending,,,,,,,,,,,,,,,,,False,
4600,chengdu,g00151x00218,chengdu_station_dce59ed98625,2024-12,pending,,,,,,,,,,,,,,,,,False,
4601,chengdu,g00152x00247,chengdu_station_afeb0dcb8d4b,2024-12,pending,,,,,,,,,,,,,,,,,False,
4602,chengdu,g00153x00220,chengdu_station_61a64b8b131f,2024-12,pending,,,,,,,,,,,,,,,,,False,
4603,chengdu,g00154x00221,chengdu_station_39894280e0ed,2024-12,pending,,,,,,,,,,,,,,,,,False,
4604,chengdu,g00154x00223,chengdu_station_57dd3c65a0dd,2024-12,pending,,,,,,,,,,,,,,,,,False,
4605,chengdu,g00154x00248,chengdu_station_ddeb7f07242f,2024-12,pending,,,,,,,,,,,,,,,,,False,
4606,chengdu,g00155x00230,chengdu_station_11242ecb34d3,2024-12,pending,,,,,,,,,,,,,,,,,False,
4607,chengdu,g00155x00250,chengdu_station_77f8d1462765,2024-12,pending,,,,,,,,,,,,,,,,,False,
4608,chengdu,g00155x00252,chengdu_station_0380a609c59e,2024-12,pending,,,,,,,,,,,,,,,,,False,
4609,chengdu,g00156x00224,chengdu_station_f155e6df3902,2024-12,pending,,,,,,,,,,,,,,,,,False,
4610,chengdu,g00156x00229,chengdu_station_d4ba90b30f54,2024-12,pending,,,,,,,,,,,,,,,,,False,
4611,chengdu,g00156x00232,chengdu_station_f363810f45c6,2024-12,pending,,,,,,,,,,,,,,,,,False,
4612,chengdu,g00157x00225,chengdu_station_57aa77ac1bec,2024-12,pending,,,,,,,,,,,,,,,,,False,
4613,chengdu,g00157x00227,chengdu_station_1cd4bb3fcf80,2024-12,pending,,,,,,,,,,,,,,,,,False,
4614,chengdu,g00159x00233,chengdu_station_132301970457,2024-12,pending,,,,,,,,,,,,,,,,,False,
4615,chengdu,g00163x00235,chengdu_station_adc8fe76f573,2024-12,pending,,,,,,,,,,,,,,,,,False,
4616,chengdu,g00165x00235,chengdu_station_28ebb8dc2a33,2024-12,pending,,,,,,,,,,,,,,,,,False,
4617,chengdu,g00167x00235,chengdu_station_1b4590d39c52,2024-12,pending,,,,,,,,,,,,,,,,,False,
4618,chengdu,g00169x00235,chengdu_station_ed224f14750f,2024-12,pending,,,,,,,,,,,,,,,,,False,
4619,chengdu,g00174x00236,chengdu_station_8c7ee2609487,2024-12,pending,,,,,,,,,,,,,,,,,False,
4620,chengdu,g00176x00237,chengdu_station_4b78474829e0,2024-12,pending,,,,,,,,,,,,,,,,,False,
4621,chengdu,g00178x00238,chengdu_station_2c4a4c2b46ad,2024-12,pending,,,,,,,,,,,,,,,,,False,
4622,chengdu,g00179x00237,chengdu_station_2d5e14508cec,2024-12,pending,,,,,,,,,,,,,,,,,False,
4623,hefei,g00228x00134,hefei_station_abdfe22cffdd,2024-12,pending,,,,,,,,,,,,,,,,,False,
4624,hefei,g00236x00133,hefei_station_adbc08bb8d64,2024-12,pending,,,,,,,,,,,,,,,,,False,
4625,hefei,g00243x00128,hefei_station_60bb532323e2,2024-12,pending,,,,,,,,,,,,,,,,,False,
4626,hefei,g00247x00128,hefei_station_3fb3e971b5c0,2024-12,pending,,,,,,,,,,,,,,,,,False,
4627,hefei,g00252x00128,hefei_station_e50e0e739042,2024-12,pending,,,,,,,,,,,,,,,,,False,
4628,hefei,g00255x00127,hefei_station_090d20123cc1,2024-12,pending,,,,,,,,,,,,,,,,,False,
4629,hefei,g00259x00127,hefei_station_46f216b304de,2024-12,pending,,,,,,,,,,,,,,,,,False,
4630,hefei,g00263x00126,hefei_station_808c27f4d49b,2024-12,pending,,,,,,,,,,,,,,,,,False,
4631,hefei,g00267x00128,hefei_station_6e4212bbed7d,2024-12,pending,,,,,,,,,,,,,,,,,False,
4632,xian,g00124x00256,xian_station_e3d7deff25e3,2024-12,pending,,,,,,,,,,,,,,,,,False,
4633,xian,g00124x00257,xian_station_41e8adc9c9fb,2024-12,pending,,,,,,,,,,,,,,,,,False,
4634,xian,g00124x00264,xian_station_d8f5a4491266,2024-12,pending,,,,,,,,,,,,,,,,,False,
4635,xian,g00125x00253,xian_station_c34c56ea7963,2024-12,pending,,,,,,,,,,,,,,,,,False,
4636,xian,g00125x00268,xian_station_40abc315a10c,2024-12,pending,,,,,,,,,,,,,,,,,False,
4637,xian,g00125x00270,xian_station_0ed426d85f04,2024-12,pending,,,,,,,,,,,,,,,,,False,
4638,xian,g00126x00273,xian_station_34c58d5ce3e4,2024-12,pending,,,,,,,,,,,,,,,,,False,
4639,xian,g00127x00275,xian_station_02962a091461,2024-12,pending,,,,,,,,,,,,,,,,,False,
4640,xian,g00128x00250,xian_station_bb108b9fa32b,2024-12,pending,,,,,,,,,,,,,,,,,False,
4641,xian,g00131x00250,xian_station_18fff7403c20,2024-12,pending,,,,,,,,,,,,,,,,,False,
4642,xian,g00131x00274,xian_station_ace5b7273eb2,2024-12,pending,,,,,,,,,,,,,,,,,False,
4643,xian,g00134x00273,xian_station_c16bcd204caa,2024-12,pending,,,,,,,,,,,,,,,,,False,
4644,xian,g00137x00274,xian_station_28b58657f357,2024-12,pending,,,,,,,,,,,,,,,,,False,
4645,xian,g00138x00250,xian_station_9a296cdfb8c4,2024-12,pending,,,,,,,,,,,,,,,,,False,
4646,xian,g00143x00251,xian_station_5bac1c4e91ca,2024-12,pending,,,,,,,,,,,,,,,,,False,
4647,xian,g00143x00273,xian_station_7ebb95497146,2024-12,pending,,,,,,,,,,,,,,,,,False,
4648,xian,g00144x00253,xian_station_7d6e1c4c0927,2024-12,pending,,,,,,,,,,,,,,,,,False,
4649,xian,g00144x00255,xian_station_4ef6cd39b7f9,2024-12,pending,,,,,,,,,,,,,,,,,False,
4650,xian,g00145x00257,xian_station_804b485749bd,2024-12,pending,,,,,,,,,,,,,,,,,False,
4651,xian,g00147x00274,xian_station_7f4889e2babf,2024-12,pending,,,,,,,,,,,,,,,,,False,
4652,xian,g00148x00257,xian_station_b26ce23ccff1,2024-12,pending,,,,,,,,,,,,,,,,,False,
4653,xian,g00150x00271,xian_station_a164888f5fdb,2024-12,pending,,,,,,,,,,,,,,,,,False,
4654,xian,g00151x00258,xian_station_b32ff790bd96,2024-12,pending,,,,,,,,,,,,,,,,,False,
4655,xian,g00151x00264,xian_station_c21cff4b5fe2,2024-12,pending,,,,,,,,,,,,,,,,,False,
4656,shanghai,g00119x00143,shanghai_station_380129956dc0,2024-12,pending,,,,,,,,,,,,,,,,,False,
4657,shanghai,g00123x00167,shanghai_station_412c8b53ac24,2024-12,pending,,,,,,,,,,,,,,,,,False,
4658,shanghai,g00125x00179,shanghai_station_5465ae21a8e8,2024-12,pending,,,,,,,,,,,,,,,,,False,
4659,wuhan,g00132x00160,wuhan_station_e60acfb18d39,2024-12,pending,,,,,,,,,,,,,,,,,False,
4660,wuhan,g00134x00157,wuhan_station_251107fdb0c0,2024-12,pending,,,,,,,,,,,,,,,,,False,
4661,wuhan,g00136x00148,wuhan_station_831ec323cd4f,2024-12,pending,,,,,,,,,,,,,,,,,False,
4662,wuhan,g00136x00152,wuhan_station_ff94b0e813b6,2024-12,pending,,,,,,,,,,,,,,,,,False,
4663,wuhan,g00137x00154,wuhan_station_e11773ce994c,2024-12,pending,,,,,,,,,,,,,,,,,False,
4664,wuhan,g00138x00137,wuhan_station_4b15d9796b3d,2024-12,pending,,,,,,,,,,,,,,,,,False,
4665,wuhan,g00138x00145,wuhan_station_4e587f32e704,2024-12,pending,,,,,,,,,,,,,,,,,False,
4666,wuhan,g00140x00139,wuhan_station_3e075f8920bd,2024-12,pending,,,,,,,,,,,,,,,,,False,
4667,guangzhou,g00135x00081,guangzhou_station_64d2a0b4e2bd,2024-12,pending,,,,,,,,,,,,,,,,,False,
4668,guangzhou,g00136x00091,guangzhou_station_1320bd8c875f,2024-12,pending,,,,,,,,,,,,,,,,,False,
4669,guangzhou,g00137x00087,guangzhou_station_7ed726b24f9b,2024-12,pending,,,,,,,,,,,,,,,,,False,
4670,guangzhou,g00137x00089,guangzhou_station_816d5cd82084,2024-12,pending,,,,,,,,,,,,,,,,,False,
4671,guangzhou,g00138x00077,guangzhou_station_8f5444c0c20e,2024-12,pending,,,,,,,,,,,,,,,,,False,
4672,guangzhou,g00138x00101,guangzhou_station_39844d9ecfcd,2024-12,pending,,,,,,,,,,,,,,,,,False,
4673,guangzhou,g00141x00073,guangzhou_station_d1f9b5387fdb,2024-12,pending,,,,,,,,,,,,,,,,,False,
4674,guangzhou,g00149x00079,guangzhou_station_b03299f98a6e,2024-12,pending,,,,,,,,,,,,,,,,,False,
4675,guangzhou,g00149x00100,guangzhou_station_763b0f232bb0,2024-12,pending,,,,,,,,,,,,,,,,,False,
4676,guangzhou,g00150x00096,guangzhou_station_a767f338aabc,2024-12,pending,,,,,,,,,,,,,,,,,False,
4677,guangzhou,g00152x00090,guangzhou_station_621cd687d321,2024-12,pending,,,,,,,,,,,,,,,,,False,
4678,guangzhou,g00153x00086,guangzhou_station_6a9ce54eab4a,2024-12,pending,,,,,,,,,,,,,,,,,False,
4679,guangzhou,g00154x00083,guangzhou_station_ae5666f123f6,2024-12,pending,,,,,,,,,,,,,,,,,False,
4680,nanjing,g00197x00092,nanjing_station_b9e17df485ed,2024-12,pending,,,,,,,,,,,,,,,,,False,
4681,nanjing,g00199x00093,nanjing_station_dfd4de2a840e,2024-12,pending,,,,,,,,,,,,,,,,,False,
4682,nanjing,g00208x00092,nanjing_station_e37a6ab118b4,2024-12,pending,,,,,,,,,,,,,,,,,False,
4683,nanjing,g00210x00093,nanjing_station_36e6ed34a32e,2024-12,pending,,,,,,,,,,,,,,,,,False,
4684,shenzhen,g00177x00105,shenzhen_station_1266ecbf199c,2024-12,pending,,,,,,,,,,,,,,,,,False,
4685,shenzhen,g00190x00084,shenzhen_station_e4a6fd283dc8,2024-12,pending,,,,,,,,,,,,,,,,,False,
4686,shenzhen,g00220x00147,shenzhen_station_2ad3dd1e289b,2024-12,pending,,,,,,,,,,,,,,,,,False,
4687,shenzhen,g00223x00046,shenzhen_station_b1ce265dff24,2024-12,pending,,,,,,,,,,,,,,,,,False,
4688,shenzhen,g00223x00048,shenzhen_station_0dcfccc6f1eb,2024-12,pending,,,,,,,,,,,,,,,,,False,
4689,shenzhen,g00223x00147,shenzhen_station_f9a1a6bb7d6e,2024-12,pending,,,,,,,,,,,,,,,,,False,
4690,shenzhen,g00224x00050,shenzhen_station_552db1cd6e91,2024-12,pending,,,,,,,,,,,,,,,,,False,
4691,shenzhen,g00226x00147,shenzhen_station_9afe4aa4b88f,2024-12,pending,,,,,,,,,,,,,,,,,False,
4692,shenzhen,g00227x00051,shenzhen_station_58cb7c3f1968,2024-12,pending,,,,,,,,,,,,,,,,,False,
4693,shenzhen,g00228x00149,shenzhen_station_625fdb489adc,2024-12,pending,,,,,,,,,,,,,,,,,False,
4694,shenzhen,g00228x00152,shenzhen_station_a779c719747d,2024-12,pending,,,,,,,,,,,,,,,,,False,
4695,shenzhen,g00229x00052,shenzhen_station_4798c20356d6,2024-12,pending,,,,,,,,,,,,,,,,,False,
4696,shenzhen,g00230x00054,shenzhen_station_d9ce4f34c989,2024-12,pending,,,,,,,,,,,,,,,,,False,
4697,shenzhen,g00230x00153,shenzhen_station_abae750ff8b4,2024-12,pending,,,,,,,,,,,,,,,,,False,
4698,shenzhen,g00231x00156,shenzhen_station_50539fb1e496,2024-12,pending,,,,,,,,,,,,,,,,,False,
4699,tianjin,g00134x00114,tianjin_station_5143e1dfc68f,2024-12,pending,,,,,,,,,,,,,,,,,False,
4700,tianjin,g00135x00113,tianjin_station_8f8f9aeb2c6d,2024-12,pending,,,,,,,,,,,,,,,,,False,
4701,tianjin,g00136x00109,tianjin_station_1057b239b9cc,2024-12,pending,,,,,,,,,,,,,,,,,False,
4702,tianjin,g00137x00107,tianjin_station_8215b06b16e8,2024-12,pending,,,,,,,,,,,,,,,,,False,
4703,tianjin,g00140x00099,tianjin_station_ed85f8a00542,2024-12,pending,,,,,,,,,,,,,,,,,False,
4704,tianjin,g00140x00103,tianjin_station_c06555ead14e,2024-12,pending,,,,,,,,,,,,,,,,,False,
4705,tianjin,g00140x00105,tianjin_station_5b970ebde850,2024-12,pending,,,,,,,,,,,,,,,,,False,
4706,tianjin,g00141x00102,tianjin_station_f882c6a43a13,2024-12,pending,,,,,,,,,,,,,,,,,False,
4707,zhengzhou,g00111x00187,zhengzhou_station_50fbe0d659d3,2024-12,pending,,,,,,,,,,,,,,,,,False,
4708,zhengzhou,g00114x00187,zhengzhou_station_1afee78ff82e,2024-12,pending,,,,,,,,,,,,,,,,,False,
4709,zhengzhou,g00116x00187,zhengzhou_station_332a066ac3cc,2024-12,pending,,,,,,,,,,,,,,,,,False,
4710,zhengzhou,g00120x00187,zhengzhou_station_1f3aa64bd2ee,2024-12,pending,,,,,,,,,,,,,,,,,False,
4711,zhengzhou,g00122x00187,zhengzhou_station_1b5ed37dbbb7,2024-12,pending,,,,,,,,,,,,,,,,,False,
4712,zhengzhou,g00129x00187,zhengzhou_station_e24eb3f46fcf,2024-12,pending,,,,,,,,,,,,,,,,,False,
4713,zhengzhou,g00131x00219,zhengzhou_station_2530b905a1b8,2024-12,pending,,,,,,,,,,,,,,,,,False,
4714,zhengzhou,g00133x00187,zhengzhou_station_59ce8053d149,2024-12,pending,,,,,,,,,,,,,,,,,False,
4715,zhengzhou,g00135x00224,zhengzhou_station_9f9611334c32,2024-12,pending,,,,,,,,,,,,,,,,,False,
4716,zhengzhou,g00135x00228,zhengzhou_station_7e8900521d97,2024-12,pending,,,,,,,,,,,,,,,,,False,
4717,zhengzhou,g00135x00230,zhengzhou_station_d3fb2a3d7054,2024-12,pending,,,,,,,,,,,,,,,,,False,
4718,zhengzhou,g00135x00234,zhengzhou_station_1e5b409b74b0,2024-12,pending,,,,,,,,,,,,,,,,,False,
4719,zhengzhou,g00136x00239,zhengzhou_station_afce9b7f688a,2024-12,pending,,,,,,,,,,,,,,,,,False,
4720,zhengzhou,g00136x00242,zhengzhou_station_a648a6b782c6,2024-12,pending,,,,,,,,,,,,,,,,,False,
4721,zhengzhou,g00139x00211,zhengzhou_station_a442c21daa8e,2024-12,pending,,,,,,,,,,,,,,,,,False,
4722,zhengzhou,g00140x00181,zhengzhou_station_869f2b01c706,2024-12,pending,,,,,,,,,,,,,,,,,False,
4723,zhengzhou,g00140x00191,zhengzhou_station_2ba8010d2ce1,2024-12,pending,,,,,,,,,,,,,,,,,False,
4724,zhengzhou,g00141x00174,zhengzhou_station_a04b0b993afb,2024-12,pending,,,,,,,,,,,,,,,,,False,
4725,zhengzhou,g00141x00179,zhengzhou_station_b2412f212d7f,2024-12,pending,,,,,,,,,,,,,,,,,False,
4726,zhengzhou,g00142x00196,zhengzhou_station_c5c0c656300e,2024-12,pending,,,,,,,,,,,,,,,,,False,
4727,zhengzhou,g00142x00208,zhengzhou_station_b0828b630ffc,2024-12,pending,,,,,,,,,,,,,,,,,False,
4728,zhengzhou,g00143x00173,zhengzhou_station_60606ef394c7,2024-12,pending,,,,,,,,,,,,,,,,,False,
4729,zhengzhou,g00143x00187,zhengzhou_station_e66d8942984f,2024-12,pending,,,,,,,,,,,,,,,,,False,
4730,zhengzhou,g00143x00191,zhengzhou_station_13a4791da197,2024-12,pending,,,,,,,,,,,,,,,,,False,
4731,zhengzhou,g00144x00156,zhengzhou_station_428d0139946b,2024-12,pending,,,,,,,,,,,,,,,,,False,
4732,zhengzhou,g00144x00161,zhengzhou_station_f898a05bc29d,2024-12,pending,,,,,,,,,,,,,,,,,False,
4733,zhengzhou,g00144x00164,zhengzhou_station_c5ff5106cb41,2024-12,pending,,,,,,,,,,,,,,,,,False,
4734,zhengzhou,g00144x00171,zhengzhou_station_c76c70e610c6,2024-12,pending,,,,,,,,,,,,,,,,,False,
4735,zhengzhou,g00146x00190,zhengzhou_station_a95dd3035c85,2024-12,pending,,,,,,,,,,,,,,,,,False,
4736,zhengzhou,g00152x00188,zhengzhou_station_eed890184cbc,2024-12,pending,,,,,,,,,,,,,,,,,False,
4737,zhengzhou,g00156x00186,zhengzhou_station_22a760941b49,2024-12,pending,,,,,,,,,,,,,,,,,False,
4738,zhengzhou,g00160x00186,zhengzhou_station_a0024624967f,2024-12,pending,,,,,,,,,,,,,,,,,False,
4739,hangzhou,g00247x00339,hangzhou_station_eddec1127626,2025-01,pending,,,,,,,,,,,,,,,,,False,
4740,chongqing,g00345x00199,chongqing_station_73bebd0dfb47,2025-01,pending,,,,,,,,,,,,,,,,,False,
4741,chongqing,g00351x00197,chongqing_station_6a6855ae7410,2025-01,pending,,,,,,,,,,,,,,,,,False,
4742,chongqing,g00367x00199,chongqing_station_dcfd6950e59f,2025-01,pending,,,,,,,,,,,,,,,,,False,
4743,chongqing,g00382x00185,chongqing_station_b4fe175ca8cf,2025-01,pending,,,,,,,,,,,,,,,,,False,
4744,chongqing,g00388x00177,chongqing_station_8f742e6ef7ad,2025-01,pending,,,,,,,,,,,,,,,,,False,
4745,chongqing,g00390x00165,chongqing_station_55e54252bc1e,2025-01,pending,,,,,,,,,,,,,,,,,False,
4746,chongqing,g00391x00171,chongqing_station_d1e01235209f,2025-01,pending,,,,,,,,,,,,,,,,,False,
4747,ningbo,g00290x00130,ningbo_station_85f4e8c27641,2025-01,pending,,,,,,,,,,,,,,,,,False,
4748,xian,g00182x00232,xian_station_2a9c1281a6ac,2025-02,pending,,,,,,,,,,,,,,,,,False,
4749,taiyuan,g00098x00214,taiyuan_station_1cf65176f6fd,2025-02,pending,,,,,,,,,,,,,,,,,False,
4750,taiyuan,g00100x00212,taiyuan_station_8a4e83da7ac6,2025-02,pending,,,,,,,,,,,,,,,,,False,
4751,taiyuan,g00103x00212,taiyuan_station_675ca792e12f,2025-02,pending,,,,,,,,,,,,,,,,,False,
4752,taiyuan,g00108x00211,taiyuan_station_6228fdf058fb,2025-02,pending,,,,,,,,,,,,,,,,,False,
4753,taiyuan,g00110x00211,taiyuan_station_4890a94e4afc,2025-02,pending,,,,,,,,,,,,,,,,,False,
4754,taiyuan,g00114x00194,taiyuan_station_cbd3d05d5d73,2025-02,pending,,,,,,,,,,,,,,,,,False,
4755,taiyuan,g00114x00197,taiyuan_station_0b5c2e4536e4,2025-02,pending,,,,,,,,,,,,,,,,,False,
4756,taiyuan,g00114x00205,taiyuan_station_f2ae8a66c2d3,2025-02,pending,,,,,,,,,,,,,,,,,False,
4757,taiyuan,g00114x00211,taiyuan_station_4b6e112c6bd1,2025-02,pending,,,,,,,,,,,,,,,,,False,
4758,taiyuan,g00115x00207,taiyuan_station_3a13a858413d,2025-02,pending,,,,,,,,,,,,,,,,,False,
4759,taiyuan,g00115x00208,taiyuan_station_1968312d5eca,2025-02,pending,,,,,,,,,,,,,,,,,False,
4760,ningbo,g00241x00167,ningbo_station_475723fcd4af,2025-05,pending,,,,,,,,,,,,,,,,,False,
4761,guangzhou,g00159x00130,guangzhou_station_82a870780036,2025-06,pending,,,,,,,,,,,,,,,,,False,
4762,chongqing,g00316x00287,chongqing_station_7525ed18322f,2025-06,pending,,,,,,,,,,,,,,,,,False,
4763,chongqing,g00320x00285,chongqing_station_6c5483b7a182,2025-06,pending,,,,,,,,,,,,,,,,,False,
4764,chongqing,g00322x00286,chongqing_station_4683265bbb5b,2025-06,pending,,,,,,,,,,,,,,,,,False,
4765,guangzhou,g00143x00089,guangzhou_station_ec152149a865,2025-06,pending,,,,,,,,,,,,,,,,,False,
4766,guangzhou,g00157x00069,guangzhou_station_b1508835d964,2025-06,pending,,,,,,,,,,,,,,,,,False,
4767,guangzhou,g00161x00080,guangzhou_station_7a7e790fd26d,2025-06,pending,,,,,,,,,,,,,,,,,False,
4768,guangzhou,g00162x00078,guangzhou_station_0aa5fd6af912,2025-06,pending,,,,,,,,,,,,,,,,,False,
4769,nanchang,g00119x00134,nanchang_station_95e9ceb35694,2025-06,pending,,,,,,,,,,,,,,,,,False,
4770,nanchang,g00120x00132,nanchang_station_fe09dc6ffe6d,2025-06,pending,,,,,,,,,,,,,,,,,False,
4771,nanchang,g00121x00130,nanchang_station_c35f426b11a1,2025-06,pending,,,,,,,,,,,,,,,,,False,
4772,nanchang,g00124x00129,nanchang_station_f05214b5d5d3,2025-06,pending,,,,,,,,,,,,,,,,,False,
4773,nanchang,g00125x00125,nanchang_station_2b49679895f3,2025-06,pending,,,,,,,,,,,,,,,,,False,
4774,nanchang,g00125x00127,nanchang_station_9d53e558c322,2025-06,pending,,,,,,,,,,,,,,,,,False,
4775,nanchang,g00126x00123,nanchang_station_85a082d38b3b,2025-06,pending,,,,,,,,,,,,,,,,,False,
4776,nanchang,g00127x00120,nanchang_station_a9d7058b1895,2025-06,pending,,,,,,,,,,,,,,,,,False,
4777,nanchang,g00127x00121,nanchang_station_832137f27c27,2025-06,pending,,,,,,,,,,,,,,,,,False,
4778,nanchang,g00131x00143,nanchang_station_e4fe4f17c5ef,2025-06,pending,,,,,,,,,,,,,,,,,False,
4779,nanchang,g00131x00146,nanchang_station_ac6a140b2492,2025-06,pending,,,,,,,,,,,,,,,,,False,
4780,nanchang,g00150x00104,nanchang_station_62ba692f983e,2025-06,pending,,,,,,,,,,,,,,,,,False,
4781,nanchang,g00152x00103,nanchang_station_446ebd7e1649,2025-06,pending,,,,,,,,,,,,,,,,,False,
4782,nanchang,g00153x00102,nanchang_station_7a52fde03228,2025-06,pending,,,,,,,,,,,,,,,,,False,
4783,nanchang,g00154x00107,nanchang_station_7259bd52dcdc,2025-06,pending,,,,,,,,,,,,,,,,,False,
4784,nanchang,g00155x00104,nanchang_station_3ab911ccaf5b,2025-06,pending,,,,,,,,,,,,,,,,,False,
4785,nanchang,g00159x00108,nanchang_station_935623795743,2025-06,pending,,,,,,,,,,,,,,,,,False,
4786,nanchang,g00162x00108,nanchang_station_66977f31e627,2025-06,pending,,,,,,,,,,,,,,,,,False,
4787,nanchang,g00173x00115,nanchang_station_1487cf8bb85b,2025-06,pending,,,,,,,,,,,,,,,,,False,
4788,guangzhou,g00131x00081,guangzhou_station_d64827bb0731,2025-06,pending,,,,,,,,,,,,,,,,,False,
4789,guangzhou,g00132x00085,guangzhou_station_7283d2365ca9,2025-06,pending,,,,,,,,,,,,,,,,,False,
4790,guangzhou,g00134x00086,guangzhou_station_0eb2c6c162d7,2025-06,pending,,,,,,,,,,,,,,,,,False,
4791,guangzhou,g00138x00103,guangzhou_station_57b46f7e1f87,2025-06,pending,,,,,,,,,,,,,,,,,False,
4792,guangzhou,g00139x00098,guangzhou_station_79e01cdabbfd,2025-06,pending,,,,,,,,,,,,,,,,,False,
4793,guangzhou,g00141x00093,guangzhou_station_e0edcb9012cf,2025-06,pending,,,,,,,,,,,,,,,,,False,
4794,guangzhou,g00142x00086,guangzhou_station_d54e5da60909,2025-06,pending,,,,,,,,,,,,,,,,,False,
4795,hangzhou,g00252x00358,hangzhou_station_bb609203c529,2025-06,pending,,,,,,,,,,,,,,,,,False,
4796,ningbo,g00248x00156,ningbo_station_518f0cead4b1,2025-06,pending,,,,,,,,,,,,,,,,,False,
4797,ningbo,g00250x00153,ningbo_station_4b695fdf4912,2025-06,pending,,,,,,,,,,,,,,,,,False,
4798,ningbo,g00251x00151,ningbo_station_f981f5b5152b,2025-06,pending,,,,,,,,,,,,,,,,,False,
4799,ningbo,g00253x00146,ningbo_station_e811dacf595f,2025-06,pending,,,,,,,,,,,,,,,,,False,
4800,ningbo,g00256x00147,ningbo_station_b4650a71ddaa,2025-06,pending,,,,,,,,,,,,,,,,,False,
4801,ningbo,g00258x00146,ningbo_station_9bff74f13d49,2025-06,pending,,,,,,,,,,,,,,,,,False,
4802,ningbo,g00260x00146,ningbo_station_a6cba7b5e1af,2025-06,pending,,,,,,,,,,,,,,,,,False,
4803,ningbo,g00262x00145,ningbo_station_f9a6010800f5,2025-06,pending,,,,,,,,,,,,,,,,,False,
4804,ningbo,g00265x00144,ningbo_station_af688194cd49,2025-06,pending,,,,,,,,,,,,,,,,,False,
4805,ningbo,g00267x00145,ningbo_station_f78ac8d5ae3a,2025-06,pending,,,,,,,,,,,,,,,,,False,
4806,ningbo,g00269x00145,ningbo_station_31a1fd8b1c4f,2025-06,pending,,,,,,,,,,,,,,,,,False,
4807,ningbo,g00274x00145,ningbo_station_de5aaa0fe00c,2025-06,pending,,,,,,,,,,,,,,,,,False,
4808,ningbo,g00276x00146,ningbo_station_cff83be632ae,2025-06,pending,,,,,,,,,,,,,,,,,False,
4809,ningbo,g00278x00145,ningbo_station_a873f4c78158,2025-06,pending,,,,,,,,,,,,,,,,,False,
4810,ningbo,g00280x00143,ningbo_station_d106926137ed,2025-06,pending,,,,,,,,,,,,,,,,,False,
4811,ningbo,g00282x00141,ningbo_station_145932bc37c1,2025-06,pending,,,,,,,,,,,,,,,,,False,
4812,shaoxing,g00210x00147,shaoxing_station_77bc96162836,2025-06,pending,,,,,,,,,,,,,,,,,False,
4813,shaoxing,g00210x00151,shaoxing_station_63a0c6f8945c,2025-06,pending,,,,,,,,,,,,,,,,,False,
4814,tianjin,g00155x00099,tianjin_station_0a934eaf9c0e,2025-07,pending,,,,,,,,,,,,,,,,,False,
4815,tianjin,g00156x00100,tianjin_station_68421305e32b,2025-07,pending,,,,,,,,,,,,,,,,,False,
4816,tianjin,g00157x00102,tianjin_station_13f25eefdd2c,2025-07,pending,,,,,,,,,,,,,,,,,False,
4817,tianjin,g00159x00100,tianjin_station_2208649434ce,2025-07,pending,,,,,,,,,,,,,,,,,False,
4818,tianjin,g00160x00099,tianjin_station_34b3f2caf949,2025-07,pending,,,,,,,,,,,,,,,,,False,
4819,tianjin,g00162x00097,tianjin_station_fe36e6c9e6fe,2025-07,pending,,,,,,,,,,,,,,,,,False,
4820,tianjin,g00164x00096,tianjin_station_f843f15ee4a4,2025-07,pending,,,,,,,,,,,,,,,,,False,
4821,tianjin,g00165x00095,tianjin_station_7b2be5902d99,2025-07,pending,,,,,,,,,,,,,,,,,False,
4822,tianjin,g00167x00093,tianjin_station_71636a77ac21,2025-07,pending,,,,,,,,,,,,,,,,,False,
4823,tianjin,g00169x00092,tianjin_station_aa4de8503ce1,2025-07,pending,,,,,,,,,,,,,,,,,False,
4824,tianjin,g00174x00091,tianjin_station_0b8faa9ca823,2025-07,pending,,,,,,,,,,,,,,,,,False,
4825,tianjin,g00176x00090,tianjin_station_e94509dc7dbb,2025-07,pending,,,,,,,,,,,,,,,,,False,
4826,tianjin,g00178x00089,tianjin_station_304c1fcb673a,2025-07,pending,,,,,,,,,,,,,,,,,False,
4827,tianjin,g00181x00089,tianjin_station_f6baea185178,2025-07,pending,,,,,,,,,,,,,,,,,False,
4828,tianjin,g00186x00088,tianjin_station_8b6cdcf8dcdf,2025-07,pending,,,,,,,,,,,,,,,,,False,
4829,chongqing,g00362x00267,chongqing_station_b3c0a36dbff8,2025-07,pending,,,,,,,,,,,,,,,,,False,
4830,hangzhou,g00267x00381,hangzhou_station_21281e676856,2025-07,pending,,,,,,,,,,,,,,,,,False,
4831,nanjing,g00186x00108,nanjing_station_1c7e42262abe,2025-08,pending,,,,,,,,,,,,,,,,,False,
4832,nanjing,g00190x00106,nanjing_station_73ba700ef15a,2025-08,pending,,,,,,,,,,,,,,,,,False,
4833,nanjing,g00192x00105,nanjing_station_5f78e3ec7ada,2025-08,pending,,,,,,,,,,,,,,,,,False,
4834,nanjing,g00194x00105,nanjing_station_33c38d2f8994,2025-08,pending,,,,,,,,,,,,,,,,,False,
4835,nanjing,g00197x00103,nanjing_station_e5a933bfb90f,2025-08,pending,,,,,,,,,,,,,,,,,False,
4836,nanjing,g00198x00102,nanjing_station_d75aa28c0527,2025-08,pending,,,,,,,,,,,,,,,,,False,
4837,nanjing,g00199x00095,nanjing_station_0a825265b200,2025-08,pending,,,,,,,,,,,,,,,,,False,
4838,nanjing,g00203x00096,nanjing_station_237b254abf67,2025-08,pending,,,,,,,,,,,,,,,,,False,
4839,nanjing,g00207x00095,nanjing_station_b5f223b74ce6,2025-08,pending,,,,,,,,,,,,,,,,,False,
4840,nanjing,g00211x00090,nanjing_station_b9fb6da0ebbb,2025-08,pending,,,,,,,,,,,,,,,,,False,
4841,nanjing,g00211x00091,nanjing_station_dde1598ff4bd,2025-08,pending,,,,,,,,,,,,,,,,,False,
4842,nanjing,g00212x00089,nanjing_station_59a0ef2d5373,2025-08,pending,,,,,,,,,,,,,,,,,False,
4843,nanjing,g00213x00089,nanjing_station_e5f91a79eb92,2025-08,pending,,,,,,,,,,,,,,,,,False,
4844,nanjing,g00215x00090,nanjing_station_a0a0e4edccb0,2025-08,pending,,,,,,,,,,,,,,,,,False,
4845,chengdu,g00092x00222,chengdu_station_acedf8035e34,2025-08,pending,,,,,,,,,,,,,,,,,False,
4846,ningbo,g00245x00161,ningbo_station_d023ef8ff92e,2025-08,pending,,,,,,,,,,,,,,,,,False,
4847,ningbo,g00249x00166,ningbo_station_4a3edf8850d0,2025-08,pending,,,,,,,,,,,,,,,,,False,
4848,ningbo,g00253x00166,ningbo_station_606c66359d8a,2025-08,pending,,,,,,,,,,,,,,,,,False,
4849,ningbo,g00256x00166,ningbo_station_c177fc38f2e1,2025-08,pending,,,,,,,,,,,,,,,,,False,
4850,ningbo,g00261x00168,ningbo_station_060d6a9cf78a,2025-08,pending,,,,,,,,,,,,,,,,,False,
4851,ningbo,g00263x00166,ningbo_station_f18ebbd40a56,2025-08,pending,,,,,,,,,,,,,,,,,False,
4852,ningbo,g00264x00164,ningbo_station_4c35af55f5a7,2025-08,pending,,,,,,,,,,,,,,,,,False,
4853,ningbo,g00265x00158,ningbo_station_b445adbc3ca5,2025-08,pending,,,,,,,,,,,,,,,,,False,
4854,ningbo,g00265x00160,ningbo_station_3609e5144c02,2025-08,pending,,,,,,,,,,,,,,,,,False,
4855,ningbo,g00265x00162,ningbo_station_aa43b71bc36f,2025-08,pending,,,,,,,,,,,,,,,,,False,
4856,ningbo,g00266x00155,ningbo_station_6eba55420a99,2025-08,pending,,,,,,,,,,,,,,,,,False,
4857,ningbo,g00267x00153,ningbo_station_65a603632c03,2025-08,pending,,,,,,,,,,,,,,,,,False,
4858,ningbo,g00269x00151,ningbo_station_455fd5751b45,2025-08,pending,,,,,,,,,,,,,,,,,False,
4859,ningbo,g00271x00151,ningbo_station_9ba571ce7a3a,2025-08,pending,,,,,,,,,,,,,,,,,False,
4860,ningbo,g00275x00150,ningbo_station_97a47c6df179,2025-08,pending,,,,,,,,,,,,,,,,,False,
4861,ningbo,g00278x00150,ningbo_station_67b69cbee88f,2025-08,pending,,,,,,,,,,,,,,,,,False,
4862,ningbo,g00284x00151,ningbo_station_fc41bace0e8b,2025-08,pending,,,,,,,,,,,,,,,,,False,
4863,ningbo,g00285x00166,ningbo_station_1c40949d7ee9,2025-08,pending,,,,,,,,,,,,,,,,,False,
4864,ningbo,g00285x00172,ningbo_station_77012afe4bed,2025-08,pending,,,,,,,,,,,,,,,,,False,
4865,chengdu,g00137x00221,chengdu_station_49fbcead6838,2025-09,pending,,,,,,,,,,,,,,,,,False,
4866,chengdu,g00139x00224,chengdu_station_1f77642233e8,2025-09,pending,,,,,,,,,,,,,,,,,False,
4867,chengdu,g00140x00225,chengdu_station_ff4fa1d1e7c6,2025-09,pending,,,,,,,,,,,,,,,,,False,
4868,chengdu,g00141x00215,chengdu_station_5d4926f17532,2025-09,pending,,,,,,,,,,,,,,,,,False,
4869,chengdu,g00141x00217,chengdu_station_d83d78a706c0,2025-09,pending,,,,,,,,,,,,,,,,,False,
4870,chengdu,g00141x00219,chengdu_station_395d49e62c79,2025-09,pending,,,,,,,,,,,,,,,,,False,
4871,chengdu,g00141x00222,chengdu_station_e54fe6e4dace,2025-09,pending,,,,,,,,,,,,,,,,,False,
4872,chengdu,g00141x00223,chengdu_station_fb8d55753fff,2025-09,pending,,,,,,,,,,,,,,,,,False,
4873,chengdu,g00141x00225,chengdu_station_1631dc58620d,2025-09,pending,,,,,,,,,,,,,,,,,False,
4874,chengdu,g00143x00226,chengdu_station_c8e3c9b0ef66,2025-09,pending,,,,,,,,,,,,,,,,,False,
4875,chengdu,g00145x00233,chengdu_station_299c5aba92b1,2025-09,pending,,,,,,,,,,,,,,,,,False,
4876,chengdu,g00145x00234,chengdu_station_37fb71036125,2025-09,pending,,,,,,,,,,,,,,,,,False,
4877,chengdu,g00146x00227,chengdu_station_ea36c28b6a1a,2025-09,pending,,,,,,,,,,,,,,,,,False,
4878,chengdu,g00146x00236,chengdu_station_256682b1bb73,2025-09,pending,,,,,,,,,,,,,,,,,False,
4879,chengdu,g00147x00231,chengdu_station_aa58af970da2,2025-09,pending,,,,,,,,,,,,,,,,,False,
4880,chengdu,g00147x00240,chengdu_station_9b0dd37e65e7,2025-09,pending,,,,,,,,,,,,,,,,,False,
4881,chengdu,g00149x00241,chengdu_station_a04ebe76daa0,2025-09,pending,,,,,,,,,,,,,,,,,False,
4882,chengdu,g00149x00247,chengdu_station_eb3174f01d95,2025-09,pending,,,,,,,,,,,,,,,,,False,
4883,chengdu,g00149x00250,chengdu_station_8bbb377fc759,2025-09,pending,,,,,,,,,,,,,,,,,False,
4884,chengdu,g00149x00253,chengdu_station_2c1a4bfe5a7d,2025-09,pending,,,,,,,,,,,,,,,,,False,
4885,chengdu,g00150x00244,chengdu_station_c208aef868ac,2025-09,pending,,,,,,,,,,,,,,,,,False,
4886,nanning,g00137x00255,nanning_station_0d57308c5641,2025-09,pending,,,,,,,,,,,,,,,,,False,
4887,nanning,g00138x00257,nanning_station_514c5951d587,2025-09,pending,,,,,,,,,,,,,,,,,False,
4888,changchun,g00185x00247,changchun_station_5d4e37f49fd5,2025-09,pending,,,,,,,,,,,,,,,,,False,
4889,changchun,g00187x00252,changchun_station_9d0c8c02cfcd,2025-09,pending,,,,,,,,,,,,,,,,,False,
4890,changchun,g00187x00255,changchun_station_bf8fbda03612,2025-09,pending,,,,,,,,,,,,,,,,,False,
4891,changchun,g00187x00258,changchun_station_3a016237bbc9,2025-09,pending,,,,,,,,,,,,,,,,,False,
4892,changchun,g00187x00262,changchun_station_49bf45a4f52b,2025-09,pending,,,,,,,,,,,,,,,,,False,
4893,shenzhen,g00221x00080,shenzhen_station_d37e2d43f3bd,2025-09,pending,,,,,,,,,,,,,,,,,False,
4894,shenzhen,g00224x00079,shenzhen_station_ce471663880c,2025-09,pending,,,,,,,,,,,,,,,,,False,
4895,shenzhen,g00226x00079,shenzhen_station_485a35e46c50,2025-09,pending,,,,,,,,,,,,,,,,,False,
4896,tianjin,g00114x00111,tianjin_station_033ca8f68acc,2025-09,pending,,,,,,,,,,,,,,,,,False,
4897,tianjin,g00116x00110,tianjin_station_bcce905715d8,2025-09,pending,,,,,,,,,,,,,,,,,False,
4898,tianjin,g00119x00109,tianjin_station_5cd16a78e3fc,2025-09,pending,,,,,,,,,,,,,,,,,False,
4899,tianjin,g00122x00108,tianjin_station_619dcb5930df,2025-09,pending,,,,,,,,,,,,,,,,,False,
4900,tianjin,g00124x00108,tianjin_station_2853fd4c9cba,2025-09,pending,,,,,,,,,,,,,,,,,False,
4901,tianjin,g00126x00107,tianjin_station_a15067b4a334,2025-09,pending,,,,,,,,,,,,,,,,,False,
4902,tianjin,g00129x00105,tianjin_station_6c463616d0e6,2025-09,pending,,,,,,,,,,,,,,,,,False,
4903,tianjin,g00139x00101,tianjin_station_bf5f2159d2e1,2025-09,pending,,,,,,,,,,,,,,,,,False,
4904,tianjin,g00145x00101,tianjin_station_4b1f95fed915,2025-09,pending,,,,,,,,,,,,,,,,,False,
4905,tianjin,g00147x00102,tianjin_station_da0b00858fbe,2025-09,pending,,,,,,,,,,,,,,,,,False,
4906,xuzhou,g00123x00184,xuzhou_station_9393d2a5c72b,2025-09,pending,,,,,,,,,,,,,,,,,False,
4907,xuzhou,g00123x00187,xuzhou_station_5753389cfb53,2025-09,pending,,,,,,,,,,,,,,,,,False,
4908,xuzhou,g00123x00189,xuzhou_station_b640514cb52a,2025-09,pending,,,,,,,,,,,,,,,,,False,
4909,xuzhou,g00124x00171,xuzhou_station_116e9bb1e9d6,2025-09,pending,,,,,,,,,,,,,,,,,False,
4910,xuzhou,g00124x00176,xuzhou_station_331e32cc6640,2025-09,pending,,,,,,,,,,,,,,,,,False,
4911,xuzhou,g00124x00178,xuzhou_station_513852887c6f,2025-09,pending,,,,,,,,,,,,,,,,,False,
4912,xuzhou,g00124x00182,xuzhou_station_ce87848da378,2025-09,pending,,,,,,,,,,,,,,,,,False,
4913,xuzhou,g00125x00190,xuzhou_station_4df796f24eb0,2025-09,pending,,,,,,,,,,,,,,,,,False,
4914,xuzhou,g00133x00191,xuzhou_station_d7a51263454e,2025-09,pending,,,,,,,,,,,,,,,,,False,
4915,xuzhou,g00134x00193,xuzhou_station_1a17a9813ad6,2025-09,pending,,,,,,,,,,,,,,,,,False,
4916,xuzhou,g00136x00195,xuzhou_station_eb24a8bd5918,2025-09,pending,,,,,,,,,,,,,,,,,False,
4917,xuzhou,g00140x00196,xuzhou_station_b375a05da8b4,2025-09,pending,,,,,,,,,,,,,,,,,False,
4918,fuzhou,g00200x00262,fuzhou_station_887055e3c72c,2025-09,pending,,,,,,,,,,,,,,,,,False,
4919,fuzhou,g00207x00239,fuzhou_station_0627eeb27429,2025-09,pending,,,,,,,,,,,,,,,,,False,
4920,fuzhou,g00209x00277,fuzhou_station_13541683b769,2025-09,pending,,,,,,,,,,,,,,,,,False,
4921,fuzhou,g00219x00281,fuzhou_station_a1250c391ec0,2025-09,pending,,,,,,,,,,,,,,,,,False,
4922,fuzhou,g00237x00205,fuzhou_station_c31ef155642a,2025-09,pending,,,,,,,,,,,,,,,,,False,
4923,fuzhou,g00240x00205,fuzhou_station_2cfb799a605e,2025-09,pending,,,,,,,,,,,,,,,,,False,
4924,guangzhou,g00145x00113,guangzhou_station_24c01817e8fe,2025-09,pending,,,,,,,,,,,,,,,,,False,
4925,guangzhou,g00147x00105,guangzhou_station_c12c96967c0f,2025-09,pending,,,,,,,,,,,,,,,,,False,
4926,guangzhou,g00159x00080,guangzhou_station_237ab515f62f,2025-09,pending,,,,,,,,,,,,,,,,,False,
4927,guangzhou,g00163x00080,guangzhou_station_7f1c72e43e11,2025-09,pending,,,,,,,,,,,,,,,,,False,
4928,guangzhou,g00166x00081,guangzhou_station_ba55bcd395df,2025-09,pending,,,,,,,,,,,,,,,,,False,
4929,guangzhou,g00168x00082,guangzhou_station_86a6be716ab2,2025-09,pending,,,,,,,,,,,,,,,,,False,
4930,guangzhou,g00169x00084,guangzhou_station_971e1ffd0f33,2025-09,pending,,,,,,,,,,,,,,,,,False,
4931,shanghai,g00132x00104,shanghai_station_655078ff6c5c,2025-11,pending,,,,,,,,,,,,,,,,,False,
4932,beijing,g00106x00189,beijing_station_d61828176ef0,2025-11,pending,,,,,,,,,,,,,,,,,False,
4933,dongguan,g00078x00111,dongguan_station_6a45b84d3521,2025-11,pending,,,,,,,,,,,,,,,,,False,
4934,dongguan,g00079x00082,dongguan_station_489196068249,2025-11,pending,,,,,,,,,,,,,,,,,False,
4935,dongguan,g00082x00102,dongguan_station_34b91195380a,2025-11,pending,,,,,,,,,,,,,,,,,False,
4936,dongguan,g00091x00070,dongguan_station_78410ba41786,2025-11,pending,,,,,,,,,,,,,,,,,False,
4937,dongguan,g00095x00070,dongguan_station_25a2500fb57b,2025-11,pending,,,,,,,,,,,,,,,,,False,
4938,dongguan,g00099x00040,dongguan_station_f31ef563fe6c,2025-11,pending,,,,,,,,,,,,,,,,,False,
4939,dongguan,g00099x00047,dongguan_station_0992e8b7a155,2025-11,pending,,,,,,,,,,,,,,,,,False,
4940,dongguan,g00101x00063,dongguan_station_37949c789f05,2025-11,pending,,,,,,,,,,,,,,,,,False,
4941,dongguan,g00101x00065,dongguan_station_e08e23aba70e,2025-11,pending,,,,,,,,,,,,,,,,,False,
4942,dongguan,g00102x00060,dongguan_station_e855dea55b7a,2025-11,pending,,,,,,,,,,,,,,,,,False,
4943,dongguan,g00103x00054,dongguan_station_cf5892acd5e8,2025-11,pending,,,,,,,,,,,,,,,,,False,
4944,jinan,g00173x00201,jinan_station_da8e2451b8b2,2025-12,pending,,,,,,,,,,,,,,,,,False,
4945,jinan,g00173x00202,jinan_station_f32b43b69eeb,2025-12,pending,,,,,,,,,,,,,,,,,False,
4946,jinan,g00174x00219,jinan_station_7b4537b0169a,2025-12,pending,,,,,,,,,,,,,,,,,False,
4947,jinan,g00175x00208,jinan_station_f657eb5ab12f,2025-12,pending,,,,,,,,,,,,,,,,,False,
4948,jinan,g00178x00202,jinan_station_07af5368d546,2025-12,pending,,,,,,,,,,,,,,,,,False,
4949,fuzhou,g00236x00189,fuzhou_station_9d54d51da090,2025-12,pending,,,,,,,,,,,,,,,,,False,
4950,fuzhou,g00237x00189,fuzhou_station_b4f163c3c36e,2025-12,pending,,,,,,,,,,,,,,,,,False,
4951,fuzhou,g00240x00194,fuzhou_station_8f468c109b45,2025-12,pending,,,,,,,,,,,,,,,,,False,
4952,chengdu,g00121x00210,chengdu_station_e865494b1966,2025-12,pending,,,,,,,,,,,,,,,,,False,
4953,chengdu,g00121x00211,chengdu_station_a376fd559677,2025-12,pending,,,,,,,,,,,,,,,,,False,
4954,chengdu,g00121x00213,chengdu_station_0c215241f7e0,2025-12,pending,,,,,,,,,,,,,,,,,False,
4955,chengdu,g00122x00215,chengdu_station_4359c0b8082c,2025-12,pending,,,,,,,,,,,,,,,,,False,
4956,chengdu,g00122x00217,chengdu_station_f0294af21561,2025-12,pending,,,,,,,,,,,,,,,,,False,
4957,chengdu,g00122x00252,chengdu_station_c7f9dd5b3ea5,2025-12,pending,,,,,,,,,,,,,,,,,False,
4958,chengdu,g00123x00250,chengdu_station_84dcce85cfa0,2025-12,pending,,,,,,,,,,,,,,,,,False,
4959,chengdu,g00124x00219,chengdu_station_434e74ec7ccf,2025-12,pending,,,,,,,,,,,,,,,,,False,
4960,chengdu,g00126x00222,chengdu_station_309f77cb4be2,2025-12,pending,,,,,,,,,,,,,,,,,False,
4961,chengdu,g00126x00244,chengdu_station_b1dd8f411430,2025-12,pending,,,,,,,,,,,,,,,,,False,
4962,chengdu,g00127x00223,chengdu_station_cec5cf692763,2025-12,pending,,,,,,,,,,,,,,,,,False,
4963,chengdu,g00127x00225,chengdu_station_ebbfbffb7eb2,2025-12,pending,,,,,,,,,,,,,,,,,False,
4964,chengdu,g00127x00227,chengdu_station_3f07ea306e7d,2025-12,pending,,,,,,,,,,,,,,,,,False,
4965,chengdu,g00127x00229,chengdu_station_c0e47a5ff2f1,2025-12,pending,,,,,,,,,,,,,,,,,False,
4966,chengdu,g00127x00230,chengdu_station_9c678ca55f3f,2025-12,pending,,,,,,,,,,,,,,,,,False,
4967,chengdu,g00127x00232,chengdu_station_07c26e7b4675,2025-12,pending,,,,,,,,,,,,,,,,,False,
4968,chengdu,g00128x00235,chengdu_station_fea1c5d28a74,2025-12,pending,,,,,,,,,,,,,,,,,False,
4969,chengdu,g00128x00242,chengdu_station_2c435f7d2364,2025-12,pending,,,,,,,,,,,,,,,,,False,
4970,chengdu,g00129x00237,chengdu_station_82fab61905d0,2025-12,pending,,,,,,,,,,,,,,,,,False,
4971,chengdu,g00129x00240,chengdu_station_1b74bcf2d156,2025-12,pending,,,,,,,,,,,,,,,,,False,
4972,chengdu,g00131x00242,chengdu_station_414619a948d9,2025-12,pending,,,,,,,,,,,,,,,,,False,
4973,chengdu,g00132x00238,chengdu_station_4a8e8c325a0f,2025-12,pending,,,,,,,,,,,,,,,,,False,
4974,chengdu,g00132x00243,chengdu_station_935d0e7e40c1,2025-12,pending,,,,,,,,,,,,,,,,,False,
4975,chengdu,g00132x00245,chengdu_station_3f3d0497ac54,2025-12,pending,,,,,,,,,,,,,,,,,False,
4976,chengdu,g00132x00247,chengdu_station_39f40760e78d,2025-12,pending,,,,,,,,,,,,,,,,,False,
4977,chengdu,g00136x00234,chengdu_station_5d5a72fdc769,2025-12,pending,,,,,,,,,,,,,,,,,False,
4978,chengdu,g00138x00232,chengdu_station_f58ce5ec61a0,2025-12,pending,,,,,,,,,,,,,,,,,False,
4979,chengdu,g00139x00228,chengdu_station_f6aaccd69d96,2025-12,pending,,,,,,,,,,,,,,,,,False,
4980,chengdu,g00139x00230,chengdu_station_3d76e6846d39,2025-12,pending,,,,,,,,,,,,,,,,,False,
4981,chengdu,g00141x00226,chengdu_station_c4c5b447907d,2025-12,pending,,,,,,,,,,,,,,,,,False,
4982,chengdu,g00143x00211,chengdu_station_1c56fa47d2fd,2025-12,pending,,,,,,,,,,,,,,,,,False,
4983,chengdu,g00143x00214,chengdu_station_8fad39db99aa,2025-12,pending,,,,,,,,,,,,,,,,,False,
4984,chengdu,g00143x00217,chengdu_station_c4a15d625778,2025-12,pending,,,,,,,,,,,,,,,,,False,
4985,chengdu,g00143x00223,chengdu_station_a7e96e8ae9d1,2025-12,pending,,,,,,,,,,,,,,,,,False,
4986,chengdu,g00144x00206,chengdu_station_262a8674ee7a,2025-12,pending,,,,,,,,,,,,,,,,,False,
4987,chengdu,g00144x00208,chengdu_station_5e7aacb35c51,2025-12,pending,,,,,,,,,,,,,,,,,False,
4988,chengdu,g00144x00220,chengdu_station_65645dac451f,2025-12,pending,,,,,,,,,,,,,,,,,False,
4989,chengdu,g00144x00221,chengdu_station_f35caff3cd72,2025-12,pending,,,,,,,,,,,,,,,,,False,
4990,nanjing,g00157x00108,nanjing_station_af4c000782b4,2025-12,pending,,,,,,,,,,,,,,,,,False,
4991,nanjing,g00159x00108,nanjing_station_3ad243484848,2025-12,pending,,,,,,,,,,,,,,,,,False,
4992,nanjing,g00190x00103,nanjing_station_093938bdc9ec,2025-12,pending,,,,,,,,,,,,,,,,,False,
4993,nanjing,g00192x00118,nanjing_station_d9863a5c1b59,2025-12,pending,,,,,,,,,,,,,,,,,False,
4994,hefei,g00215x00151,hefei_station_a3759ce57081,2025-12,pending,,,,,,,,,,,,,,,,,False,
4995,hefei,g00216x00115,hefei_station_c8de09425770,2025-12,pending,,,,,,,,,,,,,,,,,False,
4996,hefei,g00216x00118,hefei_station_ecd3d6e2ef13,2025-12,pending,,,,,,,,,,,,,,,,,False,
4997,hefei,g00216x00121,hefei_station_144995ff0ed2,2025-12,pending,,,,,,,,,,,,,,,,,False,
4998,hefei,g00216x00153,hefei_station_adc7567c2cea,2025-12,pending,,,,,,,,,,,,,,,,,False,
4999,hefei,g00217x00155,hefei_station_150062551aaa,2025-12,pending,,,,,,,,,,,,,,,,,False,
5000,hefei,g00217x00158,hefei_station_6c26ded60e60,2025-12,pending,,,,,,,,,,,,,,,,,False,
5001,beijing,g00113x00198,beijing_station_5cdf29e696a1,2025-12,pending,,,,,,,,,,,,,,,,,False,
5002,beijing,g00116x00250,beijing_station_ba4722ad066c,2025-12,pending,,,,,,,,,,,,,,,,,False,
5003,beijing,g00151x00170,beijing_station_5f84e7d3f43f,2025-12,pending,,,,,,,,,,,,,,,,,False,
5004,beijing,g00153x00171,beijing_station_fb3c890d4514,2025-12,pending,,,,,,,,,,,,,,,,,False,
5005,beijing,g00157x00174,beijing_station_6eb860f4acb3,2025-12,pending,,,,,,,,,,,,,,,,,False,
5006,beijing,g00157x00194,beijing_station_92f17e6fc076,2025-12,pending,,,,,,,,,,,,,,,,,False,
5007,beijing,g00158x00177,beijing_station_9a36158b87a1,2025-12,pending,,,,,,,,,,,,,,,,,False,
5008,beijing,g00159x00180,beijing_station_ad15f5a356a7,2025-12,pending,,,,,,,,,,,,,,,,,False,
5009,beijing,g00159x00185,beijing_station_921abad09255,2025-12,pending,,,,,,,,,,,,,,,,,False,
5010,jinan,g00164x00155,jinan_station_cf3cfb53b8b2,2025-12,pending,,,,,,,,,,,,,,,,,False,
5011,jinan,g00164x00156,jinan_station_c565fd710250,2025-12,pending,,,,,,,,,,,,,,,,,False,
5012,jinan,g00164x00159,jinan_station_db8a3e567cf2,2025-12,pending,,,,,,,,,,,,,,,,,False,
5013,jinan,g00164x00166,jinan_station_c9f501e901ea,2025-12,pending,,,,,,,,,,,,,,,,,False,
5014,jinan,g00164x00170,jinan_station_38ca56e07104,2025-12,pending,,,,,,,,,,,,,,,,,False,
5015,jinan,g00166x00176,jinan_station_e7ec9f40af09,2025-12,pending,,,,,,,,,,,,,,,,,False,
5016,jinan,g00167x00182,jinan_station_afd5c3b9af72,2025-12,pending,,,,,,,,,,,,,,,,,False,
5017,jinan,g00167x00210,jinan_station_11c5f3115417,2025-12,pending,,,,,,,,,,,,,,,,,False,
5018,jinan,g00169x00173,jinan_station_49510612cf81,2025-12,pending,,,,,,,,,,,,,,,,,False,
5019,jinan,g00169x00181,jinan_station_038b07149fd5,2025-12,pending,,,,,,,,,,,,,,,,,False,
5020,jinan,g00169x00236,jinan_station_3b7874805717,2025-12,pending,,,,,,,,,,,,,,,,,False,
5021,jinan,g00169x00240,jinan_station_eb6a40c7e77c,2025-12,pending,,,,,,,,,,,,,,,,,False,
5022,jinan,g00170x00174,jinan_station_c8c629a20ed8,2025-12,pending,,,,,,,,,,,,,,,,,False,
5023,jinan,g00170x00218,jinan_station_c43c1f4a38de,2025-12,pending,,,,,,,,,,,,,,,,,False,
5024,jinan,g00171x00200,jinan_station_b882cf85a478,2025-12,pending,,,,,,,,,,,,,,,,,False,
5025,jinan,g00171x00222,jinan_station_c4d841248df6,2025-12,pending,,,,,,,,,,,,,,,,,False,
5026,jinan,g00173x00186,jinan_station_09fb491f85c9,2025-12,pending,,,,,,,,,,,,,,,,,False,
5027,jinan,g00174x00200,jinan_station_ff4420a55c3a,2025-12,pending,,,,,,,,,,,,,,,,,False,
5028,jinan,g00176x00201,jinan_station_ff4c03d3659e,2025-12,pending,,,,,,,,,,,,,,,,,False,
5029,shanghai,g00165x00130,shanghai_station_93b3b3f6c603,2025-12,pending,,,,,,,,,,,,,,,,,False,
5030,shanghai,g00166x00134,shanghai_station_51df1c83fbba,2025-12,pending,,,,,,,,,,,,,,,,,False,
5031,shanghai,g00166x00142,shanghai_station_3810000accc3,2025-12,pending,,,,,,,,,,,,,,,,,False,
5032,shanghai,g00167x00136,shanghai_station_31c20da151a2,2025-12,pending,,,,,,,,,,,,,,,,,False,
5033,shanghai,g00168x00141,shanghai_station_ca637e0da6eb,2025-12,pending,,,,,,,,,,,,,,,,,False,
5034,guangzhou,g00127x00080,guangzhou_station_610ad23d3b37,2025-12,pending,,,,,,,,,,,,,,,,,False,
5035,guangzhou,g00130x00078,guangzhou_station_d99dfb99d74d,2025-12,pending,,,,,,,,,,,,,,,,,False,
5036,guangzhou,g00133x00074,guangzhou_station_76a9d90bb3d5,2025-12,pending,,,,,,,,,,,,,,,,,False,
5037,guangzhou,g00138x00087,guangzhou_station_bcaa1f9ff835,2025-12,pending,,,,,,,,,,,,,,,,,False,
5038,xian,g00115x00257,xian_station_fabc37b97372,2025-12,pending,,,,,,,,,,,,,,,,,False,
5039,xian,g00115x00263,xian_station_1a048bb17395,2025-12,pending,,,,,,,,,,,,,,,,,False,
5040,xian,g00115x00270,xian_station_8a5f9e754734,2025-12,pending,,,,,,,,,,,,,,,,,False,
5041,xian,g00116x00232,xian_station_bb48134dc79d,2025-12,pending,,,,,,,,,,,,,,,,,False,
5042,xian,g00116x00234,xian_station_2ae64a42b041,2025-12,pending,,,,,,,,,,,,,,,,,False,
5043,xian,g00116x00237,xian_station_d41fb100fc77,2025-12,pending,,,,,,,,,,,,,,,,,False,
5044,xian,g00116x00240,xian_station_b928be3199ec,2025-12,pending,,,,,,,,,,,,,,,,,False,
5045,xian,g00116x00245,xian_station_0a35d7b1a958,2025-12,pending,,,,,,,,,,,,,,,,,False,
5046,xian,g00116x00248,xian_station_cebb2b972bea,2025-12,pending,,,,,,,,,,,,,,,,,False,
5047,xian,g00116x00252,xian_station_ce1050f586b5,2025-12,pending,,,,,,,,,,,,,,,,,False,
5048,jinan,g00227x00181,jinan_station_19583fb923e0,2025-12,pending,,,,,,,,,,,,,,,,,False,
