treatment_order,city_key,grid_id,station_event_id,station_name,wgs84_lon,wgs84_lat,opening_date,opening_month,competing_event_ids,post_treatment_censor_year
1,shanghai,g00136x00165,shanghai_station_c72c54257f13,金科路(地铁站),121.5977903,31.2064275,2010-02-24,2010-02,,
2,shanghai,g00137x00169,shanghai_station_f47abbacd586,广兰路站,121.619,31.2131,2010-02-24,2010-02,,
3,shanghai,g00133x00107,shanghai_station_b709999f0a74,国家会展中心站,121.29614,31.19105,2010-03-16,2010-03,,
4,shanghai,g00155x00085,shanghai_station_20a894e6aeef,上海汽车城(地铁站),121.1762314,31.2873251,2010-03-29,2010-03,,
5,shanghai,g00156x00081,shanghai_station_bda6b3b723b3,安亭(地铁站),121.157436,31.2903757,2010-03-29,2010-03,,
6,shanghai,g00165x00094,shanghai_station_e2a4cea54b04,上海赛车场(地铁站),121.2216544,31.3338685,2010-03-29,2010-03,,
7,shanghai,g00127x00202,shanghai_station_a7723786b04e,海天三路(地铁站),121.7925674,31.1705425,2010-04-08,2010-04,,
8,shanghai,g00132x00183,shanghai_station_376ec52a6851,川沙(地铁站),121.6938755,31.1888245,2010-04-08,2010-04,,
9,shanghai,g00133x00188,shanghai_station_9a9543f89bf4,凌空路(地铁站),121.7197279,31.194907,2010-04-08,2010-04,,
10,shanghai,g00134x00180,shanghai_station_27ee77796e29,华夏东路(地铁站),121.6766673,31.1986844,2010-04-08,2010-04,,
11,shanghai,g00134x00194,shanghai_station_0ed0dd903da6,远东大道(地铁站),121.7509293,31.2014154,2010-04-08,2010-04,,
12,shanghai,g00138x00175,shanghai_station_b784ae5614b7,唐镇(地铁站),121.6520103,31.2162546,2010-04-08,2010-04,,
13,shanghai,g00138x00178,shanghai_station_d5455c48ee34,创新中路(地铁站),121.6694209,31.2159858,2010-04-08,2010-04,,
14,shanghai,g00128x00118,shanghai_station_f17b5b51723b,航中路(地铁站),121.3507399,31.1673265,2010-04-10,2010-04,,
15,shanghai,g00129x00119,shanghai_station_1f12987a3ed0,紫藤路(地铁站),121.3602176,31.1715669,2010-04-10,2010-04,,
16,shanghai,g00130x00120,shanghai_station_2d7871f98485,龙柏新村(地铁站),121.3658573,31.1787638,2010-04-10,2010-04,,
17,shanghai,g00134x00122,shanghai_station_7afe3f29ac59,龙溪路(地铁站),121.3753977,31.1962628,2010-04-10,2010-04,,
18,shanghai,g00135x00125,shanghai_station_9974f50358ab,水城路(地铁站),121.3876127,31.2013341,2010-04-10,2010-04,,
19,shanghai,g00135x00127,shanghai_station_236f64d8052a,伊犁路(地铁站),121.3992504,31.2007302,2010-04-10,2010-04,,
20,shanghai,g00135x00128,shanghai_station_3d014b7d6859,宋园路(地铁站),121.4074342,31.1983934,2010-04-10,2010-04,,
21,shanghai,g00135x00130,shanghai_station_b47c1099ea18,虹桥路(地铁站),121.4161747,31.1993824,2010-04-10,2010-04,,
22,shanghai,g00137x00135,shanghai_station_e15f7ddab79b,上海图书馆站,121.43965,31.21,2010-04-10,2010-04,,
23,shanghai,g00139x00142,shanghai_station_95cadf02a1f2,老西门(地铁站),121.479305,31.22099,2010-04-10,2010-04,,
24,shanghai,g00147x00142,shanghai_station_86208cd6b939,四川北路(地铁站),121.4797186,31.2539971,2010-04-10,2010-04,,
25,shanghai,g00148x00143,shanghai_station_849010a01081,海伦路站,121.48532,31.26096,2010-04-10,2010-04,,
26,shanghai,g00150x00144,shanghai_station_7c8f768a5810,邮电新村站,121.48975,31.27037,2010-04-10,2010-04,,
27,shanghai,g00152x00146,shanghai_station_2354f55d14d2,四平路(地铁站),121.4970584,31.2768837,2010-04-10,2010-04,,
28,shanghai,g00153x00147,shanghai_station_caa4f65f7873,同济大学(地铁站),121.501856,31.2839191,2010-04-10,2010-04,,
29,shanghai,g00157x00148,shanghai_station_976f88502a47,五角场(地铁站),121.5102475,31.3000764,2010-04-10,2010-04,,
30,shanghai,g00158x00148,shanghai_station_5dd3e7115142,江湾体育场(地铁站),121.5089244,31.3063201,2010-04-10,2010-04,,
31,shanghai,g00160x00147,shanghai_station_086c22b528b2,三门路站,121.5038,31.3152,2010-04-10,2010-04,,
32,shanghai,g00162x00147,shanghai_station_959d983d005f,殷高东路(地铁站),121.5023826,31.3237691,2010-04-10,2010-04,,
33,shanghai,g00164x00147,shanghai_station_799da2bf9b37,新江湾城(地铁站),121.5025365,31.3304951,2010-04-10,2010-04,,
34,shanghai,g00129x00140,shanghai_station_3812d78a89aa,后滩站,121.469,31.1742,2010-04-20,2010-04,,
35,shanghai,g00131x00142,shanghai_station_ebfcac421202,世博大道站,121.4791667,31.185,2010-04-20,2010-04,,
36,shanghai,g00135x00142,shanghai_station_41496f37bb68,世博会博物馆站,121.47711,31.19924,2010-04-20,2010-04,,
37,shanghai,g00137x00141,shanghai_station_98db13b5cc56,马当路(地铁站),121.4727465,31.2114819,2010-04-20,2010-04,,
38,nanjing,g00170x00123,nanjing_station_bc67c4f44670,中国药科大学(地铁站),118.9091135,31.8998641,2010-05-28,2010-05,,
39,nanjing,g00173x00121,nanjing_station_3678b0abfa6e,南京交院(地铁站),118.8997939,31.9150466,2010-05-28,2010-05,,
40,nanjing,g00177x00107,nanjing_station_945c3c3b5551,小龙湾(地铁站),118.8276344,31.9318445,2010-05-28,2010-05,,
41,nanjing,g00177x00110,nanjing_station_a025272d6d1a,竹山路(地铁站),118.8406359,31.9339987,2010-05-28,2010-05,,
42,nanjing,g00178x00113,nanjing_station_4753d85eb445,天印大道站,118.85847,31.93986,2010-05-28,2010-05,,
43,nanjing,g00178x00118,nanjing_station_a6bb8bca028a,南医大·江苏经贸学院(地铁站),118.8852255,31.9356636,2010-05-28,2010-05,,
44,nanjing,g00179x00116,nanjing_station_c85143d83e30,龙眠大道(地铁站),118.8721319,31.9420824,2010-05-28,2010-05,,
45,nanjing,g00180x00105,nanjing_station_2b8a72eac997,胜太路(地铁站),118.8162681,31.9456403,2010-05-28,2010-05,,
46,nanjing,g00181x00105,nanjing_station_486499d5691e,河定桥(地铁站),118.8150126,31.9541829,2010-05-28,2010-05,,
47,nanjing,g00184x00086,nanjing_station_8c7c64cf40d6,油坊桥站,118.71434,31.96773,2010-05-28,2010-05,,
48,nanjing,g00184x00104,nanjing_station_d1aa530ef42f,双龙大道(地铁站),118.8120604,31.9659212,2010-05-28,2010-05,,
49,nanjing,g00187x00094,nanjing_station_a15c88d9010b,天隆寺(地铁站),118.7579157,31.9812942,2010-05-28,2010-05,,
50,nanjing,g00187x00096,nanjing_station_b6f4164fc26d,软件大道(地铁站),118.7693915,31.9788305,2010-05-28,2010-05,,
51,nanjing,g00187x00098,nanjing_station_4f4d57deee75,花神庙(地铁站),118.7804545,31.9798364,2010-05-28,2010-05,,
52,nanjing,g00188x00086,nanjing_station_e3c093344d28,雨润大街(地铁站),118.7174117,31.9857135,2010-05-28,2010-05,,
53,nanjing,g00193x00087,nanjing_station_3f4b326b3ff4,奥体东(地铁站),118.7238758,32.0071106,2010-05-28,2010-05,,
54,nanjing,g00195x00089,nanjing_station_ca0c16f3adf8,兴隆大街(地铁站),118.731248,32.0172281,2010-05-28,2010-05,,
55,nanjing,g00198x00089,nanjing_station_56803152d7b7,集庆门大街(地铁站),118.73436,32.0306057,2010-05-28,2010-05,,
56,nanjing,g00200x00091,nanjing_station_35a18a1b8653,云锦路(地铁站),118.7420998,32.0369441,2010-05-28,2010-05,,
57,nanjing,g00200x00093,nanjing_station_8b84eeb2b532,莫愁湖(地铁站),118.7543457,32.0394621,2010-05-28,2010-05,,
58,nanjing,g00200x00105,nanjing_station_e441e22636b9,明故宫站,118.819,32.0392,2010-05-28,2010-05,,
59,nanjing,g00200x00111,nanjing_station_9b3a7334f257,下马坊站,118.848,32.0375,2010-05-28,2010-05,,
60,nanjing,g00200x00112,nanjing_station_77ddcd4fbc64,孝陵卫站,118.857,32.0356,2010-05-28,2010-05,,
61,nanjing,g00201x00094,nanjing_station_9a55b733bcc3,汉中门(地铁站),118.7618612,32.0447639,2010-05-28,2010-05,,
62,nanjing,g00201x00096,nanjing_station_b97e5a23b983,上海路(地铁站),118.7709971,32.0443259,2010-05-28,2010-05,,
63,nanjing,g00201x00107,nanjing_station_975ebd72a916,苜蓿园(地铁站),118.8302058,32.0423787,2010-05-28,2010-05,,
64,nanjing,g00211x00120,nanjing_station_23c329a3108f,仙鹤门(地铁站),118.8998883,32.0871364,2010-05-28,2010-05,,
65,nanjing,g00213x00122,nanjing_station_b91ad337b5cd,学则路(地铁站),118.9117449,32.093502,2010-05-28,2010-05,,
66,nanjing,g00214x00126,nanjing_station_9abaa0a11aa2,仙林中心站,118.9297222,32.0983333,2010-05-28,2010-05,,
67,nanjing,g00217x00130,nanjing_station_9a4e1a5ca71e,南大仙林校区(地铁站),118.9543914,32.110921,2010-05-28,2010-05,,
68,nanjing,g00218x00134,nanjing_station_f916d76fbc39,经天路(地铁站),118.9714802,32.1182656,2010-05-28,2010-05,,
69,wuhan,g00153x00123,wuhan_station_c8d2bbd5b59b,汉西一路站,114.21352,30.58789,2010-07-29,2010-07,,
70,wuhan,g00154x00122,wuhan_station_f0b73383d5ba,古田四路站,114.2062,30.5917,2010-07-29,2010-07,,
71,wuhan,g00155x00121,wuhan_station_0a76621c8bfb,古田三路站,114.1994,30.5958,2010-07-29,2010-07,,
72,wuhan,g00156x00119,wuhan_station_e988457afb1f,古田二路站,114.1912,30.5999,2010-07-29,2010-07,,
73,wuhan,g00157x00117,wuhan_station_103be71a8e95,古田一路(地铁站),114.1775129,30.6069072,2010-07-29,2010-07,,
74,wuhan,g00158x00114,wuhan_station_865a1bca9268,舵落口(地铁站),114.1638752,30.6122656,2010-07-29,2010-07,,
75,wuhan,g00160x00108,wuhan_station_9a812c111fc9,五环大道(地铁站),114.1332336,30.6200015,2010-07-29,2010-07,,
76,wuhan,g00160x00112,wuhan_station_0439012f75b6,额头湾(地铁站),114.1503126,30.6207901,2010-07-29,2010-07,,
77,wuhan,g00160x00142,wuhan_station_ebdd356d111d,头道街(地铁站),114.3084636,30.6202025,2010-07-29,2010-07,,
78,wuhan,g00161x00143,wuhan_station_8ec37a97dbec,二七路站,114.31328,30.62735,2010-07-29,2010-07,,
79,wuhan,g00162x00106,wuhan_station_8737a81690c8,东吴大道(地铁站),114.1228694,30.6272538,2010-07-29,2010-07,,
80,wuhan,g00162x00144,wuhan_station_f013eb540a09,徐州新村(地铁站),114.3174612,30.633533,2010-07-29,2010-07,,
81,wuhan,g00165x00145,wuhan_station_7ecdaca111aa,丹水池站,114.32455,30.6458,2010-07-29,2010-07,,
82,wuhan,g00170x00147,wuhan_station_24e99796ec85,堤角(地铁站),114.3327702,30.6681806,2010-07-29,2010-07,,
83,guangzhou,g00117x00084,guangzhou_station_f4361e33deb8,石壁(地铁站),113.272631,22.9968591,2010-09-25,2010-09,,
84,guangzhou,g00126x00087,guangzhou_station_2c9e203fabf0,南浦(地铁站),113.2877972,23.0356164,2010-09-25,2010-09,,
85,guangzhou,g00128x00088,guangzhou_station_a60e1820aaf8,洛溪(地铁站),113.2932983,23.0455708,2010-09-25,2010-09,,
86,guangzhou,g00133x00088,guangzhou_station_46651afcbb29,南洲(地铁站),113.2920829,23.0673993,2010-09-25,2010-09,,
87,guangzhou,g00134x00087,guangzhou_station_4bdc2f7c7483,东晓南(地铁站),113.288813,23.0740025,2010-09-25,2010-09,,
88,guangzhou,g00137x00084,guangzhou_station_bed0463428f5,江泰路(地铁站),113.275228,23.0849135,2010-09-25,2010-09,,
89,guangzhou,g00138x00083,guangzhou_station_11e35701f1c9,昌岗(地铁站),113.2717705,23.0927759,2010-09-25,2010-09,,
90,guangzhou,g00159x00082,guangzhou_station_ec6da1808146,白云公园(地铁站),113.2656277,23.1842649,2010-09-25,2010-09,,
91,guangzhou,g00161x00083,guangzhou_station_52f88a2b4548,白云文化广场(地铁站),113.2702585,23.192219,2010-09-25,2010-09,,
92,guangzhou,g00165x00084,guangzhou_station_f56bcda34c2b,江夏(地铁站),113.2780966,23.2139298,2010-09-25,2010-09,,
93,guangzhou,g00168x00085,guangzhou_station_ad3c4e428cf1,黄边(地铁站),113.2820154,23.2242653,2010-09-25,2010-09,,
94,guangzhou,g00171x00085,guangzhou_station_5e9489a1aab0,嘉禾望岗站,113.28387,23.23994,2010-09-25,2010-09,,
95,guangzhou,g00173x00087,guangzhou_station_011dac379a86,嘉禾车辆段,113.290243,23.248533,2010-09-25,2010-09,,
96,chengdu,g00120x00228,chengdu_station_6d50ad1dbd76,世纪城(地铁站),104.0664156,30.5573302,2010-09-27,2010-09,,
97,chengdu,g00125x00228,chengdu_station_d757c31ae276,金融城站,104.064,30.5825,2010-09-27,2010-09,,
98,chengdu,g00128x00228,chengdu_station_2a774045f4a0,高新站,104.064,30.5942,2010-09-27,2010-09,,
99,chengdu,g00133x00228,chengdu_station_8972ebc498bb,桐梓林站,104.06468,30.61775,2010-09-27,2010-09,,
100,chengdu,g00137x00228,chengdu_station_66a7ecff9e6a,省體育館站,104.06407,30.63567,2010-09-27,2010-09,,
101,chengdu,g00141x00228,chengdu_station_330100081497,锦江宾馆站,104.06356,30.65194,2010-09-27,2010-09,,
102,chengdu,g00146x00229,chengdu_station_7443814afa47,文殊院站,104.0661111,30.6758333,2010-09-27,2010-09,,
103,chengdu,g00153x00232,chengdu_station_b5c478316935,升仙湖(地铁站),104.080939,30.7070065,2010-09-27,2010-09,,
104,shenyang,g00145x00155,shenyang_station_2bc13a110055,十三号街(地铁站),123.2247054,41.763199,2010-09-27,2010-09,,
105,shenyang,g00145x00157,shenyang_station_0db77497b36e,中央大街(地铁站),123.2367331,41.7631378,2010-09-27,2010-09,,
106,shenyang,g00145x00160,shenyang_station_001b5cd0743f,七号街(地铁站),123.2535239,41.7631228,2010-09-27,2010-09,,
107,shenyang,g00145x00163,shenyang_station_6aa042e5c98d,四号街(地铁站),123.2714328,41.7637552,2010-09-27,2010-09,,
108,shenyang,g00146x00166,shenyang_station_9ae80e0d74ec,张士(地铁站),123.2882155,41.7696436,2010-09-27,2010-09,,
109,shenyang,g00148x00168,shenyang_station_5b2a1f7b8e2a,开发大道(地铁站),123.2993367,41.7787411,2010-09-27,2010-09,,
110,shenyang,g00150x00184,shenyang_station_7c6b11c2e5d2,太原街(地铁站),123.4003074,41.7872092,2010-09-27,2010-09,,
111,shenyang,g00150x00187,shenyang_station_0bfbf00dd942,南市场(地铁站),123.4137612,41.7869565,2010-09-27,2010-09,,
112,shenyang,g00151x00168,shenyang_station_0ac3a5cde4a7,于洪广场(地铁站),123.2997676,41.7918738,2010-09-27,2010-09,,
113,shenyang,g00152x00176,shenyang_station_1a1a0f05a3b0,保工街(地铁站),123.3500427,41.7978861,2010-09-27,2010-09,,
114,shenyang,g00152x00180,shenyang_station_eb30e6ff70d1,云峰北街(地铁站),123.3743843,41.7940718,2010-09-27,2010-09,,
115,shenyang,g00152x00191,shenyang_station_d7af6d822bf1,怀远门(地铁站),123.4411485,41.7945446,2010-09-27,2010-09,,
116,shenyang,g00153x00174,shenyang_station_6bff78181e55,启工街(地铁站),123.3375237,41.8013427,2010-09-27,2010-09,,
117,shenyang,g00153x00195,shenyang_station_5c3a7f5d72c3,东中街(地铁站),123.4645527,41.8004823,2010-09-27,2010-09,,
118,shenyang,g00154x00204,shenyang_station_da3071d0a684,新惠街(地铁站),123.515623,41.8043417,2010-09-27,2010-09,,
119,shenyang,g00155x00205,shenyang_station_95e2b5660660,新宁街(地铁站),123.5253008,41.8109956,2010-09-27,2010-09,,
120,shenyang,g00157x00207,shenyang_station_4b03bc70d95e,东大营街(地铁站),123.5395718,41.8163627,2010-09-27,2010-09,,
121,shenyang,g00157x00211,shenyang_station_ff8b652c766f,农业大学(地铁站),123.5587327,41.8196018,2010-09-27,2010-09,,
122,shenyang,g00158x00213,shenyang_station_3ba6746013b3,前陵(地铁站),123.5740073,41.8205069,2010-09-27,2010-09,,
123,shenyang,g00159x00216,shenyang_station_fe12384ae9a4,东陵公园(地铁站),123.5899005,41.8275558,2010-09-27,2010-09,,
124,shenyang,g00163x00219,shenyang_station_e73ef57a2f09,水泉(地铁站),123.6097683,41.843497,2010-09-27,2010-09,,
125,shenyang,g00165x00221,shenyang_station_9c87bd02bc7a,伯官北大街(地铁站),123.6204747,41.852882,2010-09-27,2010-09,,
126,shenyang,g00165x00223,shenyang_station_832f6ff958dd,植物园(地铁站),123.6333154,41.8517229,2010-09-27,2010-09,,
127,shenyang,g00165x00226,shenyang_station_b8e69081e0ac,双马(地铁站),123.6526715,41.8531109,2010-09-27,2010-09,,
128,guangzhou,g00157x00092,guangzhou_station_83080ad6b382,梅花园(地铁站),113.3149905,23.1776804,2010-10-30,2010-10,,
129,guangzhou,g00160x00093,guangzhou_station_58ac29912e11,京溪南方医院(地铁站),113.3206961,23.1877928,2010-10-30,2010-10,,
130,guangzhou,g00162x00093,guangzhou_station_b9686a5b6c3f,同和(地铁站),113.320833,23.1996232,2010-10-30,2010-10,,
131,guangzhou,g00167x00089,guangzhou_station_2cabcbdfd3e6,永泰(地铁站),113.3008426,23.222473,2010-10-30,2010-10,,
132,guangzhou,g00168x00087,guangzhou_station_7c7c6e690cf0,白云大道北(地铁站),113.2921032,23.2247547,2010-10-30,2010-10,,
133,guangzhou,g00183x00087,guangzhou_station_a28058888386,龙归(地铁站),113.2954468,23.2913154,2010-10-30,2010-10,,
134,guangzhou,g00193x00086,guangzhou_station_2442a1f540e0,人和站,113.2901722,23.3382556,2010-10-30,2010-10,,
135,guangzhou,g00154x00093,guangzhou_station_6f04643a6983,燕塘(地铁站),113.3216279,23.1628325,2010-10-31,2010-10,,
136,foshan,g00107x00171,foshan_station_d9031b9311c0,朝安(地铁站),113.128066,23.0302402,2010-11-03,2010-11,,
137,foshan,g00108x00172,foshan_station_55a0f4e0603b,桂城(地铁站),113.1359713,23.0342478,2010-11-03,2010-11,,
138,foshan,g00108x00175,foshan_station_0c1011c156f3,南桂路(地铁站),113.1486984,23.0367608,2010-11-03,2010-11,,
139,guangzhou,g00138x00082,guangzhou_station_dfbe9f31d4ba,宝岗大道(地铁站),113.2643692,23.088718,2010-11-03,2010-11,,
140,guangzhou,g00139x00079,guangzhou_station_e32e67575663,凤凰新村(地铁站),113.250671,23.0973991,2010-11-03,2010-11,,
141,shanghai,g00133x00120,shanghai_station_bbd75ac16927,上海动物园(地铁站),121.3635166,31.1921241,2010-11-30,2010-11,,
142,shanghai,g00134x00112,shanghai_station_abde78c13028,虹桥2号航站楼站,121.31987,31.19613,2010-11-30,2010-11,,
143,shanghai,g00134x00116,shanghai_station_ec845f503f52,虹桥1号航站楼(地铁站),121.3427887,31.1932729,2010-11-30,2010-11,,
144,shanghai,g00177x00119,shanghai_station_d6328ca2f003,罗南新村(地铁站),121.3528505,31.390645,2010-12-28,2010-12,,
145,shanghai,g00180x00117,shanghai_station_1b45b4bf0c74,美兰湖(地铁站),121.3452882,31.4037118,2010-12-28,2010-12,,
146,shenzhen,g00164x00070,shenzhen_station_5b768279fbe2,蛇口港(地铁站),113.9074748,22.4796785,2010-12-28,2010-12,,
147,shenzhen,g00165x00067,shenzhen_station_f9473220e48a,赤湾(地铁站),113.8926603,22.4822816,2010-12-28,2010-12,,
148,shenzhen,g00167x00072,shenzhen_station_928871605e75,水湾(地铁站),113.9148292,22.491437,2010-12-28,2010-12,,
149,shenzhen,g00168x00076,shenzhen_station_15db354e9297,湾厦(地铁站),113.9337357,22.496378,2010-12-28,2010-12,,
150,shenzhen,g00169x00075,shenzhen_station_2023fb747baa,海月(地铁站),113.9328472,22.5034354,2010-12-28,2010-12,,
151,shenzhen,g00171x00075,shenzhen_station_7869363602b7,登良(地铁站),113.9327337,22.5121724,2010-12-28,2010-12,,
152,shenzhen,g00173x00077,shenzhen_station_be21b1aab9d7,后海(地铁站),113.9386276,22.5211881,2010-12-28,2010-12,,
153,shenzhen,g00174x00082,shenzhen_station_58c94ff82e28,红树湾(地铁站),113.9635138,22.5281017,2010-12-28,2010-12,,
154,shenzhen,g00187x00112,shenzhen_station_68ce087e7727,草埔(地铁站),114.1113944,22.5871314,2010-12-28,2010-12,,
155,shenzhen,g00191x00114,shenzhen_station_cca8a661c1b8,布吉(地铁站),114.1160598,22.605016,2010-12-28,2010-12,,
156,shenzhen,g00193x00117,shenzhen_station_9e2ddb73ccc2,大芬(地铁站),114.1332986,22.616896,2010-12-28,2010-12,,
157,shenzhen,g00199x00128,shenzhen_station_402d8631e723,塘坑(地铁站),114.1877995,22.6419765,2010-12-28,2010-12,,
158,shenzhen,g00203x00134,shenzhen_station_4fbfc4a842b3,永湖(地铁站),114.2131716,22.6618255,2010-12-28,2010-12,,
159,shenzhen,g00206x00135,shenzhen_station_310f0794ab41,荷坳(地铁站),114.2194497,22.6759128,2010-12-28,2010-12,,
160,shenzhen,g00212x00137,shenzhen_station_f4ecb7583b56,爱联(地铁站),114.2295758,22.7003305,2010-12-28,2010-12,,
161,shenzhen,g00214x00139,shenzhen_station_34fb52780258,吉祥(地铁站),114.2394805,22.7123243,2010-12-28,2010-12,,
162,beijing,g00068x00175,beijing_station_73a666ca857d,天宫院(地铁站),116.3138462,39.6690682,2010-12-30,2010-12,,
163,beijing,g00071x00175,beijing_station_536f259e536b,生物医药基地(地铁站),116.3155703,39.6852303,2010-12-30,2010-12,,
164,beijing,g00077x00175,beijing_station_228ceb7c6795,义和庄(地铁站),116.3129898,39.7111084,2010-12-30,2010-12,,
165,beijing,g00079x00177,beijing_station_33c7e7f26cde,黄村火车站(地铁站),116.3264897,39.7216601,2010-12-30,2010-12,,
166,beijing,g00080x00142,beijing_station_736978d16d89,苏庄(地铁站),116.1190364,39.7218199,2010-12-30,2010-12,,
167,beijing,g00080x00144,beijing_station_657dbbaa7c91,良乡南关(地铁站),116.134567,39.7218539,2010-12-30,2010-12,,
168,beijing,g00080x00147,beijing_station_3b380f94cb61,良乡大学城西(地铁站),116.1500846,39.7218345,2010-12-30,2010-12,,
169,beijing,g00080x00150,beijing_station_824e6c238567,良乡大学城(地铁站),116.1704003,39.721874,2010-12-30,2010-12,,
170,beijing,g00081x00152,beijing_station_deca1d251725,良乡大学城北(地铁站),116.1773577,39.7286329,2010-12-30,2010-12,,
171,beijing,g00081x00177,beijing_station_a3072def1e2e,黄村西大街(地铁站),116.3265086,39.730462,2010-12-30,2010-12,,
172,beijing,g00084x00177,beijing_station_cc543f2276c8,清源路(地铁站),116.3263895,39.7414159,2010-12-30,2010-12,,
173,beijing,g00085x00152,beijing_station_6625b02ec82c,广阳城(地铁站),116.1788646,39.7466576,2010-12-30,2010-12,,
174,beijing,g00086x00177,beijing_station_49503b4b7493,枣园(地铁站),116.3260799,39.7521493,2010-12-30,2010-12,,
175,beijing,g00088x00153,beijing_station_7853069cb43d,篱笆房(地铁站),116.1833761,39.7593702,2010-12-30,2010-12,,
176,beijing,g00088x00177,beijing_station_2abc2d2019ee,高米店南(地铁站),116.325481,39.7621804,2010-12-30,2010-12,,
177,beijing,g00089x00157,beijing_station_a6a9ba5791a9,长阳(地铁站),116.2066365,39.7626406,2010-12-30,2010-12,,
178,beijing,g00090x00213,beijing_station_d85bf8dc7530,同济南路(地铁站),116.5339841,39.7717982,2010-12-30,2010-12,,
179,beijing,g00091x00177,beijing_station_ac1459b1bc7d,高米店北(地铁站),116.3246636,39.772239,2010-12-30,2010-12,,
180,beijing,g00092x00210,beijing_station_34dccaac4ffb,荣昌东街(地铁站),116.5158262,39.7816492,2010-12-30,2010-12,,
181,beijing,g00093x00217,beijing_station_166bd15bada5,经海路(地铁站),116.5564465,39.7825285,2010-12-30,2010-12,,
182,beijing,g00094x00177,beijing_station_90dbf9f415ea,西红门(地铁站),116.3225684,39.7884945,2010-12-30,2010-12,,
183,beijing,g00095x00158,beijing_station_fc84e2c78163,稻田(地铁站),116.2127922,39.793659,2010-12-30,2010-12,,
184,beijing,g00095x00208,beijing_station_a01dad30005a,荣京东街(地铁站),116.5074479,39.7919574,2010-12-30,2010-12,,
185,beijing,g00095x00220,beijing_station_e54f014e2a94,次渠南(地铁站),116.5755815,39.7940803,2010-12-30,2010-12,,
186,beijing,g00097x00203,beijing_station_b61e11d1f389,亦庄桥(地铁站),116.4742395,39.8017378,2010-12-30,2010-12,,
187,beijing,g00097x00207,beijing_station_e9d6ec372537,万源街(地铁站),116.499473,39.8017221,2010-12-30,2010-12,,
188,beijing,g00098x00170,beijing_station_6ee339ca3317,大葆台(地铁站),116.285634,39.806568,2010-12-30,2010-12,,
189,beijing,g00098x00199,beijing_station_fd0335471964,旧宫(地铁站),116.4546551,39.8055852,2010-12-30,2010-12,,
190,beijing,g00098x00204,beijing_station_b096c4526d0d,亦庄文化园(地铁站),116.4846023,39.8056465,2010-12-30,2010-12,,
191,beijing,g00099x00183,beijing_station_ff2de1028731,新宫(地铁站),116.3593488,39.8112208,2010-12-30,2010-12,,
192,beijing,g00103x00199,beijing_station_d37a177f2eba,小红门(地铁站),116.4531188,39.82672,2010-12-30,2010-12,,
193,beijing,g00104x00197,beijing_station_4224303c0a37,肖村(地铁站),116.4421916,39.8328631,2010-12-30,2010-12,,
194,beijing,g00146x00205,beijing_station_4218d9a85c3c,崔各庄(地铁站),116.4869203,40.0209539,2010-12-30,2010-12,,
195,beijing,g00148x00207,beijing_station_11f5ef02f78f,马泉营(地铁站),116.497471,40.0325047,2010-12-30,2010-12,,
196,beijing,g00151x00212,beijing_station_3a826d3eae5b,孙河(地铁站),116.5288002,40.043984,2010-12-30,2010-12,,
197,beijing,g00156x00216,beijing_station_a1a5b41f228d,国展(地铁站),116.5492792,40.0689443,2010-12-30,2010-12,,
198,beijing,g00159x00216,beijing_station_c9af088f1447,花梨坎(地铁站),116.5517488,40.0833537,2010-12-30,2010-12,,
199,beijing,g00162x00171,beijing_station_f65e9a8dbce0,生命科学园(地铁站),116.288143,40.0935295,2010-12-30,2010-12,,
200,beijing,g00166x00217,beijing_station_49da984000ed,后沙峪(地铁站),116.5583758,40.1130531,2010-12-30,2010-12,,
201,beijing,g00170x00171,beijing_station_5756c4f8f836,巩华城(地铁站),116.2878878,40.1296369,2010-12-30,2010-12,,
202,beijing,g00174x00170,beijing_station_a42f44300886,沙河(地铁站),116.2827798,40.1470204,2010-12-30,2010-12,,
203,beijing,g00177x00169,beijing_station_ee28b0a795c6,沙河高教园(地铁站),116.2743891,40.163417,2010-12-30,2010-12,,
204,beijing,g00187x00170,beijing_station_7ae2c89bff8e,南邵(地铁站),116.2815402,40.2062686,2010-12-30,2010-12,,
205,shanghai,g00157x00088,shanghai_station_b88af5f2d9ea,昌吉东路(地铁站),121.1959097,31.295573,2011-04-26,2011-04,,
206,tianjin,g00141x00113,tianjin_station_f98e9100b664,东兴路(地铁站),117.2363018,39.1024445,2011-05-01,2011-05,,
207,tianjin,g00143x00111,tianjin_station_effa345ce027,直沽(地铁站),117.2276551,39.1100262,2011-05-01,2011-05,,
208,tianjin,g00145x00109,tianjin_station_b62d9018ef9a,十一经路站,117.2175379,39.1204583,2011-05-01,2011-05,,
209,shenzhen,g00176x00071,shenzhen_station_59c132fa1775,大新(地铁站),113.9102126,22.5352821,2011-06-15,2011-06,,
210,shenzhen,g00177x00067,shenzhen_station_58d4d8ae43d4,前海湾(地铁站),113.893065,22.5403884,2011-06-15,2011-06,,
211,shenzhen,g00180x00067,shenzhen_station_48deba1cd70b,新安(地铁站),113.8897532,22.5505199,2011-06-15,2011-06,,
212,shenzhen,g00181x00065,shenzhen_station_8bdaa529a9f0,宝安中心(地铁站),113.8823519,22.5576229,2011-06-15,2011-06,,
213,shenzhen,g00183x00064,shenzhen_station_41404944aa8a,宝体(地铁站),113.8757496,22.5637835,2011-06-15,2011-06,,
214,shenzhen,g00186x00060,shenzhen_station_7bf04679d0bf,西乡(地铁站),113.8581217,22.5781696,2011-06-15,2011-06,,
215,shenzhen,g00192x00057,shenzhen_station_36c2006cf8c5,固戍(地铁站),113.8418249,22.6043542,2011-06-15,2011-06,,
216,shenzhen,g00198x00055,shenzhen_station_4183db756999,后瑞(地铁站),113.8304502,22.6318011,2011-06-15,2011-06,,
217,shenzhen,g00184x00101,shenzhen_station_dd7cdec0b0cf,上梅林(地铁站),114.0542975,22.5731712,2011-06-16,2011-06,,
218,shenzhen,g00196x00094,shenzhen_station_f86f4b4237df,红山(地铁站),114.0183428,22.6244957,2011-06-16,2011-06,,
219,shenzhen,g00199x00091,shenzhen_station_728cacf149a5,上塘(地铁站),114.007805,22.6398725,2011-06-16,2011-06,,
220,shenzhen,g00201x00091,shenzhen_station_bbf51c5559eb,龙胜(地铁站),114.0069785,22.6475565,2011-06-16,2011-06,,
221,shenzhen,g00205x00096,shenzhen_station_2483144f079d,清湖(地铁站),114.03145,22.6668305,2011-06-16,2011-06,,
222,shenzhen,g00179x00066,shenzhen_station_e1ee7d2e99bd,临海(地铁站),113.8844453,22.5472099,2011-06-22,2011-06,,
223,shenzhen,g00180x00065,shenzhen_station_a911aaced6c4,宝华(地铁站),113.8802062,22.5526819,2011-06-22,2011-06,,
224,shenzhen,g00180x00117,shenzhen_station_ba818613bfa2,怡景(地铁站),114.1350574,22.5585707,2011-06-22,2011-06,,
225,shenzhen,g00182x00066,shenzhen_station_3b378bb76209,翻身(地铁站),113.8883579,22.5627404,2011-06-22,2011-06,,
226,shenzhen,g00184x00117,shenzhen_station_99ef0e4dc468,太安(地铁站),114.1320534,22.5761746,2011-06-22,2011-06,,
227,shenzhen,g00186x00117,shenzhen_station_1090669d7aac,布心(地铁站),114.132981,22.5836951,2011-06-22,2011-06,,
228,shenzhen,g00187x00077,shenzhen_station_4ebb189044cd,留仙洞(地铁站),113.9386636,22.5835453,2011-06-22,2011-06,,
229,shenzhen,g00187x00081,shenzhen_station_25e09cbe6f0f,大学城(地铁站),113.9603916,22.5849092,2011-06-22,2011-06,,
230,shenzhen,g00189x00089,shenzhen_station_d33ea809b6a7,塘朗(地铁站),113.9946691,22.5929606,2011-06-22,2011-06,,
231,shenzhen,g00192x00112,shenzhen_station_f13685263c11,长龙(地铁站),114.108714,22.6107323,2011-06-22,2011-06,,
232,shenzhen,g00193x00095,shenzhen_station_f27327bfa7e8,深圳北站(地铁站),114.025792,22.6135851,2011-06-22,2011-06,,
233,shenzhen,g00194x00111,shenzhen_station_549d6ceb55d6,下水径(地铁站),114.1055462,22.6175093,2011-06-22,2011-06,,
234,shenzhen,g00196x00105,shenzhen_station_1b99307a8ece,杨美(地铁站),114.0748407,22.6294553,2011-06-22,2011-06,,
235,nanjing,g00185x00100,nanjing_station_5412679cfebe,南京南站,118.79277,31.97121,2011-06-28,2011-06,,
236,shenzhen,g00172x00099,shenzhen_station_bef94bba84e6,益田(地铁站),114.0458838,22.5190186,2011-06-28,2011-06,,
237,shenzhen,g00174x00099,shenzhen_station_97166c261cd2,石厦(地铁站),114.0485087,22.5264342,2011-06-28,2011-06,,
238,shenzhen,g00177x00099,shenzhen_station_2e5adaded91f,福田(地铁站),114.0477716,22.5428137,2011-06-28,2011-06,,
239,shenzhen,g00177x00102,shenzhen_station_fd90f6d65ab0,岗厦北(地铁站),114.0628408,22.5410218,2011-06-28,2011-06,,
240,shenzhen,g00179x00086,shenzhen_station_153090561329,侨城北(地铁站),113.9841805,22.5468919,2011-06-28,2011-06,,
241,shenzhen,g00179x00088,shenzhen_station_dc8afa95140f,深康(地铁站),113.993854,22.5493265,2011-06-28,2011-06,,
242,shenzhen,g00179x00090,shenzhen_station_7b279fa7c3c8,安托山(地铁站),114.0012251,22.551633,2011-06-28,2011-06,,
243,shenzhen,g00179x00099,shenzhen_station_938d7c433c7b,莲花西(地铁站),114.0449302,22.5494,2011-06-28,2011-06,,
244,shenzhen,g00179x00108,shenzhen_station_f39a8d2d7526,通新岭(地铁站),114.0911477,22.5518068,2011-06-28,2011-06,,
245,shenzhen,g00180x00091,shenzhen_station_6fc4685e09b9,侨香(地铁站),114.0093468,22.5526076,2011-06-28,2011-06,,
246,shenzhen,g00180x00093,shenzhen_station_c29e7c7e266e,香蜜(地铁站),114.0187972,22.5555681,2011-06-28,2011-06,,
247,shenzhen,g00180x00097,shenzhen_station_09e4ec36964e,景田(地铁站),114.0382496,22.556165,2011-06-28,2011-06,,
248,shenzhen,g00181x00115,shenzhen_station_3fc3a5e97716,翠竹(地铁站),114.1248031,22.5588887,2011-06-28,2011-06,,
249,changchun,g00165x00235,changchun_station_f75a53625bbf,天工路(地铁站),125.3597547,43.7931913,2011-06-30,2011-06,,
250,changchun,g00167x00235,changchun_station_9c7a21e87c86,宜盛街(地铁站),125.359172,43.8047381,2011-06-30,2011-06,,
251,changchun,g00170x00235,changchun_station_b6674b60356c,南环城路(地铁站),125.3589907,43.8149437,2011-06-30,2011-06,,
252,changchun,g00171x00235,changchun_station_fc1f3ebeaf47,世荣路(地铁站),125.3588318,43.8227592,2011-06-30,2011-06,,
253,changchun,g00175x00235,changchun_station_8a0c401ede48,北海路(地铁站),125.3584029,43.8394879,2011-06-30,2011-06,,
254,changchun,g00178x00235,changchun_station_2977b6dd0aef,浦东路(地铁站),125.3581999,43.8545555,2011-06-30,2011-06,,
255,shanghai,g00170x00119,shanghai_station_9b2f30bfaf16,刘行(地铁站),121.3577504,31.3594022,2011-06-30,2011-06,,
256,shanghai,g00172x00118,shanghai_station_473c4aae2524,潘广路(地铁站),121.3512307,31.3660061,2011-06-30,2011-06,,
257,chongqing,g00326x00251,chongqing_station_713e4068d5ae,石桥铺站,106.4810028,29.5353972,2011-07-28,2011-07,,
258,chongqing,g00327x00253,chongqing_station_d781dc08b1cd,歇台子(地铁站),106.4952603,29.5414719,2011-07-28,2011-07,,
259,chongqing,g00327x00255,chongqing_station_ba9a458743ef,石油路(地铁站),106.5044847,29.5408558,2011-07-28,2011-07,,
260,chongqing,g00330x00247,chongqing_station_e2ced9e5a533,小龙坎站,106.464434,29.556197,2011-07-28,2011-07,,
261,chongqing,g00330x00263,chongqing_station_93f78de9de14,两路口站,106.545038,29.555463,2011-07-28,2011-07,,
262,chongqing,g00331x00246,chongqing_station_cddbf044a548,沙坪坝站,106.455571,29.558517,2011-07-28,2011-07,,
263,chongqing,g00331x00266,chongqing_station_7d35caa50556,七星岗站,106.5592,29.557,2011-07-28,2011-07,,
264,xian,g00124x00261,xian_station_b923f4cd413d,电视塔(地铁站),108.9427784,34.1996824,2011-09-16,2011-09,,
265,xian,g00128x00261,xian_station_2ab2d017e64d,八里村(地铁站),108.9420045,34.2141889,2011-09-16,2011-09,,
266,xian,g00130x00261,xian_station_24b54e2b7ca2,小寨(地铁站),108.9421014,34.2244311,2011-09-16,2011-09,,
267,xian,g00132x00261,xian_station_98ab1f2fa183,体育场(地铁站),108.9421295,34.2339676,2011-09-16,2011-09,,
268,xian,g00134x00261,xian_station_41050137a838,南稍门(地铁站),108.9422455,34.2419643,2011-09-16,2011-09,,
269,xian,g00136x00261,xian_station_7d780bfcbe97,永宁门站,108.94233,34.25049,2011-09-16,2011-09,,
270,xian,g00138x00261,xian_station_be20188d378d,钟楼站,108.94234,34.26234,2011-09-16,2011-09,,
271,xian,g00140x00261,xian_station_31dc96419755,北大街站,108.94268,34.27148,2011-09-16,2011-09,,
272,xian,g00143x00261,xian_station_e4b00fc8a3b0,安远门(地铁站),108.9425592,34.2827545,2011-09-16,2011-09,,
273,xian,g00145x00261,xian_station_48b658dcc6f3,龙首原(地铁站),108.9425653,34.2937448,2011-09-16,2011-09,,
274,xian,g00148x00261,xian_station_6574b5363b4d,大明宫西(地铁站),108.9425912,34.306646,2011-09-16,2011-09,,
275,xian,g00151x00261,xian_station_0cbfff0ec1de,青少年中心(地铁站),108.9426729,34.3193651,2011-09-16,2011-09,,
276,xian,g00154x00261,xian_station_0713c4564cce,凤城五路(地铁站),108.9426121,34.3313366,2011-09-16,2011-09,,
277,xian,g00156x00261,xian_station_9b9939fdb617,行政中心(地铁站),108.9426521,34.3425251,2011-09-16,2011-09,,
278,xian,g00159x00262,xian_station_e726793893fc,凤城十路(地铁站),108.943016,34.3539666,2011-09-16,2011-09,,
279,xian,g00161x00261,xian_station_0728684ba758,北苑站,108.94057,34.36356,2011-09-16,2011-09,,
280,xian,g00165x00260,xian_station_4cde7c137235,西安北站(地铁站),108.934112,34.3809278,2011-09-16,2011-09,,
281,chongqing,g00332x00270,chongqing_station_e0333cb89a78,小什字站,106.58001,29.56298,2011-09-27,2011-09,,
282,chongqing,g00333x00261,chongqing_station_c75ca63de02e,华新街站,106.53346,29.566776,2011-09-29,2011-09,,
283,chongqing,g00335x00260,chongqing_station_d85538f588f5,观音桥站,106.52871,29.5762631,2011-09-29,2011-09,,
284,chongqing,g00340x00258,chongqing_station_759049b6fe56,嘉州路(地铁站),106.5183688,29.5982891,2011-09-29,2011-09,,
285,chongqing,g00341x00261,chongqing_station_ccd0bdd5da2a,唐家院子(地铁站),106.5368915,29.601965,2011-09-29,2011-09,,
286,chongqing,g00341x00263,chongqing_station_6626ca52f313,狮子坪(地铁站),106.5454788,29.6041413,2011-09-29,2011-09,,
287,chongqing,g00342x00263,chongqing_station_4c6aea476d2f,重庆北站南广场(地铁站),106.5455476,29.6096498,2011-09-29,2011-09,,
288,chongqing,g00349x00267,chongqing_station_5d03fb12a2ad,金渝(地铁站),106.5669702,29.6382231,2011-09-29,2011-09,,
289,chongqing,g00350x00266,chongqing_station_5c90dcb66218,金童路站,106.56378,29.646105,2011-09-29,2011-09,,
290,chongqing,g00354x00265,chongqing_station_6a7bbf2398ae,鸳鸯(地铁站),106.5564369,29.6641536,2011-09-29,2011-09,,
291,chongqing,g00357x00266,chongqing_station_261e9453b3d2,园博园站,106.5600648,29.6774662,2011-10-08,2011-10,,
292,chongqing,g00360x00267,chongqing_station_d7997bafac81,翠云站,106.5690108,29.6887045,2011-10-08,2011-10,,
293,chongqing,g00326x00248,chongqing_station_8dc8c76d7bb4,高庙村(地铁站),106.4652753,29.5390418,2011-10-17,2011-10,,
294,chongqing,g00360x00270,chongqing_station_b1e2b649e671,长福路(地铁站),106.584916,29.6904623,2011-11-08,2011-11,,
295,chongqing,g00316x00268,chongqing_station_cb863c91388f,重庆交通大学(地铁站),106.5690795,29.4914923,2011-12-30,2011-12,,
296,chongqing,g00318x00268,chongqing_station_eca7ea8b8ba4,六公里(地铁站),106.5696453,29.5006959,2011-12-30,2011-12,,
297,chongqing,g00320x00268,chongqing_station_87de56c3ffa4,重庆工商大学(地铁站),106.5701892,29.5102414,2011-12-30,2011-12,,
298,chongqing,g00322x00268,chongqing_station_adc9e6bf8f43,四公里(地铁站),106.572456,29.5195678,2011-12-30,2011-12,,
299,chongqing,g00324x00267,chongqing_station_4a073f9acd2b,南坪站,106.56624,29.52876,2011-12-30,2011-12,,
300,chongqing,g00347x00264,chongqing_station_0413d4b04c3e,童家院子(地铁站),106.5513774,29.6312291,2011-12-30,2011-12,,
301,chongqing,g00361x00274,chongqing_station_2c45d9661e35,回兴站,106.6020468,29.6932001,2011-12-30,2011-12,,
302,chongqing,g00363x00276,chongqing_station_3b43264ae853,双龙站,106.6150688,29.7007386,2011-12-30,2011-12,,
303,chongqing,g00366x00279,chongqing_station_25e616484de6,碧津(地铁站),106.6288985,29.7139859,2011-12-30,2011-12,,
304,chongqing,g00367x00280,chongqing_station_d1a8d928651d,江北机场T2航站楼(地铁站),106.6345337,29.7215256,2011-12-30,2011-12,,
305,shenyang,g00116x00199,shenyang_station_b2cc41bd601b,桃仙机场(地铁站),123.4885348,41.6313568,2011-12-30,2011-12,,
306,shenyang,g00123x00193,shenyang_station_01414f3fac89,中央公园(地铁站),123.4519645,41.664167,2011-12-30,2011-12,,
307,shenyang,g00128x00194,shenyang_station_1e64e54b6688,沈中大街(地铁站),123.4588701,41.6857969,2011-12-30,2011-12,,
308,shenyang,g00132x00197,shenyang_station_eee54eaa78be,全运路(地铁站),123.4765122,41.7051766,2011-12-30,2011-12,,
309,shenyang,g00135x00194,shenyang_station_4aa3f21d74ed,世纪大厦(地铁站),123.455897,41.7174243,2011-12-30,2011-12,,
310,shenyang,g00140x00192,shenyang_station_56d6965fea07,奥体中心(地铁站),123.4474951,41.7406748,2011-12-30,2011-12,,
311,shenyang,g00142x00190,shenyang_station_6b8e0315f0d1,五里河(地铁站),123.434898,41.7503378,2011-12-30,2011-12,,
312,shenyang,g00153x00189,shenyang_station_e608166842b9,人民广场(地铁站),123.4280973,41.8020727,2011-12-30,2011-12,,
313,shenyang,g00157x00188,shenyang_station_0e0a0ae09d41,岐山路(地铁站),123.4231171,41.8202969,2011-12-30,2011-12,,
314,shenyang,g00161x00187,shenyang_station_d33340f0e20e,北陵公园(地铁站),123.4180914,41.8369584,2011-12-30,2011-12,,
315,shenyang,g00163x00186,shenyang_station_689d152ece63,新乐遗址(地铁站),123.4127384,41.845035,2011-12-30,2011-12,,
316,shenyang,g00168x00186,shenyang_station_c4cdf4d22a6c,三台子(地铁站),123.4109755,41.8658952,2011-12-30,2011-12,,
317,shenyang,g00172x00186,shenyang_station_ae51a5d1cf53,医学院(地铁站),123.4092313,41.8838327,2011-12-30,2011-12,,
318,shenyang,g00176x00185,shenyang_station_415be1b3df7d,师范大学(地铁站),123.4024683,41.9051779,2011-12-30,2011-12,,
319,shenyang,g00183x00183,shenyang_station_ad11e2f19766,人杰湖公园(地铁站),123.3921511,41.9341674,2011-12-30,2011-12,,
320,beijing,g00100x00172,beijing_station_b93cb3280de0,郭公庄(地铁站),116.2958232,39.8130637,2011-12-31,2011-12,,
321,beijing,g00102x00171,beijing_station_f34149f9f34a,丰台科技园(地铁站),116.2911176,39.8239815,2011-12-31,2011-12,,
322,beijing,g00104x00171,beijing_station_7f6cbd235323,科怡路(地铁站),116.2913722,39.8312276,2011-12-31,2011-12,,
323,beijing,g00106x00171,beijing_station_80288c4703ce,丰台南路(地铁站),116.2905357,39.8395004,2011-12-31,2011-12,,
324,beijing,g00111x00171,beijing_station_d55c8092786d,七里庄(地铁站),116.2882344,39.8657314,2011-12-31,2011-12,,
325,beijing,g00114x00172,beijing_station_927df766ad58,六里桥(地铁站),116.2967322,39.8789752,2011-12-31,2011-12,,
326,beijing,g00116x00174,beijing_station_a2ec1ce432e7,六里桥东(地铁站),116.308922,39.8858392,2011-12-31,2011-12,,
327,beijing,g00146x00185,beijing_station_6510d8479ec1,林萃桥(地铁站),116.3667599,40.0205152,2011-12-31,2011-12,,
328,beijing,g00149x00181,beijing_station_eb3f1484b13f,永泰庄(地铁站),116.3483712,40.0363625,2011-12-31,2011-12,,
329,beijing,g00151x00181,beijing_station_1066eb477f82,西小口(地铁站),116.34544,40.045512,2011-12-31,2011-12,,
330,beijing,g00154x00180,beijing_station_c91b43e2c325,育新(地铁站),116.3409637,40.058921,2011-12-31,2011-12,,
331,beijing,g00157x00182,beijing_station_f281fc20287d,霍营站,116.3539423,40.070441,2011-12-31,2011-12,,
332,beijing,g00159x00183,beijing_station_2b4fb7745540,回龙观东大街(地铁站),116.3567969,40.0798129,2011-12-31,2011-12,,
333,beijing,g00169x00225,beijing_station_c9378459e7e3,南法信(地铁站),116.6037157,40.1274243,2011-12-31,2011-12,,
334,beijing,g00169x00231,beijing_station_47095e4fd7ad,石门(地铁站),116.6352442,40.1287141,2011-12-31,2011-12,,
335,beijing,g00169x00233,beijing_station_63431087e56a,顺义(地铁站),116.6511096,40.1288789,2011-12-31,2011-12,,
336,beijing,g00170x00238,beijing_station_cc3f8b4d4992,俸伯(地铁站),116.6787402,40.1314052,2011-12-31,2011-12,,
337,chongqing,g00337x00259,chongqing_station_f027ab8d6b3c,红旗河沟站,106.5224393,29.5881676,2012-03-01,2012-03,,
338,suzhou,g00131x00137,suzhou_station_597f9f2fe534,木渎(地铁站),120.513783,31.2770418,2012-04-28,2012-04,,
339,suzhou,g00131x00139,suzhou_station_f92a18ad3f10,金枫路(地铁站),120.525268,31.2785909,2012-04-28,2012-04,,
340,suzhou,g00131x00142,suzhou_station_097902b09252,汾湖路(地铁站),120.5375658,31.2801757,2012-04-28,2012-04,,
341,suzhou,g00132x00143,suzhou_station_32c7d6293141,玉山路(地铁站),120.5452254,31.2855522,2012-04-28,2012-04,,
342,suzhou,g00136x00145,suzhou_station_facc4d5ff3ac,塔园路(地铁站),120.5524665,31.3021135,2012-04-28,2012-04,,
343,suzhou,g00136x00147,suzhou_station_c084e2ba4f6f,滨河路(地铁站),120.5619139,31.3029442,2012-04-28,2012-04,,
344,suzhou,g00136x00149,suzhou_station_030499b72b22,西环路(地铁站),120.5729741,31.3037167,2012-04-28,2012-04,,
345,suzhou,g00137x00151,suzhou_station_5547aecec0d3,桐泾北路站,120.5866667,31.305,2012-04-28,2012-04,,
346,suzhou,g00137x00156,suzhou_station_dd37ae7476d4,养育巷站,120.60956,31.30724,2012-04-28,2012-04,,
347,suzhou,g00138x00160,suzhou_station_5609cefb01fc,相门(地铁站),120.6346463,31.3119534,2012-04-28,2012-04,,
348,suzhou,g00138x00163,suzhou_station_52d1d211d120,东环路(地铁站),120.6456544,31.3143857,2012-04-28,2012-04,,
349,suzhou,g00139x00167,suzhou_station_d1c10364d20e,星海广场(地铁站),120.6665506,31.3175907,2012-04-28,2012-04,,
350,suzhou,g00141x00173,suzhou_station_08089a7d174d,文化博览中心(地铁站),120.7000184,31.325246,2012-04-28,2012-04,,
351,suzhou,g00141x00176,suzhou_station_df35e534be26,星湖街(地铁站),120.7160804,31.325191,2012-04-28,2012-04,,
352,suzhou,g00141x00178,suzhou_station_0d051edbd926,南施街(地铁站),120.7287695,31.3264895,2012-04-28,2012-04,,
353,suzhou,g00141x00183,suzhou_station_f368a8ece2cc,钟南街(地铁站),120.7518587,31.3284969,2012-04-28,2012-04,,
354,chongqing,g00341x00259,chongqing_station_2c61d27b8ec7,郑家院子(地铁站),106.5261761,29.6022452,2012-05-01,2012-05,,
355,changchun,g00180x00235,changchun_station_9dddd478667e,海口路(地铁站),125.3580511,43.8613306,2012-05-06,2012-05,,
356,changchun,g00184x00235,changchun_station_3892e1007c6f,吉林大路(地铁站),125.357672,43.8788361,2012-05-06,2012-05,,
357,changchun,g00189x00232,changchun_station_174626e999c5,伪满皇宫(地铁站),125.345854,43.9041583,2012-05-06,2012-05,,
358,changchun,g00191x00230,changchun_station_e30a5c9bc312,北亚泰大街(地铁站),125.3304985,43.9099885,2012-05-06,2012-05,,
359,kunming,g00161x00148,kunming_station_d07380b3dbfe,东部汽车站(地铁站),102.7868216,25.0391933,2012-06-28,2012-06,,
360,kunming,g00174x00176,kunming_station_b805ab75d81f,机场中心(地铁站),102.9263469,25.0985779,2012-06-28,2012-06,,
361,tianjin,g00148x00094,tianjin_station_d4bb519e9fc7,咸阳路(地铁站),117.1288747,39.1366169,2012-07-01,2012-07,,
362,tianjin,g00148x00099,tianjin_station_f4eda0cdba8e,广开四马路(地铁站),117.1553682,39.1365443,2012-07-01,2012-07,,
363,tianjin,g00148x00100,tianjin_station_97da8eb949f5,西南角(地铁站),117.1656404,39.1362746,2012-07-01,2012-07,,
364,tianjin,g00148x00109,tianjin_station_5d1e825bf43d,远洋国际中心(地铁站),117.2149768,39.1355197,2012-07-01,2012-07,,
365,tianjin,g00149x00111,tianjin_station_d8fb14f57b80,顺驰桥(地铁站),117.2273332,39.1404206,2012-07-01,2012-07,,
366,tianjin,g00150x00086,tianjin_station_2319aee4b586,曹庄(地铁站),117.0845286,39.1445174,2012-07-01,2012-07,,
367,tianjin,g00150x00090,tianjin_station_f11b00e01482,卞兴(地铁站),117.1028508,39.1450484,2012-07-01,2012-07,,
368,tianjin,g00150x00115,tianjin_station_12bdeee3417b,翠阜新村(地铁站),117.2513346,39.1429975,2012-07-01,2012-07,,
369,tianjin,g00151x00122,tianjin_station_8cfcfdb58d93,登州路(地铁站),117.2895718,39.1494536,2012-07-01,2012-07,,
370,tianjin,g00152x00124,tianjin_station_9fe8c1d19897,国山路(地铁站),117.3034104,39.1530243,2012-07-01,2012-07,,
371,tianjin,g00153x00129,tianjin_station_eac27d196abf,空港经济区(地铁站),117.3283877,39.1565399,2012-07-01,2012-07,,
372,chengdu,g00131x00246,chengdu_station_392d8f8de1df,洪河(地铁站),104.1550291,30.6074979,2012-09-16,2012-09,,
373,chengdu,g00135x00244,chengdu_station_cd6c936fee4b,成渝立交(地铁站),104.1449327,30.6272796,2012-09-16,2012-09,,
374,chengdu,g00136x00239,chengdu_station_d4c3020cebf9,塔子山公园(地铁站),104.1203904,30.6318876,2012-09-16,2012-09,,
375,chengdu,g00138x00236,chengdu_station_10353506437a,牛市口(地铁站),104.1051213,30.6403203,2012-09-16,2012-09,,
376,chengdu,g00140x00232,chengdu_station_38a22f9f9d82,东门大桥(地铁站),104.0847723,30.6505968,2012-09-16,2012-09,,
377,chengdu,g00142x00228,chengdu_station_d5375ec18f34,天府广场站,104.06386,30.65987,2012-09-16,2012-09,,
378,chengdu,g00148x00221,chengdu_station_71651fd14e0d,蜀汉路东(地铁站),104.0266369,30.6853564,2012-09-16,2012-09,,
379,chengdu,g00153x00218,chengdu_station_f118ca5a3f23,茶店子客运站(地铁站),104.0113332,30.7085072,2012-09-16,2012-09,,
380,chongqing,g00337x00256,chongqing_station_ba967cd03530,花卉园(地铁站),106.5091225,29.5859695,2012-09-28,2012-09,,
381,chongqing,g00337x00263,chongqing_station_1d5e208e3016,红土地(地铁站),106.5474564,29.5868598,2012-09-28,2012-09,,
382,chongqing,g00337x00266,chongqing_station_36de73a71128,五里店(地铁站),106.5614757,29.5880345,2012-09-28,2012-09,,
383,chongqing,g00338x00261,chongqing_station_d5d468f3326c,黄泥塝(地铁站),106.5343254,29.5912763,2012-09-28,2012-09,,
384,chongqing,g00344x00253,chongqing_station_b089bcccd688,光电园(地铁站),106.4955465,29.61877,2012-09-28,2012-09,,
385,chongqing,g00347x00249,chongqing_station_05567afe1320,大竹林(地铁站),106.4744343,29.6306817,2012-09-28,2012-09,,
386,chongqing,g00348x00249,chongqing_station_4e9317a61567,康庄(地铁站),106.4750556,29.6374157,2012-09-28,2012-09,,
387,shanghai,g00132x00144,shanghai_station_4bdfb572e437,中华艺术宫(地铁站),121.4891756,31.1872635,2012-09-28,2012-09,,
388,tianjin,g00134x00088,tianjin_station_00304524a3a2,高新区(地铁站),117.0921941,39.0707442,2012-10-01,2012-10,,
389,tianjin,g00134x00090,tianjin_station_d0119dad8cba,大学城(地铁站),117.1057235,39.0713088,2012-10-01,2012-10,,
390,tianjin,g00137x00093,tianjin_station_4654b2426262,华苑(地铁站),117.1223432,39.0860354,2012-10-01,2012-10,,
391,tianjin,g00138x00095,tianjin_station_30a278acf283,王顶堤(地铁站),117.1326663,39.091015,2012-10-01,2012-10,,
392,tianjin,g00138x00099,tianjin_station_b28bb08b73fe,周邓纪念馆(地铁站),117.1572364,39.0916451,2012-10-01,2012-10,,
393,tianjin,g00144x00105,tianjin_station_e039df50915f,营口道(地铁站),117.1913778,39.1175959,2012-10-01,2012-10,,
394,tianjin,g00147x00107,tianjin_station_763ca263fbb6,津湾广场(地铁站),117.2012606,39.1308728,2012-10-01,2012-10,,
395,tianjin,g00149x00107,tianjin_station_b270714aabe2,天津站(地铁站),117.2036308,39.1370973,2012-10-01,2012-10,,
396,tianjin,g00151x00107,tianjin_station_6d0242c8f078,金狮桥(地铁站),117.2014614,39.1500276,2012-10-01,2012-10,,
397,tianjin,g00158x00107,tianjin_station_ec2ef850016b,铁东路(地铁站),117.2009972,39.1788109,2012-10-01,2012-10,,
398,tianjin,g00162x00108,tianjin_station_d10a1da390c9,宜兴埠(地铁站),117.2123098,39.1965058,2012-10-01,2012-10,,
399,tianjin,g00164x00108,tianjin_station_ded431ab2360,天士力(地铁站),117.2089023,39.2048351,2012-10-01,2012-10,,
400,tianjin,g00168x00110,tianjin_station_a28b8a21f3a1,华北集团(地铁站),117.2213938,39.2265013,2012-10-01,2012-10,,
401,tianjin,g00171x00111,tianjin_station_16a3c19df341,丰产河(地铁站),117.2297346,39.2371008,2012-10-01,2012-10,,
402,tianjin,g00171x00115,tianjin_station_ddf8b9f31d34,小淀(地铁站),117.2513496,39.2381283,2012-10-01,2012-10,,
403,beijing,g00109x00171,beijing_station_91df704d68c1,丰台东大街(地铁站),116.2878006,39.8538627,2012-10-12,2012-10,,
404,tianjin,g00146x00108,tianjin_station_2e97537fa982,大王庄站,117.2119258,39.1261724,2012-10-15,2012-10,,
405,tianjin,g00150x00091,tianjin_station_c37dc332ba9b,芥园西道(地铁站),117.1132332,39.1414954,2012-11-18,2012-11,,
406,hangzhou,g00225x00394,hangzhou_station_5ba9c7952f47,湘湖(地铁站),120.2299072,30.1700404,2012-11-24,2012-11,,
407,hangzhou,g00228x00393,hangzhou_station_df45123d218a,滨康路(地铁站),120.2265128,30.1863166,2012-11-24,2012-11,,
408,hangzhou,g00229x00391,hangzhou_station_578f1ca44081,西兴(地铁站),120.2159197,30.1897382,2012-11-24,2012-11,,
409,hangzhou,g00232x00391,hangzhou_station_fbdcf67928cb,滨和路(地铁站),120.2130358,30.2019895,2012-11-24,2012-11,,
410,hangzhou,g00234x00391,hangzhou_station_8190b24fd3a8,江陵路(地铁站),120.212075,30.2115399,2012-11-24,2012-11,,
411,hangzhou,g00239x00387,hangzhou_station_29a8dc0def8f,近江(地铁站),120.1928907,30.2335344,2012-11-24,2012-11,,
412,hangzhou,g00240x00386,hangzhou_station_26f88540275a,婺江路(地铁站),120.1865157,30.2392183,2012-11-24,2012-11,,
413,hangzhou,g00242x00381,hangzhou_station_b69ab28b4059,定安路(地铁站),120.1630962,30.2483085,2012-11-24,2012-11,,
414,hangzhou,g00242x00384,hangzhou_station_f96ec9de1301,城站(地铁站),120.1761522,30.247096,2012-11-24,2012-11,,
415,hangzhou,g00244x00381,hangzhou_station_887e2dc0193d,龙翔桥(地铁站),120.1593854,30.2569889,2012-11-24,2012-11,,
416,hangzhou,g00246x00380,hangzhou_station_fe9549b6062c,凤起路(地铁站),120.1582162,30.2661229,2012-11-24,2012-11,,
417,hangzhou,g00250x00381,hangzhou_station_e2cdb32f5289,西湖文化广场(地铁站),120.1609751,30.2819325,2012-11-24,2012-11,,
418,hangzhou,g00251x00383,hangzhou_station_dc2315e882f4,打铁关站,120.1721778,30.2878361,2012-11-24,2012-11,,
419,hangzhou,g00253x00392,hangzhou_station_675e2d4a13da,彭埠(地铁站),120.2191491,30.2965034,2012-11-24,2012-11,,
420,hangzhou,g00254x00396,hangzhou_station_e6899f230941,七堡(地铁站),120.2365789,30.3024508,2012-11-24,2012-11,,
421,hangzhou,g00255x00398,hangzhou_station_1b1cea9cdec0,九和路(地铁站),120.2483076,30.3082484,2012-11-24,2012-11,,
422,hangzhou,g00256x00401,hangzhou_station_209c4711bd9e,九堡(地铁站),120.2619597,30.310179,2012-11-24,2012-11,,
423,hangzhou,g00256x00403,hangzhou_station_a2ca1b946e32,客运中心(地铁站),120.2743614,30.3135781,2012-11-24,2012-11,,
424,hangzhou,g00256x00410,hangzhou_station_a4f8bc2ad267,下沙西(地铁站),120.3080241,30.312301,2012-11-24,2012-11,,
425,hangzhou,g00256x00412,hangzhou_station_a0db40fa8af8,金沙湖(地铁站),120.3211905,30.3116043,2012-11-24,2012-11,,
426,hangzhou,g00256x00414,hangzhou_station_a5518ca402f4,高沙路(地铁站),120.3308635,30.3117598,2012-11-24,2012-11,,
427,hangzhou,g00256x00417,hangzhou_station_7c5ed57d7b28,文泽路(地铁站),120.345489,30.312372,2012-11-24,2012-11,,
428,hangzhou,g00260x00405,hangzhou_station_372d209f5d9c,乔司南(地铁站),120.2862057,30.3297354,2012-11-24,2012-11,,
429,hangzhou,g00264x00404,hangzhou_station_7a6c679a26db,乔司(地铁站),120.2807785,30.3492857,2012-11-24,2012-11,,
430,hangzhou,g00268x00406,hangzhou_station_2b32d79efd08,翁梅(地铁站),120.2905134,30.3672364,2012-11-24,2012-11,,
431,hangzhou,g00272x00407,hangzhou_station_6aad792ee407,临平南高铁站站,120.29344,30.38486,2012-11-24,2012-11,,
432,hangzhou,g00275x00408,hangzhou_station_21a3d5b1fb9c,南苑(地铁站),120.2978926,30.3973051,2012-11-24,2012-11,,
433,hangzhou,g00277x00408,hangzhou_station_123c509d59fc,临平站,120.2995,30.4079,2012-11-24,2012-11,,
434,changchun,g00182x00235,changchun_station_5b3a5823d470,公平路(地铁站),125.3578492,43.8695655,2012-12-17,2012-12,,
435,chongqing,g00332x00244,chongqing_station_f2d8b52ccf06,杨公桥站,106.445798,29.564109,2012-12-20,2012-12,,
436,chongqing,g00333x00243,chongqing_station_319a80a095ee,烈士墓站,106.441455,29.569956,2012-12-20,2012-12,,
437,chongqing,g00335x00243,chongqing_station_e6ddebe2e46c,磁器口站,106.442447,29.579337,2012-12-20,2012-12,,
438,chongqing,g00342x00216,chongqing_station_5e851c63c626,大学城站,106.305048,29.609973,2012-12-20,2012-12,,
439,chongqing,g00342x00220,chongqing_station_770d257a3ea2,陈家桥站,106.324566,29.609997,2012-12-20,2012-12,,
440,chongqing,g00342x00243,chongqing_station_4d8ebe43a457,双碑(地铁站),106.4403761,29.6083282,2012-12-20,2012-12,,
441,chongqing,g00343x00230,chongqing_station_127e84dec34f,赖家桥(地铁站),106.3774357,29.6128069,2012-12-20,2012-12,,
442,chongqing,g00355x00251,chongqing_station_9aaae2b2453d,礼嘉站,106.48408,29.66982,2012-12-26,2012-12,,
443,chongqing,g00291x00262,chongqing_station_bfe93991bddb,鱼胡路(地铁站),106.5354734,29.3806566,2012-12-28,2012-12,,
444,chongqing,g00296x00262,chongqing_station_3a5c17fd2e94,学堂湾(地铁站),106.5393967,29.4008674,2012-12-28,2012-12,,
445,chongqing,g00299x00262,chongqing_station_11c2812b64e8,大山村(地铁站),106.5399329,29.4157565,2012-12-28,2012-12,,
446,chongqing,g00309x00265,chongqing_station_30bdbd0a7925,九公里(地铁站),106.5553864,29.4613719,2012-12-28,2012-12,,
447,chongqing,g00311x00266,chongqing_station_c48232c6a0d5,麒龙(地铁站),106.5588675,29.4698645,2012-12-28,2012-12,,
448,chongqing,g00314x00267,chongqing_station_fd5bd13b9293,八公里(地铁站),106.5621697,29.4810103,2012-12-28,2012-12,,
449,chongqing,g00326x00266,chongqing_station_68ae8ba1c559,工贸(地铁站),106.5597008,29.534434,2012-12-28,2012-12,,
450,chongqing,g00327x00264,chongqing_station_bbd1bb63056a,铜元局(地铁站),106.5478459,29.5388646,2012-12-28,2012-12,,
451,wuhan,g00134x00154,wuhan_station_f35eb806b211,杨家湾(地铁站),114.3771925,30.507436,2012-12-28,2012-12,,
452,wuhan,g00138x00151,wuhan_station_0647360785ca,广埠屯(地铁站),114.3586805,30.5247665,2012-12-28,2012-12,,
453,wuhan,g00140x00147,wuhan_station_79726c27fdae,宝通寺(地铁站),114.3357104,30.5327141,2012-12-28,2012-12,,
454,wuhan,g00145x00144,wuhan_station_1dc597a48cf6,小龟山(地铁站),114.3210464,30.553494,2012-12-28,2012-12,,
455,wuhan,g00152x00134,wuhan_station_073bcae02858,中山公园(地铁站),114.267431,30.5844191,2012-12-28,2012-12,,
456,wuhan,g00153x00132,wuhan_station_204212a2043c,青年路(地铁站),114.2593442,30.5882234,2012-12-28,2012-12,,
457,wuhan,g00153x00137,wuhan_station_ed3eac6e6587,循礼门站,114.282,30.588,2012-12-28,2012-12,,
458,wuhan,g00159x00131,wuhan_station_695fbab158dd,汉口火车站,114.2497222,30.6180556,2012-12-28,2012-12,,
459,wuhan,g00162x00129,wuhan_station_fa9d715a6a26,长港路(地铁站),114.240597,30.6296169,2012-12-28,2012-12,,
460,wuhan,g00167x00128,wuhan_station_9708973b486c,金银潭(地铁站),114.2373781,30.6528503,2012-12-28,2012-12,,
461,beijing,g00106x00175,beijing_station_352a9b3af7ea,首经贸(地铁站),116.3140938,39.8431698,2012-12-30,2012-12,,
462,beijing,g00106x00178,beijing_station_815cb56c84fb,纪家庙(地铁站),116.3272428,39.8431146,2012-12-30,2012-12,,
463,beijing,g00106x00197,beijing_station_ef3d38442d41,成寿寺(地铁站),116.4414593,39.844518,2012-12-30,2012-12,,
464,beijing,g00107x00180,beijing_station_7dec237e2c9e,草桥站,116.3424437,39.8461494,2012-12-30,2012-12,,
465,beijing,g00107x00191,beijing_station_5751b27d136b,石榴庄(地铁站),116.4078718,39.8445071,2012-12-30,2012-12,,
466,beijing,g00108x00198,beijing_station_454c3aa058fa,分钟寺(地铁站),116.4478164,39.8508836,2012-12-30,2012-12,,
467,beijing,g00111x00173,beijing_station_6905921bbc31,西局(地铁站),116.2980294,39.8654107,2012-12-30,2012-12,,
468,beijing,g00111x00199,beijing_station_0c1ca4a18f32,十里河(地铁站),116.4519535,39.8648001,2012-12-30,2012-12,,
469,beijing,g00113x00199,beijing_station_9241283fbb07,潘家园(地铁站),116.4547839,39.8740582,2012-12-30,2012-12,,
470,beijing,g00118x00174,beijing_station_270005759c05,莲花桥(地铁站),116.3042537,39.8965893,2012-12-30,2012-12,,
471,beijing,g00124x00172,beijing_station_a6cb9048090f,西钓鱼台(地铁站),116.291829,39.9221013,2012-12-30,2012-12,,
472,beijing,g00124x00176,beijing_station_4f3d810f667e,白堆子(地铁站),116.3196313,39.9225103,2012-12-30,2012-12,,
473,beijing,g00124x00198,beijing_station_c60b9233ceaf,东大桥站,116.4455546,39.9215232,2012-12-30,2012-12,,
474,beijing,g00124x00200,beijing_station_a16b2eb10ef8,呼家楼(地铁站),116.455455,39.9219876,2012-12-30,2012-12,,
475,beijing,g00124x00202,beijing_station_750f892ad254,金台路(地铁站),116.4720246,39.9222699,2012-12-30,2012-12,,
476,beijing,g00124x00207,beijing_station_e4e8ebd1756a,十里堡(地铁站),116.4960513,39.9217031,2012-12-30,2012-12,,
477,beijing,g00124x00209,beijing_station_2449eee3c5ac,青年路(地铁站),116.511567,39.9217487,2012-12-30,2012-12,,
478,beijing,g00124x00217,beijing_station_287a42b54ea7,褡裢坡(地铁站),116.5581485,39.9229566,2012-12-30,2012-12,,
479,beijing,g00124x00220,beijing_station_11dc9bc31692,黄渠(地铁站),116.5724724,39.9231534,2012-12-30,2012-12,,
480,beijing,g00124x00223,beijing_station_6fdc35047c23,常营(地铁站),116.5939338,39.9246564,2012-12-30,2012-12,,
481,beijing,g00124x00226,beijing_station_9c915bca8aa0,草房(地铁站),116.609773,39.9234306,2012-12-30,2012-12,,
482,beijing,g00125x00226,beijing_station_55e9775a0ace,五里桥车辆段,116.6121,39.93,2012-12-30,2012-12,,
483,beijing,g00126x00168,beijing_station_49831165451e,海淀五路居(地铁站),116.2705934,39.9311845,2012-12-30,2012-12,,
484,beijing,g00126x00171,beijing_station_ae94b8865fe1,慈寿寺(地铁站),116.2892344,39.9320989,2012-12-30,2012-12,,
485,beijing,g00126x00174,beijing_station_3e6e8a8d786f,花园桥(地铁站),116.304424,39.9310615,2012-12-30,2012-12,,
486,beijing,g00126x00176,beijing_station_0ec73f02181a,白石桥南(地铁站),116.3194186,39.9317623,2012-12-30,2012-12,,
487,beijing,g00126x00180,beijing_station_94f861180d64,车公庄西(地铁站),116.3379086,39.9311233,2012-12-30,2012-12,,
488,beijing,g00126x00187,beijing_station_84c729967a56,北海北(地铁站),116.3805874,39.9318472,2012-12-30,2012-12,,
489,beijing,g00126x00190,beijing_station_77a20abbfed4,南锣鼓巷(地铁站),116.3979451,39.932443,2012-12-30,2012-12,,
490,beijing,g00129x00171,beijing_station_c3b42dc05008,车道沟(地铁站),116.2877501,39.9466705,2012-12-30,2012-12,,
491,beijing,g00132x00171,beijing_station_e042cde0a233,长春桥(地铁站),116.288185,39.9572735,2012-12-30,2012-12,,
492,beijing,g00133x00170,beijing_station_882e00e73bde,火器营(地铁站),116.2829954,39.9646916,2012-12-30,2012-12,,
493,beijing,g00134x00188,beijing_station_2109526d4c80,安华桥(地铁站),116.3879087,39.967248,2012-12-30,2012-12,,
494,shanghai,g00088x00093,shanghai_station_3b29d550030b,上海松江站(地铁站),121.2264735,30.9869674,2012-12-30,2012-12,,
495,shanghai,g00092x00093,shanghai_station_0ac6f77e3f19,醉白池(地铁站),121.224948,31.0032637,2012-12-30,2012-12,,
496,shanghai,g00095x00093,shanghai_station_b50938cbe92d,松江体育中心(地铁站),121.2261326,31.0181368,2012-12-30,2012-12,,
497,shanghai,g00142x00129,shanghai_station_69d4a58167f6,金沙江路(地铁站),121.4085527,31.233984,2012-12-30,2012-12,,
498,shanghai,g00143x00123,shanghai_station_f704d4ae568d,真北路(地铁站),121.3773065,31.2340781,2012-12-30,2012-12,,
499,shanghai,g00145x00111,shanghai_station_51dcb5eb2c01,金运路站,121.315,31.243025,2012-12-30,2012-12,,
500,shanghai,g00145x00114,shanghai_station_ec782802572d,金沙江西路(地铁站),121.330596,31.2430608,2012-12-30,2012-12,,
501,shanghai,g00145x00118,shanghai_station_a6b794fb3cbd,丰庄(地铁站),121.3505386,31.2444255,2012-12-30,2012-12,,
502,chongqing,g00340x00253,chongqing_station_956c6e7d3a68,冉家坝(地铁站),106.4949658,29.6013244,2013-01-20,2013-01,,
503,chongqing,g00291x00259,chongqing_station_5ad620091e5e,金竹(地铁站),106.5201155,29.3784161,2013-01-31,2013-01,,
504,chongqing,g00304x00264,chongqing_station_1e2d287afbe5,花溪(地铁站),106.5464985,29.4351894,2013-01-31,2013-01,,
505,chongqing,g00307x00264,chongqing_station_03932e147cde,岔路口(地铁站),106.5508811,29.4515787,2013-01-31,2013-01,,
506,chongqing,g00344x00263,chongqing_station_6b391edfb4ae,龙头寺(地铁站),106.5459026,29.6195976,2013-02-05,2013-02,,
507,chongqing,g00342x00227,chongqing_station_65879c949e66,微电园站,106.358959,29.612163,2013-03-28,2013-03,,
508,beijing,g00106x00186,beijing_station_14d2d3e5e763,角门东站,116.3794195,39.8437403,2013-05-05,2013-05,,
509,beijing,g00108x00173,beijing_station_8a53085ef418,丰台站(地铁站),116.2984256,39.848984,2013-05-05,2013-05,,
510,beijing,g00109x00173,beijing_station_40e9c69aeaa6,泥洼(地铁站),116.2980972,39.857344,2013-05-05,2013-05,,
511,beijing,g00110x00153,beijing_station_175914f9915b,张郭庄站,116.18099,39.85675,2013-05-05,2013-05,,
512,beijing,g00110x00155,beijing_station_17ca96ccb055,园博园(地铁站),116.1955512,39.8600746,2013-05-05,2013-05,,
513,beijing,g00110x00162,beijing_station_a7908eadf651,大瓦窑(地铁站),116.2344516,39.8582552,2013-05-05,2013-05,,
514,beijing,g00111x00164,beijing_station_6f4bc144c8de,郭庄子(地铁站),116.2470445,39.8636271,2013-05-05,2013-05,,
515,beijing,g00111x00168,beijing_station_cbcfa82b3375,大井(地铁站),116.2700273,39.8639992,2013-05-05,2013-05,,
516,chongqing,g00367x00262,chongqing_station_fe00750f003b,国博中心(地铁站),106.5416886,29.7194128,2013-05-15,2013-05,,
517,chongqing,g00369x00262,chongqing_station_ee0d9d909f8c,悦来(地铁站),106.5442211,29.7283078,2013-05-15,2013-05,,
518,kunming,g00113x00155,kunming_station_5addbcc57dcf,大学城南(地铁站),102.8247515,24.8252619,2013-05-20,2013-05,,
519,kunming,g00116x00158,kunming_station_9aeca5574c8d,大学城(地铁站),102.8410158,24.8390329,2013-05-20,2013-05,,
520,kunming,g00119x00158,kunming_station_38e42bf532d7,谊康南路(地铁站),102.8368516,24.850712,2013-05-20,2013-05,,
521,kunming,g00122x00157,kunming_station_dc58ad84d47f,联大街(地铁站),102.8325369,24.8627466,2013-05-20,2013-05,,
522,kunming,g00124x00156,kunming_station_5f2fe5369567,驼峰街(地铁站),102.8280059,24.8755116,2013-05-20,2013-05,,
523,kunming,g00127x00155,kunming_station_ddbc296f09de,春融街(地铁站),102.8238744,24.8870894,2013-05-20,2013-05,,
524,kunming,g00132x00148,kunming_station_6574b867dc82,斗南(地铁站),102.7903827,24.9111631,2013-05-20,2013-05,,
525,kunming,g00137x00145,kunming_station_ad9f8e80810e,南部汽车站(地铁站),102.7737648,24.932317,2013-05-20,2013-05,,
526,kunming,g00141x00144,kunming_station_e791f8b14871,新亚洲体育城(地铁站),102.7683202,24.9500613,2013-05-20,2013-05,,
527,kunming,g00143x00144,kunming_station_e887133f898a,星耀路(地铁站),102.7668075,24.95993,2013-05-20,2013-05,,
528,kunming,g00147x00144,kunming_station_46864f0fd327,珥季路(地铁站),102.7655288,24.9755742,2013-05-20,2013-05,,
529,kunming,g00150x00143,kunming_station_313ee81f85ba,晓东村(地铁站),102.7604671,24.9882588,2013-05-20,2013-05,,
530,chengdu,g00123x00228,chengdu_station_0899a96eb777,锦城广场(地铁站),104.0640233,30.570178,2013-06-08,2013-06,,
531,chengdu,g00155x00218,chengdu_station_4178e49a6f69,迎宾大道(地铁站),104.0111695,30.7156863,2013-06-08,2013-06,,
532,chengdu,g00157x00215,chengdu_station_9ca84815f027,金周路(地铁站),103.9938798,30.7242045,2013-06-08,2013-06,,
533,chengdu,g00157x00217,chengdu_station_7c735622b46b,金科北路(地铁站),104.0043013,30.7232972,2013-06-08,2013-06,,
534,chengdu,g00159x00212,chengdu_station_a38f98197f73,百草路(地铁站),103.9770921,30.7356728,2013-06-08,2013-06,,
535,chengdu,g00162x00211,chengdu_station_bd28f3924b61,天河路(地铁站),103.9739384,30.7484964,2013-06-08,2013-06,,
536,shanghai,g00144x00120,shanghai_station_675ece9d1e54,祁连山南路(地铁站),121.3626518,31.2394817,2013-06-15,2013-06,,
537,hangzhou,g00252x00390,hangzhou_station_c3ab459e6287,火车东站(地铁站),120.2086959,30.2938861,2013-06-30,2013-06,,
538,tianjin,g00149x00105,tianjin_station_3a66ead97fcf,建国道意风区(地铁站),117.1945842,39.1379686,2013-08-28,2013-08,,
539,shanghai,g00123x00147,shanghai_station_84f168d5caab,三林(地铁站),121.5074146,31.1453215,2013-08-31,2013-08,,
540,shanghai,g00123x00149,shanghai_station_7035264da62f,三林东(地铁站),121.5186563,31.1485871,2013-08-31,2013-08,,
541,shanghai,g00124x00153,shanghai_station_0551546e41f6,浦三路(地铁站),121.5347128,31.1530285,2013-08-31,2013-08,,
542,shanghai,g00125x00141,shanghai_station_0cc90a6bc883,东方体育中心站,121.4757889,31.1553389,2013-08-31,2013-08,,
543,shanghai,g00126x00137,shanghai_station_2d883e772001,龙耀路(地铁站),121.4551423,31.1616613,2013-08-31,2013-08,,
544,shanghai,g00128x00137,shanghai_station_f65f2b2ef6d1,云锦路(地铁站),121.4539554,31.168423,2013-08-31,2013-08,,
545,shanghai,g00131x00134,shanghai_station_d0108944c357,上海游泳馆(地铁站),121.4368179,31.1810169,2013-08-31,2013-08,,
546,shanghai,g00134x00133,shanghai_station_908d6101d24b,徐家汇站,121.4323,31.1967,2013-08-31,2013-08,,
547,shanghai,g00136x00133,shanghai_station_15671153fedd,交通大学站,121.43,31.2039,2013-08-31,2013-08,,
548,xian,g00140x00251,xian_station_af0997229d0d,开远门(地铁站),108.8878833,34.2709815,2013-09-15,2013-09,,
549,xian,g00140x00254,xian_station_74780d0ebb75,劳动路(地铁站),108.9051872,34.2711588,2013-09-15,2013-09,,
550,xian,g00140x00256,xian_station_34f3d5381bb1,玉祥门(地铁站),108.9163021,34.2712259,2013-09-15,2013-09,,
551,xian,g00140x00259,xian_station_61ba19734f91,洒金桥(地铁站),108.9291901,34.2713021,2013-09-15,2013-09,,
552,xian,g00140x00264,xian_station_cfa7b04c2b59,五路口(地铁站),108.9582537,34.271093,2013-09-15,2013-09,,
553,xian,g00140x00266,xian_station_68e8d18e3811,朝阳门(地铁站),108.9693093,34.2714806,2013-09-15,2013-09,,
554,xian,g00140x00268,xian_station_a5637d89ded4,康复路(地铁站),108.9796599,34.2709651,2013-09-15,2013-09,,
555,xian,g00140x00270,xian_station_b48279698f17,通化门(地铁站),108.9905284,34.2712024,2013-09-15,2013-09,,
556,xian,g00140x00273,xian_station_beb2e2833afb,万寿路(地铁站),109.0081266,34.27099,2013-09-15,2013-09,,
557,xian,g00140x00276,xian_station_365760b012db,长乐坡(地铁站),109.0254168,34.2734338,2013-09-15,2013-09,,
558,xian,g00141x00248,xian_station_3c7c00f07d0e,汉城路(地铁站),108.8693814,34.2746451,2013-09-15,2013-09,,
559,xian,g00141x00279,xian_station_821fc2bf553c,浐河站,109.03945,34.27496,2013-09-15,2013-09,,
560,xian,g00141x00281,xian_station_cd0f6501fef4,半坡(地铁站),109.051042,34.2767677,2013-09-15,2013-09,,
561,xian,g00142x00284,xian_station_58ecd9cbcc60,纺织城(地铁站),109.0646271,34.2807258,2013-09-15,2013-09,,
562,xian,g00143x00245,xian_station_b99a7ef428be,枣园站 (西安),108.85714,34.28114,2013-09-15,2013-09,,
563,xian,g00144x00244,xian_station_428c4266a841,皂河(地铁站),108.8478059,34.2859504,2013-09-15,2013-09,,
564,xian,g00145x00240,xian_station_375d655cc1a3,三桥(地铁站),108.8275653,34.2914878,2013-09-15,2013-09,,
565,xian,g00147x00237,xian_station_54c5a6922285,后卫寨(地铁站),108.8088569,34.3016547,2013-09-15,2013-09,,
566,chongqing,g00328x00247,chongqing_station_cf00d36628d0,马家岩(地铁站),106.4640937,29.5476105,2013-09-25,2013-09,,
567,harbin,g00371x00182,harbin_station_55409a6fe843,哈尔滨南站(地铁站),126.6158321,45.6679768,2013-09-26,2013-09,,
568,harbin,g00374x00181,harbin_station_ceec7921a476,哈达(地铁站),126.6129001,45.6812684,2013-09-26,2013-09,,
569,harbin,g00377x00181,harbin_station_a952362aa0c8,医大二院(地铁站),126.6097826,45.6955572,2013-09-26,2013-09,,
570,harbin,g00379x00181,harbin_station_b9d5759c10eb,黑龙江大学(地铁站),126.6076803,45.7050399,2013-09-26,2013-09,,
571,harbin,g00381x00180,harbin_station_996ea909f3f9,理工大学(地铁站),126.6059568,45.7129259,2013-09-26,2013-09,,
572,harbin,g00382x00180,harbin_station_a5b2b6363dc3,学府路(地铁站),126.6039692,45.720533,2013-09-26,2013-09,,
573,harbin,g00385x00181,harbin_station_c1ba25747931,和兴路(地铁站),126.6095313,45.7304909,2013-09-26,2013-09,,
574,harbin,g00386x00182,harbin_station_b8e44694b3c1,西大桥(地铁站),126.6151891,45.7369197,2013-09-26,2013-09,,
575,harbin,g00387x00183,harbin_station_51cb670fd8b6,哈工大(地铁站),126.6218156,45.7426301,2013-09-26,2013-09,,
576,harbin,g00389x00184,harbin_station_550cb8885ac9,铁路局(地铁站),126.6300414,45.7495702,2013-09-26,2013-09,,
577,harbin,g00391x00187,harbin_station_a0d486078f3f,医大一院(地铁站),126.644447,45.7621155,2013-09-26,2013-09,,
578,harbin,g00393x00188,harbin_station_93a6df5282e7,烟厂(地铁站),126.6499037,45.766756,2013-09-26,2013-09,,
579,harbin,g00394x00189,harbin_station_93b3b752301a,工程大学(地铁站),126.6620263,45.7734851,2013-09-26,2013-09,,
580,harbin,g00397x00193,harbin_station_2434ae8b7f01,交通学院(地铁站),126.6814016,45.7857407,2013-09-26,2013-09,,
581,harbin,g00397x00194,harbin_station_74e1417345c8,桦树街(地铁站),126.6919112,45.7860394,2013-09-26,2013-09,,
582,harbin,g00397x00196,harbin_station_864a23a6291f,哈尔滨东站(地铁站),126.7029833,45.7872756,2013-09-26,2013-09,,
583,shanghai,g00156x00079,shanghai_station_9755deb0dfda,兆丰路站,121.14545,31.29088,2013-10-16,2013-10,,
584,shanghai,g00158x00070,shanghai_station_a95ee2e5ae0e,花桥站,121.09975,31.3006,2013-10-16,2013-10,,
585,shanghai,g00158x00073,shanghai_station_dcd53f7e754e,光明路站,121.11255,31.29808,2013-10-16,2013-10,,
586,beijing,g00127x00188,beijing_station_1afcc8e5eb64,什刹海站,116.3900647,39.9359528,2013-12-28,2013-12,,
587,beijing,g00160x00177,beijing_station_bec7f7958a2f,育知路(地铁站),116.3208377,40.0865451,2013-12-28,2013-12,,
588,beijing,g00161x00181,beijing_station_2780ca446385,平西府(地铁站),116.344208,40.0887624,2013-12-28,2013-12,,
589,beijing,g00164x00175,beijing_station_e08ae885b83a,朱辛庄(地铁站),116.3075716,40.103003,2013-12-28,2013-12,,
590,guangzhou,g00143x00078,guangzhou_station_bba72462f4a3,文化公园(地铁站),113.2446313,23.1116689,2013-12-28,2013-12,,
591,guangzhou,g00144x00074,guangzhou_station_acca00745601,如意坊(地铁站),113.2257818,23.1178438,2013-12-28,2013-12,,
592,guangzhou,g00144x00086,guangzhou_station_c8ed1db59d0c,东湖站,113.28342,23.11752,2013-12-28,2013-12,,
593,guangzhou,g00145x00082,guangzhou_station_3fa0c2262947,北京路站,113.2650056,23.1216222,2013-12-28,2013-12,,
594,guangzhou,g00145x00083,guangzhou_station_53e332f42475,团一大广场站,113.2728806,23.1209611,2013-12-28,2013-12,,
595,guangzhou,g00148x00071,guangzhou_station_3a3e92f7f526,河沙(地铁站),113.2120634,23.1382348,2013-12-28,2013-12,,
596,guangzhou,g00150x00088,guangzhou_station_02c0032acae6,黄花岗(地铁站),113.2945315,23.1437599,2013-12-28,2013-12,,
597,guangzhou,g00151x00089,guangzhou_station_83dd04b3c37c,沙河顶(地铁站),113.3015781,23.1498937,2013-12-28,2013-12,,
598,guangzhou,g00152x00070,guangzhou_station_cfe3283faa31,沙贝(地铁站),113.2059509,23.1549677,2013-12-28,2013-12,,
599,guangzhou,g00153x00069,guangzhou_station_64460bb727d3,横沙(地铁站),113.2014344,23.1608232,2013-12-28,2013-12,,
600,guangzhou,g00154x00092,guangzhou_station_34dbb1d35741,天平架(地铁站),113.3159347,23.1621116,2013-12-28,2013-12,,
601,guangzhou,g00158x00098,guangzhou_station_011b69403c02,长湴(地铁站),113.3438485,23.1808963,2013-12-28,2013-12,,
602,suzhou,g00125x00162,suzhou_station_44567a204cf9,宝带桥南(地铁站),120.6446314,31.2519571,2013-12-28,2013-12,,
603,suzhou,g00126x00156,suzhou_station_d92751254400,新家桥(地铁站),120.6106992,31.2583465,2013-12-28,2013-12,,
604,suzhou,g00130x00155,suzhou_station_4a609eca3545,友联(地铁站),120.6044548,31.2736696,2013-12-28,2013-12,,
605,suzhou,g00131x00153,suzhou_station_0d852c708899,桐泾公园(地铁站),120.5956589,31.281103,2013-12-28,2013-12,,
606,suzhou,g00133x00153,suzhou_station_77a78e126c98,胥江路(地铁站),120.5944331,31.2874335,2013-12-28,2013-12,,
607,suzhou,g00135x00153,suzhou_station_3134bebd6daa,三香广场站,120.5938889,31.3,2013-12-28,2013-12,,
608,suzhou,g00137x00153,suzhou_station_6740c4b1395d,广济南路站,120.5969,31.3061,2013-12-28,2013-12,,
609,suzhou,g00138x00153,suzhou_station_01c5ce0e3172,石路站,120.5961111,31.3136111,2013-12-28,2013-12,,
610,suzhou,g00140x00154,suzhou_station_223def10b198,山塘街站,120.5977778,31.3216667,2013-12-28,2013-12,,
611,suzhou,g00146x00156,suzhou_station_a1c95930f532,平泷路东(地铁站),120.608828,31.3464033,2013-12-28,2013-12,,
612,suzhou,g00148x00158,suzhou_station_5b1e01fda8b5,陆慕(地铁站),120.6192644,31.3554455,2013-12-28,2013-12,,
613,suzhou,g00153x00158,suzhou_station_aca7f3600cad,徐图港(地铁站),120.6214783,31.37777,2013-12-28,2013-12,,
614,suzhou,g00155x00158,suzhou_station_d7149ea3b2da,蠡口(地铁站),120.6195173,31.3902693,2013-12-28,2013-12,,
615,suzhou,g00159x00158,suzhou_station_3657f9d8ddb3,富元路站,120.6208333,31.4055556,2013-12-28,2013-12,,
616,suzhou,g00162x00160,suzhou_station_04bf3cc5609c,大湾(地铁站),120.6289728,31.4186253,2013-12-28,2013-12,,
617,tianjin,g00131x00081,tianjin_station_99d4bb123c8b,南站(地铁站),117.0557397,39.0559377,2013-12-28,2013-12,,
618,tianjin,g00133x00083,tianjin_station_5c9483c84844,杨伍庄(地铁站),117.0632011,39.067197,2013-12-28,2013-12,,
619,tianjin,g00134x00084,tianjin_station_63d80c347e1a,学府工业区(地铁站),117.0721329,39.070748,2013-12-28,2013-12,,
620,wuhan,g00140x00144,wuhan_station_f24f3e86ffa1,梅苑小区(地铁站),114.3206777,30.5333095,2013-12-28,2013-12,,
621,wuhan,g00142x00145,wuhan_station_046c873ed995,中南路(地铁站),114.327476,30.5399063,2013-12-28,2013-12,,
622,wuhan,g00143x00146,wuhan_station_d01ebae400c1,洪山广场(地铁站),114.3304914,30.5480368,2013-12-28,2013-12,,
623,wuhan,g00145x00147,wuhan_station_5dfac7627108,楚河汉街(地铁站),114.335917,30.5562048,2013-12-28,2013-12,,
624,wuhan,g00147x00148,wuhan_station_a924f9f361fa,青鱼嘴(地铁站),114.3443723,30.5660582,2013-12-28,2013-12,,
625,wuhan,g00149x00150,wuhan_station_ea8b203b3eec,东亭(地铁站),114.3502885,30.5725929,2013-12-28,2013-12,,
626,wuhan,g00152x00152,wuhan_station_4784d134dfce,铁机路站,114.3637308,30.5863227,2013-12-28,2013-12,,
627,wuhan,g00154x00153,wuhan_station_5d54f4802f5a,罗家港(地铁站),114.3660001,30.5950951,2013-12-28,2013-12,,
628,wuhan,g00156x00156,wuhan_station_9f61d827d53e,仁和路(地铁站),114.3835399,30.6074536,2013-12-28,2013-12,,
629,wuhan,g00156x00161,wuhan_station_e0a7b749ddc6,杨春湖(地铁站),114.4108166,30.6075751,2013-12-28,2013-12,,
630,wuhan,g00157x00159,wuhan_station_3e70e2d2f6f4,工业四路(地铁站),114.4003018,30.610266,2013-12-28,2013-12,,
631,zhengzhou,g00131x00185,zhengzhou_station_a72797a37af9,绿城广场(地铁站),113.6273793,34.7486488,2013-12-28,2013-12,,
632,zhengzhou,g00131x00187,zhengzhou_station_58c1106859de,医学院(地铁站),113.637753,34.7472328,2013-12-28,2013-12,,
633,zhengzhou,g00131x00189,zhengzhou_station_5816f5c58d8a,郑州火车站(地铁站),113.6502964,34.7472181,2013-12-28,2013-12,,
634,zhengzhou,g00132x00191,zhengzhou_station_cd3a5db25628,二七广场(地铁站),113.6597374,34.7537539,2013-12-28,2013-12,,
635,zhengzhou,g00133x00179,zhengzhou_station_91b541e5f3d6,秦岭路(地铁站),113.5972743,34.7579876,2013-12-28,2013-12,,
636,zhengzhou,g00133x00181,zhengzhou_station_3fb29714ef6c,五一公园站,113.6075,34.7569444,2013-12-28,2013-12,,
637,zhengzhou,g00133x00183,zhengzhou_station_080de2fcf64f,碧沙岗(地铁站),113.6183263,34.7562152,2013-12-28,2013-12,,
638,zhengzhou,g00134x00173,zhengzhou_station_47870eab0807,西流湖(地铁站),113.5641143,34.7623023,2013-12-28,2013-12,,
639,zhengzhou,g00134x00176,zhengzhou_station_00fc68de6a29,西三环(地铁站),113.5821268,34.761376,2013-12-28,2013-12,,
640,zhengzhou,g00134x00192,zhengzhou_station_5d2afb5e3dc3,人民路站,113.6677778,34.7586111,2013-12-28,2013-12,,
641,zhengzhou,g00134x00211,zhengzhou_station_80c23b7f4a85,郑州东站(地铁站),113.7709491,34.7602622,2013-12-28,2013-12,,
642,zhengzhou,g00135x00194,zhengzhou_station_f1cecca644e9,紫荆山站,113.676,34.7632,2013-12-28,2013-12,,
643,zhengzhou,g00135x00197,zhengzhou_station_2125c7f9b088,燕庄(地铁站),113.6972295,34.7644231,2013-12-28,2013-12,,
644,zhengzhou,g00135x00199,zhengzhou_station_c2cd60dff945,民航路(地铁站),113.7079208,34.7641793,2013-12-28,2013-12,,
645,zhengzhou,g00135x00214,zhengzhou_station_fd2132f419e7,博学路(地铁站),113.7864181,34.760964,2013-12-28,2013-12,,
646,zhengzhou,g00136x00201,zhengzhou_station_63e45bd922ce,会展中心(地铁站),113.7195513,34.767729,2013-12-28,2013-12,,
647,zhengzhou,g00136x00207,zhengzhou_station_620a506aa770,农业南路站,113.7489,34.7664,2013-12-28,2013-12,,
648,zhengzhou,g00136x00209,zhengzhou_station_68d7ccd44552,东风南路(地铁站),113.7609651,34.7654481,2013-12-28,2013-12,,
649,zhengzhou,g00138x00217,zhengzhou_station_1d3b38a0c809,市体育中心(地铁站),113.8043282,34.7741443,2013-12-28,2013-12,,
650,shanghai,g00069x00227,shanghai_station_54ee2ad755d2,滴水湖站,121.92564,30.90943,2013-12-29,2013-12,,
651,shanghai,g00073x00223,shanghai_station_4796719ef182,临港大道(地铁站),121.9067704,30.9258851,2013-12-29,2013-12,,
652,shanghai,g00081x00212,shanghai_station_4cdcb6457076,书院(地铁站),121.8463581,30.9615617,2013-12-29,2013-12,,
653,shanghai,g00096x00201,shanghai_station_2adea3dcba88,惠南东(地铁站),121.7894948,31.0286057,2013-12-29,2013-12,,
654,shanghai,g00101x00173,shanghai_station_3cf4077974b2,新场(地铁站),121.6447483,31.0478117,2013-12-29,2013-12,,
655,shanghai,g00102x00183,shanghai_station_f9769d8bb7e5,野生动物园(地铁站),121.6948933,31.052481,2013-12-29,2013-12,,
656,shanghai,g00102x00195,shanghai_station_eed6f0dad072,惠南(地铁站),121.757322,31.0559387,2013-12-29,2013-12,,
657,shanghai,g00103x00167,shanghai_station_8308a1ca344a,航头东(地铁站),121.6133019,31.0572057,2013-12-29,2013-12,,
658,shanghai,g00108x00166,shanghai_station_421bd14a6718,鹤沙航城(地铁站),121.6070486,31.080075,2013-12-29,2013-12,,
659,shanghai,g00115x00165,shanghai_station_0a68e183a281,周浦东(地铁站),121.6027034,31.1123001,2013-12-29,2013-12,,
660,shanghai,g00125x00163,shanghai_station_f09cdbe5440d,罗山路(地铁站),121.5889556,31.1554993,2013-12-29,2013-12,,
661,shanghai,g00145x00142,shanghai_station_ba8c21dc8a3d,天潼路(地铁站),121.4778257,31.2457753,2013-12-29,2013-12,,
662,shanghai,g00146x00145,shanghai_station_2a2da4375f19,国际客运中心站,121.4936111,31.2519444,2013-12-29,2013-12,,
663,shanghai,g00147x00147,shanghai_station_af1293830347,提篮桥站,121.50234,31.25556,2013-12-29,2013-12,,
664,shanghai,g00148x00148,shanghai_station_1b26a3d5ea61,大连路站,121.50864,31.26014,2013-12-29,2013-12,,
665,shanghai,g00149x00172,shanghai_station_887aa17c702e,金海路(地铁站),121.634396,31.2652958,2013-12-29,2013-12,,
666,shanghai,g00150x00152,shanghai_station_7882b1f4d79d,宁国路站,121.52818,31.27073,2013-12-29,2013-12,,
667,shanghai,g00152x00154,shanghai_station_fd82f7f50de8,隆昌路(地铁站),121.5404057,31.2773345,2013-12-29,2013-12,,
668,shanghai,g00153x00156,shanghai_station_038711f0976c,爱国路(地铁站),121.5483889,31.2819242,2013-12-29,2013-12,,
669,shanghai,g00153x00157,shanghai_station_a2f2dbb3ce41,复兴岛(地铁站),121.5570682,31.2829301,2013-12-29,2013-12,,
670,shanghai,g00153x00161,shanghai_station_2652b64351c9,东陆路(地铁站),121.5749057,31.2847051,2013-12-29,2013-12,,
671,shanghai,g00153x00162,shanghai_station_e5e48406ed7b,巨峰路(地铁站),121.5841553,31.2828626,2013-12-29,2013-12,,
672,shanghai,g00153x00165,shanghai_station_9f5a0f50447c,杨高北路站,121.5985,31.28222,2013-12-29,2013-12,,
673,shanghai,g00153x00168,shanghai_station_027f3b45055a,金京路(地铁站),121.6112677,31.2819971,2013-12-29,2013-12,,
674,shanghai,g00153x00170,shanghai_station_bbbdab847c34,申江路站,121.622535,31.282309,2013-12-29,2013-12,,
675,chongqing,g00358x00252,chongqing_station_0133e99f272b,金山寺站,106.48828,29.682263,2013-12-31,2013-12,,
676,chongqing,g00371x00251,chongqing_station_aa46710600a4,蔡家(地铁站),106.488387,29.7386624,2013-12-31,2013-12,,
677,chongqing,g00382x00234,chongqing_station_662769701a34,龙凤溪(地铁站),106.3998763,29.7919698,2013-12-31,2013-12,,
678,chongqing,g00385x00233,chongqing_station_9b2afc4ac2d5,状元碑(地铁站),106.3948575,29.8056637,2013-12-31,2013-12,,
679,chongqing,g00390x00241,chongqing_station_05be0ceb5ad6,北碚(地铁站),106.4336412,29.8279513,2013-12-31,2013-12,,
680,changsha,g00088x00247,changsha_station_231160742fe3,杜花路(地铁站),113.0506501,28.1495519,2014-04-29,2014-04,,
681,changsha,g00089x00252,changsha_station_dae5d8572ad4,光达(地铁站),113.079167,28.1516502,2014-04-29,2014-04,,
682,changsha,g00091x00245,changsha_station_f064215fd15b,沙湾公园(地铁站),113.039104,28.1608983,2014-04-29,2014-04,,
683,changsha,g00092x00225,changsha_station_e617d92ffea4,阜埠河(地铁站),112.9420866,28.1686799,2014-04-29,2014-04,,
684,changsha,g00093x00244,changsha_station_350d2776ed28,长沙大道(地铁站),113.0386883,28.1715328,2014-04-29,2014-04,,
685,changsha,g00096x00225,changsha_station_1b6694a3db73,湖南大学(地铁站),112.9411279,28.1831816,2014-04-29,2014-04,,
686,changsha,g00097x00243,changsha_station_ad4d9049680b,人民东路(地铁站),113.032913,28.1874042,2014-04-29,2014-04,,
687,changsha,g00098x00239,changsha_station_bcac168f5dde,锦泰广场(地铁站),113.0118807,28.1951535,2014-04-29,2014-04,,
688,changsha,g00098x00242,changsha_station_36ca074ee38e,万家丽广场(地铁站),113.02484,28.1947641,2014-04-29,2014-04,,
689,changsha,g00099x00228,changsha_station_5778c8ae56c3,橘子洲站,112.957,28.1989,2014-04-29,2014-04,,
690,changsha,g00099x00230,changsha_station_5e87b158a151,湘江中路(地铁站),112.9638329,28.1986583,2014-04-29,2014-04,,
691,changsha,g00099x00231,changsha_station_e2aa9d8d4094,五一广场站,112.97092,28.1986,2014-04-29,2014-04,,
692,changsha,g00099x00233,changsha_station_c02c231101ae,芙蓉广场(地铁站),112.9790807,28.1982833,2014-04-29,2014-04,,
693,changsha,g00099x00234,changsha_station_4d8ed4dfba28,迎宾路口(地铁站),112.9865752,28.1981679,2014-04-29,2014-04,,
694,changsha,g00099x00238,changsha_station_c514728742c4,长沙火车站(地铁站),113.0053045,28.196951,2014-04-29,2014-04,,
695,changsha,g00100x00226,changsha_station_03b3a9709329,溁湾镇(地铁站),112.9459579,28.2010974,2014-04-29,2014-04,,
696,changsha,g00101x00222,changsha_station_f7ea6d5b2213,金星路(地铁站),112.9231745,28.2095688,2014-04-29,2014-04,,
697,changsha,g00101x00224,changsha_station_4cac3a943ab1,西湖公园(地铁站),112.9344788,28.2061374,2014-04-29,2014-04,,
698,changsha,g00102x00219,changsha_station_4e338e21351f,望城坡站,112.90876,28.21102,2014-04-29,2014-04,,
699,kunming,g00150x00140,kunming_station_f63c6aef7bfa,昌宏西路(地铁站),102.7495418,24.9893321,2014-04-30,2014-04,,
700,kunming,g00152x00139,kunming_station_89897ddefaa8,巫家坝(地铁站),102.7401307,24.9997462,2014-04-30,2014-04,,
701,kunming,g00153x00137,kunming_station_0ade2f2e878b,日新路(地铁站),102.733602,25.0043096,2014-04-30,2014-04,,
702,kunming,g00155x00136,kunming_station_6fe023c9430a,福德(地铁站),102.7288954,25.009854,2014-04-30,2014-04,,
703,kunming,g00160x00134,kunming_station_4666018e8963,塘子巷(地铁站),102.718465,25.0365103,2014-04-30,2014-04,,
704,kunming,g00161x00134,kunming_station_551203822165,东风广场(地铁站),102.7182103,25.0410441,2014-04-30,2014-04,,
705,kunming,g00162x00134,kunming_station_b1ac5a678147,交三桥(地铁站),102.7180295,25.0453888,2014-04-30,2014-04,,
706,kunming,g00164x00134,kunming_station_4c009d7dcd2a,穿心鼓楼(地铁站),102.7180882,25.0522139,2014-04-30,2014-04,,
707,kunming,g00168x00135,kunming_station_2db759665d11,白云路(地铁站),102.7224867,25.0689126,2014-04-30,2014-04,,
708,kunming,g00170x00136,kunming_station_684a22bccb63,金星(地铁站),102.7260991,25.0784994,2014-04-30,2014-04,,
709,kunming,g00171x00137,kunming_station_ee15cbceb4cc,北辰(地铁站),102.7310216,25.0839942,2014-04-30,2014-04,,
710,kunming,g00174x00138,kunming_station_766c69c0b59a,霖雨桥(地铁站),102.737701,25.0962584,2014-04-30,2014-04,,
711,kunming,g00175x00139,kunming_station_be5ef01f862c,羊肠村(地铁站),102.7405363,25.1040736,2014-04-30,2014-04,,
712,kunming,g00177x00140,kunming_station_a43570c0d3ac,司家营(地铁站),102.7442022,25.112655,2014-04-30,2014-04,,
713,kunming,g00177x00143,kunming_station_1f6e80e3c00b,北部汽车站(地铁站),102.7618565,25.1101511,2014-04-30,2014-04,,
714,kunming,g00178x00141,kunming_station_01c52dfa66da,龙头街(地铁站),102.7523089,25.1148347,2014-04-30,2014-04,,
715,dalian,g00036x00036,dalian_station_5e6787319b90,铁山(地铁站),121.1723949,38.8010264,2014-05-01,2014-05,,
716,dalian,g00038x00030,dalian_station_c03c64f2ef9b,旅顺新港(地铁站),121.1396537,38.8058401,2014-05-01,2014-05,,
717,dalian,g00041x00064,dalian_station_2898f3fb8e50,塔河湾(地铁站),121.336199,38.8224984,2014-05-01,2014-05,,
718,dalian,g00045x00049,dalian_station_43aaf8c889eb,旅顺(地铁站),121.2476366,38.8430005,2014-05-01,2014-05,,
719,dalian,g00046x00091,dalian_station_40fb75643401,蔡大岭(地铁站),121.4895244,38.8500276,2014-05-01,2014-05,,
720,shanghai,g00145x00140,shanghai_station_f809ff6ec848,曲阜路(地铁站),121.4670119,31.244238,2014-05-10,2014-05,,
721,wuhan,g00172x00147,wuhan_station_2b5c7949c18c,滕子岗(地铁站),114.3359654,30.6768347,2014-05-28,2014-05,,
722,wuhan,g00174x00148,wuhan_station_b68e4cff40f0,滠口新城(地铁站),114.3368611,30.6868544,2014-05-28,2014-05,,
723,wuhan,g00180x00145,wuhan_station_1778aeecabce,汉口北(地铁站),114.3239885,30.7142656,2014-05-28,2014-05,,
724,ningbo,g00261x00170,ningbo_station_8f813de7811b,东环南路(地铁站),121.646449,29.8556057,2014-05-30,2014-05,,
725,ningbo,g00262x00161,ningbo_station_a19f427af4c2,世纪大道(地铁站),121.5979147,29.8616603,2014-05-30,2014-05,,
726,ningbo,g00262x00165,ningbo_station_9b94a4fa04b5,福庆北路(地铁站),121.6201024,29.8614451,2014-05-30,2014-05,,
727,ningbo,g00263x00159,ningbo_station_696bbe93196a,福明路(地铁站),121.5889996,29.8636131,2014-05-30,2014-05,,
728,ningbo,g00264x00154,ningbo_station_28ab634515cc,江厦桥东(地铁站),121.5609699,29.8720194,2014-05-30,2014-05,,
729,ningbo,g00264x00156,ningbo_station_5b2dc18899e5,舟孟北路(地铁站),121.5698715,29.8698267,2014-05-30,2014-05,,
730,ningbo,g00265x00152,ningbo_station_a8417ba1d507,东门口(天一广场)(地铁站),121.5512869,29.8740744,2014-05-30,2014-05,,
731,ningbo,g00269x00139,ningbo_station_a7a1588c89ca,芦港(地铁站),121.4829179,29.8927501,2014-05-30,2014-05,,
732,ningbo,g00269x00141,ningbo_station_93e3a3133d18,徐家漕长乐(地铁站),121.492546,29.8900698,2014-05-30,2014-05,,
733,ningbo,g00270x00137,ningbo_station_3e99f0250d3e,梁祝(地铁站),121.4723318,29.8972595,2014-05-30,2014-05,,
734,xian,g00112x00260,xian_station_d9dcc0a87925,韦曲南(地铁站),108.9408576,34.1437386,2014-06-16,2014-06,,
735,xian,g00115x00260,xian_station_49b6dda7c3e0,航天城站,108.94007,34.15949,2014-06-16,2014-06,,
736,xian,g00118x00260,xian_station_d4ad27c74073,凤栖原(地铁站),108.9405503,34.17083,2014-06-16,2014-06,,
737,xian,g00121x00260,xian_station_efb8ee7c714e,三爻(地铁站),108.9412501,34.1846293,2014-06-16,2014-06,,
738,nanjing,g00138x00107,nanjing_station_db6938b4edbc,翔宇路南(地铁站),118.8241098,31.7569362,2014-07-01,2014-07,,
739,nanjing,g00146x00106,nanjing_station_b91b611fd8e9,翔宇路北(地铁站),118.8164312,31.7933451,2014-07-01,2014-07,,
740,nanjing,g00158x00102,nanjing_station_9a31957ea3af,正方中路(地铁站),118.8006614,31.8471574,2014-07-01,2014-07,,
741,nanjing,g00167x00100,nanjing_station_5852a705999e,吉印大道(地铁站),118.7902078,31.8883461,2014-07-01,2014-07,,
742,nanjing,g00173x00099,nanjing_station_8f4edd6e198a,河海大学·佛城西路站,118.7861,31.916,2014-07-01,2014-07,,
743,nanjing,g00179x00098,nanjing_station_8fa536d71971,翠屏山(地铁站),118.7793222,31.9445619,2014-07-01,2014-07,,
744,nanjing,g00190x00097,nanjing_station_fa0435d3673c,雨花台(地铁站),118.775682,31.9947613,2014-07-01,2014-07,,
745,nanjing,g00191x00096,nanjing_station_64f95f3a2114,共青团路(地铁站),118.7688424,31.9955718,2014-07-01,2014-07,,
746,nanjing,g00192x00106,nanjing_station_c0519ea853d4,承天大道(地铁站),118.8238709,32.0030758,2014-07-01,2014-07,,
747,nanjing,g00193x00115,nanjing_station_5b94f236ec79,石杨路(地铁站),118.8690666,32.0074843,2014-07-01,2014-07,,
748,nanjing,g00194x00113,nanjing_station_0d7daa64d68b,杨庄(地铁站),118.8579131,32.0087876,2014-07-01,2014-07,,
749,nanjing,g00195x00086,nanjing_station_9e0bf5f0336e,梦都大街(地铁站),118.7165778,32.0175157,2014-07-01,2014-07,,
750,nanjing,g00199x00082,nanjing_station_06837c3bbe90,江心洲(地铁站),118.6981586,32.0337024,2014-07-01,2014-07,,
751,nanjing,g00201x00066,nanjing_station_a6563bd1df89,雨山路(地铁站),118.6101105,32.0467111,2014-07-01,2014-07,,
752,nanjing,g00204x00068,nanjing_station_3858b921077c,文德路站,118.621585,32.059491,2014-07-01,2014-07,,
753,nanjing,g00204x00075,nanjing_station_9d6cd72c2a93,临江·青奥体育公园(地铁站),118.660429,32.0593305,2014-07-01,2014-07,,
754,nanjing,g00206x00069,nanjing_station_b61db1188cfc,龙华路(地铁站),118.6301636,32.0669099,2014-07-01,2014-07,,
755,nanjing,g00206x00072,nanjing_station_dc7908797e81,南京工业大学站,118.643057,32.069011,2014-07-01,2014-07,,
756,wuxi,g00097x00167,wuxi_station_5d0931f9609f,长广溪(地铁站),120.2728155,31.4753089,2014-07-01,2014-07,,
757,wuxi,g00099x00168,wuxi_station_54913417279f,江南大学(地铁站),120.274189,31.4858726,2014-07-01,2014-07,,
758,wuxi,g00101x00173,wuxi_station_c989de1f7d1b,市民中心(地铁站),120.3021485,31.4934573,2014-07-01,2014-07,,
759,wuxi,g00101x00175,wuxi_station_e1251879b243,金匮公园(地铁站),120.3154141,31.4953097,2014-07-01,2014-07,,
760,wuxi,g00103x00177,wuxi_station_aad3ac73e857,塘铁桥(地铁站),120.3212574,31.5026434,2014-07-01,2014-07,,
761,wuxi,g00105x00176,wuxi_station_2312e5cd9c5b,南湖家园(地铁站),120.3195384,31.5116504,2014-07-01,2014-07,,
762,wuxi,g00107x00176,wuxi_station_9d0cbcb1e415,扬名(地铁站),120.3198699,31.5229833,2014-07-01,2014-07,,
763,wuxi,g00110x00177,wuxi_station_6b04403de4d1,华清大桥(地铁站),120.3233523,31.5356521,2014-07-01,2014-07,,
764,wuxi,g00112x00176,wuxi_station_42369bc8a28b,人民医院(地铁站),120.3146761,31.5437998,2014-07-01,2014-07,,
765,wuxi,g00114x00174,wuxi_station_1bb875b8cf79,清名桥(地铁站),120.306082,31.5517859,2014-07-01,2014-07,,
766,wuxi,g00115x00173,wuxi_station_988b7cb56c37,太湖广场(地铁站),120.300607,31.5570861,2014-07-01,2014-07,,
767,wuxi,g00117x00173,wuxi_station_abe289901bb3,谈渡桥(地铁站),120.3005255,31.5639417,2014-07-01,2014-07,,
768,wuxi,g00118x00173,wuxi_station_6f814ed3e476,南禅寺站,120.3013889,31.5694444,2014-07-01,2014-07,,
769,wuxi,g00120x00172,wuxi_station_57bdef4e5d22,三阳广场站,120.2952778,31.5775,2014-07-01,2014-07,,
770,wuxi,g00121x00172,wuxi_station_39171b275573,胜利门(地铁站),120.2953003,31.5838452,2014-07-01,2014-07,,
771,wuxi,g00123x00173,wuxi_station_232b2fca9782,无锡火车站(地铁站),120.3024057,31.5915538,2014-07-01,2014-07,,
772,wuxi,g00125x00173,wuxi_station_c3a000817b07,民丰(地铁站),120.2989322,31.6028424,2014-07-01,2014-07,,
773,wuxi,g00127x00173,wuxi_station_1d2c25021ff9,庄前(地铁站),120.3002877,31.6117239,2014-07-01,2014-07,,
774,wuxi,g00131x00173,wuxi_station_2c767b5f187c,刘潭(地铁站),120.2997949,31.6285106,2014-07-01,2014-07,,
775,wuxi,g00133x00173,wuxi_station_041880fdb80e,天一(地铁站),120.299734,31.6397298,2014-07-01,2014-07,,
776,wuxi,g00135x00173,wuxi_station_38663bdf096d,西漳(地铁站),120.2990372,31.6477281,2014-07-01,2014-07,,
777,wuxi,g00139x00175,wuxi_station_ea848ae10764,锡北运河(地铁站),120.3102503,31.6641487,2014-07-01,2014-07,,
778,wuxi,g00142x00175,wuxi_station_7f20056ec17c,堰桥(地铁站),120.3102811,31.6774313,2014-07-01,2014-07,,
779,shanghai,g00163x00121,shanghai_station_3f70c74fc2e3,祁华路(地铁站),121.3688894,31.3242019,2014-07-22,2014-07,,
780,shanghai,g00163x00122,shanghai_station_633bf3f584d2,祁華路站,121.36907,31.32395,2014-07-22,2014-07,,
781,nanjing,g00224x00084,nanjing_station_e0e60580d760,泰山新村(地铁站),118.7110602,32.146371,2014-08-01,2014-08,,
782,nanjing,g00227x00087,nanjing_station_31be31030912,泰冯路(地铁站),118.7258333,32.1597222,2014-08-01,2014-08,,
783,nanjing,g00232x00087,nanjing_station_c36cf6fd7703,高新开发区(地铁站),118.726226,32.183673,2014-08-01,2014-08,,
784,nanjing,g00238x00088,nanjing_station_a9e43c4f975d,信息工程大学(地铁站),118.733637,32.208572,2014-08-01,2014-08,,
785,nanjing,g00240x00089,nanjing_station_13ee73e47c44,卸甲甸(地铁站),118.737447,32.220866,2014-08-01,2014-08,,
786,nanjing,g00243x00091,nanjing_station_02896d05eb96,大厂(地铁站),118.746642,32.234609,2014-08-01,2014-08,,
787,nanjing,g00247x00093,nanjing_station_9ed77dd513eb,葛塘(地铁站),118.760247,32.250249,2014-08-01,2014-08,,
788,nanjing,g00254x00097,nanjing_station_aa99b0b8f7ab,长芦(地铁站),118.782915,32.279744,2014-08-01,2014-08,,
789,nanjing,g00256x00099,nanjing_station_e1da312596d7,化工园(地铁站),118.792042,32.292237,2014-08-01,2014-08,,
790,nanjing,g00261x00103,nanjing_station_3d04bd44ccf1,六合开发区(地铁站),118.811502,32.311537,2014-08-01,2014-08,,
791,nanjing,g00264x00106,nanjing_station_f63897f19fbf,龙池(地铁站),118.826863,32.325218,2014-08-01,2014-08,,
792,nanjing,g00267x00109,nanjing_station_04737f3b8a73,雄州(地铁站),118.843307,32.340535,2014-08-01,2014-08,,
793,nanjing,g00270x00110,nanjing_station_5253ddb1e62f,凤凰山公园(地铁站),118.851749,32.352723,2014-08-01,2014-08,,
794,nanjing,g00272x00109,nanjing_station_1e4b1369e328,方州广场(地铁站),118.8450114,32.3617462,2014-08-01,2014-08,,
795,nanjing,g00282x00119,nanjing_station_4d6847d24ef1,沈桥(地铁站),118.898164,32.405959,2014-08-01,2014-08,,
796,nanjing,g00288x00126,nanjing_station_0b9e15059cf7,八百桥(地铁站),118.939642,32.433298,2014-08-01,2014-08,,
797,nanjing,g00296x00130,nanjing_station_b1aa09918b57,金牛湖(地铁站),118.9594162,32.4675392,2014-08-01,2014-08,,
798,tianjin,g00147x00133,tianjin_station_7808bcff5ba4,滨海国际机场站,117.35523,39.13192,2014-08-28,2014-08,,
799,kunming,g00165x00134,kunming_station_2274f550eaa3,火车北站(地铁站),102.7188487,25.0590744,2014-09-01,2014-09,,
800,wuhan,g00160x00113,wuhan_station_6041482534bf,竹叶海(地铁站),114.1582625,30.61741,2014-09-17,2014-09,,
801,chongqing,g00338x00243,chongqing_station_67b3b10c8da6,石井坡(地铁站),106.44029,29.591973,2014-09-28,2014-09,,
802,chongqing,g00352x00250,chongqing_station_31a23d04fe95,九曲河(地铁站),106.4789695,29.6566299,2014-09-28,2014-09,,
803,chongqing,g00388x00238,chongqing_station_dc082a05261f,西南大学(地铁站),106.419724,29.8187485,2014-09-28,2014-09,,
804,chengdu,g00121x00267,chengdu_station_d95ce8044c27,龙泉驿(地铁站),104.2655821,30.5627241,2014-10-26,2014-10,,
805,chengdu,g00123x00265,chengdu_station_3be2bb0b3109,龙平路(地铁站),104.2566124,30.5755363,2014-10-26,2014-10,,
806,chengdu,g00124x00262,chengdu_station_2b359274ae1b,书房(地铁站),104.2397652,30.5782389,2014-10-26,2014-10,,
807,chengdu,g00126x00259,chengdu_station_2e5820b86c5b,界牌(地铁站),104.2227591,30.5854021,2014-10-26,2014-10,,
808,chengdu,g00127x00256,chengdu_station_ff1883621605,连山坡(地铁站),104.2103705,30.5901649,2014-10-26,2014-10,,
809,chengdu,g00128x00254,chengdu_station_1456b341aedf,大面铺(地铁站),104.1988961,30.5949667,2014-10-26,2014-10,,
810,hangzhou,g00214x00400,hangzhou_station_0fb3e115a964,朝阳(地铁站),120.2637708,30.1246734,2014-11-24,2014-11,,
811,hangzhou,g00217x00400,hangzhou_station_9776370f6942,曹家桥(地铁站),120.2634088,30.1369784,2014-11-24,2014-11,,
812,hangzhou,g00220x00400,hangzhou_station_2f3fd2ac73e6,潘水(地铁站),120.2631847,30.1506402,2014-11-24,2014-11,,
813,hangzhou,g00223x00400,hangzhou_station_ef2ede942100,人民路(地铁站),120.2630418,30.16163,2014-11-24,2014-11,,
814,hangzhou,g00225x00400,hangzhou_station_56e3001a02ee,杭发厂(地铁站),120.2627439,30.1730728,2014-11-24,2014-11,,
815,hangzhou,g00227x00400,hangzhou_station_04f47d559a19,人民广场(地铁站),120.262341,30.1835397,2014-11-24,2014-11,,
816,hangzhou,g00230x00400,hangzhou_station_73ad7f34b29b,建设一路(地铁站),120.262075,30.1964993,2014-11-24,2014-11,,
817,hangzhou,g00233x00400,hangzhou_station_9a5ba5303783,建设三路(地铁站),120.2637881,30.2069636,2014-11-24,2014-11,,
818,hangzhou,g00236x00401,hangzhou_station_14aff3a3857c,振宁路(地铁站),120.2647499,30.2201452,2014-11-24,2014-11,,
819,hangzhou,g00239x00400,hangzhou_station_d2d3d5d84573,飞虹路(地铁站),120.2588617,30.233408,2014-11-24,2014-11,,
820,chongqing,g00371x00248,chongqing_station_82411a0e7812,向家岗(地铁站),106.4692934,29.7418641,2014-11-26,2014-11,,
821,beijing,g00109x00212,beijing_station_a480e8c4be63,焦化厂(地铁站),116.5313783,39.8543738,2014-12-28,2014-12,,
822,beijing,g00110x00211,beijing_station_62a703f31a9f,双合(地铁站),116.5209334,39.8585497,2014-12-28,2014-12,,
823,beijing,g00111x00206,beijing_station_4f94cc24b0db,欢乐谷景区(地铁站),116.4931684,39.8653431,2014-12-28,2014-12,,
824,beijing,g00113x00206,beijing_station_6cc5dd97121c,南楼梓庄(地铁站),116.4950856,39.8733615,2014-12-28,2014-12,,
825,beijing,g00116x00177,beijing_station_3dba5db29bac,湾子(地铁站),116.321622,39.8886439,2014-12-28,2014-12,,
826,beijing,g00116x00178,beijing_station_7209bbf106bd,达官营(地铁站),116.3296116,39.8885766,2014-12-28,2014-12,,
827,beijing,g00116x00182,beijing_station_3584378d106e,广安门内(地铁站),116.352042,39.888053,2014-12-28,2014-12,,
828,beijing,g00116x00186,beijing_station_de4284e9af8f,虎坊桥(地铁站),116.3783618,39.8880896,2014-12-28,2014-12,,
829,beijing,g00116x00207,beijing_station_5391979b4d66,化工(地铁站),116.4975333,39.8861581,2014-12-28,2014-12,,
830,beijing,g00117x00176,beijing_station_c25fdcc41b00,北京西站(地铁站),116.3151452,39.8934651,2014-12-28,2014-12,,
831,beijing,g00117x00189,beijing_station_0735391b5e4b,珠市口(地铁站),116.3921305,39.8899311,2014-12-28,2014-12,,
832,beijing,g00117x00190,beijing_station_95f76ac43348,桥湾(地铁站),116.4022236,39.8913224,2014-12-28,2014-12,,
833,beijing,g00117x00195,beijing_station_6995eb4eb2ce,广渠门内(地铁站),116.4276652,39.8922915,2014-12-28,2014-12,,
834,beijing,g00117x00197,beijing_station_dbe885d337a9,广渠门外(地铁站),116.4428197,39.8922921,2014-12-28,2014-12,,
835,beijing,g00117x00203,beijing_station_0ab3545cc861,九龙山(地铁站),116.4727951,39.8919273,2014-12-28,2014-12,,
836,beijing,g00117x00204,beijing_station_9707bb50d314,大郊亭站,116.4813499,39.8921857,2014-12-28,2014-12,,
837,beijing,g00117x00206,beijing_station_786376f32ac7,百子湾(地铁站),116.4917548,39.8913026,2014-12-28,2014-12,,
838,beijing,g00119x00238,beijing_station_ed6387800311,北运河西(地铁站),116.6823847,39.901862,2014-12-28,2014-12,,
839,beijing,g00119x00243,beijing_station_22da931911dc,郝家府(地铁站),116.7117824,39.9019879,2014-12-28,2014-12,,
840,beijing,g00119x00246,beijing_station_890ece9f3d53,东夏园(地铁站),116.7277719,39.9020114,2014-12-28,2014-12,,
841,beijing,g00119x00248,beijing_station_4fdb404ff975,潞城(地铁站),116.7414252,39.9016004,2014-12-28,2014-12,,
842,beijing,g00122x00234,beijing_station_74717e1b9672,通州北关站,116.6555958,39.9174745,2014-12-28,2014-12,,
843,beijing,g00124x00230,beijing_station_5c36fc5f2eaf,物资学院路(地铁站),116.6334722,39.9257271,2014-12-28,2014-12,,
844,beijing,g00128x00202,beijing_station_f76c7e18c0a1,枣营(地铁站),116.4688427,39.9428363,2014-12-28,2014-12,,
845,beijing,g00131x00204,beijing_station_14fe35e9d4f3,东风北桥(地铁站),116.4798528,39.9571098,2014-12-28,2014-12,,
846,beijing,g00134x00205,beijing_station_a4758192e307,将台(地铁站),116.4841613,39.9697729,2014-12-28,2014-12,,
847,beijing,g00137x00203,beijing_station_c4102da03ab0,望京南(地铁站),116.4757956,39.9833921,2014-12-28,2014-12,,
848,beijing,g00139x00201,beijing_station_b626556e8676,阜通(地铁站),116.4654219,39.9905282,2014-12-28,2014-12,,
849,beijing,g00140x00201,beijing_station_478683b43931,望京(地铁站),116.4632788,39.9972082,2014-12-28,2014-12,,
850,beijing,g00141x00179,beijing_station_64a4e6331094,清华东路西口(地铁站),116.3333581,39.9993359,2014-12-28,2014-12,,
851,beijing,g00141x00181,beijing_station_de44f5fe391d,六道口(地铁站),116.3465497,39.9986533,2014-12-28,2014-12,,
852,beijing,g00141x00184,beijing_station_b5d0914df5e3,北沙滩站,116.3620432,40.0001238,2014-12-28,2014-12,,
853,beijing,g00141x00191,beijing_station_55bcf9a38f3f,安立路(地铁站),116.4015903,40.0012117,2014-12-28,2014-12,,
854,beijing,g00141x00194,beijing_station_63ca384ad457,关庄(地铁站),116.4247163,39.9997442,2014-12-28,2014-12,,
855,beijing,g00143x00201,beijing_station_128cdb2d40fa,东湖渠(地铁站),116.4612766,40.0092475,2014-12-28,2014-12,,
856,beijing,g00145x00201,beijing_station_242b48ca04c7,来广营(地铁站),116.460858,40.01911,2014-12-28,2014-12,,
857,beijing,g00147x00203,beijing_station_a96aabcbbe21,善各庄(地铁站),116.4720918,40.0258698,2014-12-28,2014-12,,
858,shanghai,g00130x00161,shanghai_station_f8269e4257f4,华夏中路(地铁站),121.5789037,31.1779834,2014-12-28,2014-12,,
859,shanghai,g00142x00131,shanghai_station_94edab092988,隆德路(地铁站),121.4189368,31.2323542,2014-12-28,2014-12,,
860,shanghai,g00144x00134,shanghai_station_8162b7ff106a,长寿路站,121.4333333,31.2419444,2014-12-28,2014-12,,
861,wuhan,g00141x00140,wuhan_station_366f31b8a061,首义路(地铁站),114.3030869,30.5360373,2014-12-28,2014-12,,
862,wuhan,g00143x00133,wuhan_station_28fdec4096e2,拦江路(地铁站),114.2636024,30.545391,2014-12-28,2014-12,,
863,wuhan,g00145x00130,wuhan_station_819c3aac63ae,汉阳火车站(地铁站),114.2474361,30.5542099,2014-12-28,2014-12,,
864,wuhan,g00146x00126,wuhan_station_219dbd92e91d,七里庙(地铁站),114.225773,30.559158,2014-12-28,2014-12,,
865,wuhan,g00146x00128,wuhan_station_e70b57e36414,五里墩(地铁站),114.2356827,30.5564529,2014-12-28,2014-12,,
866,wuhan,g00147x00123,wuhan_station_006ad1719f3d,十里铺站,114.2134845,30.5619053,2014-12-28,2014-12,,
867,wuhan,g00148x00109,wuhan_station_78e1eacca542,黄金口站,114.13964,30.56637,2014-12-28,2014-12,,
868,wuhan,g00148x00120,wuhan_station_635cccf4800f,玉龙路(地铁站),114.1959069,30.5669518,2014-12-28,2014-12,,
869,wuhan,g00148x00122,wuhan_station_df4406579aa5,王家湾(地铁站),114.2048734,30.5645676,2014-12-28,2014-12,,
870,wuhan,g00149x00115,wuhan_station_b40cb6276287,孟家铺(地铁站),114.1684202,30.5675352,2014-12-28,2014-12,,
871,wuhan,g00149x00118,wuhan_station_8a9ae8c74b1a,永安堂(地铁站),114.1833897,30.5688572,2014-12-28,2014-12,,
872,wuxi,g00115x00157,wuxi_station_ee1a5134c1d0,梅园开原寺(地铁站),120.2149591,31.552878,2014-12-28,2014-12,,
873,wuxi,g00116x00160,wuxi_station_966811289913,荣巷(地铁站),120.2318954,31.5585899,2014-12-28,2014-12,,
874,wuxi,g00116x00162,wuxi_station_66dd20dd37ea,小桃源(地铁站),120.244886,31.5611459,2014-12-28,2014-12,,
875,wuxi,g00117x00165,wuxi_station_c92f95a9c6d9,河埒口(地铁站),120.2562846,31.5639543,2014-12-28,2014-12,,
876,wuxi,g00117x00167,wuxi_station_a12414517028,大王基(地铁站),120.2710864,31.5667359,2014-12-28,2014-12,,
877,wuxi,g00118x00169,wuxi_station_fc1dc7193358,梁溪大桥(地铁站),120.281784,31.5691757,2014-12-28,2014-12,,
878,wuxi,g00119x00170,wuxi_station_fed7c705fde0,五爱广场(地铁站),120.2859609,31.5755407,2014-12-28,2014-12,,
879,wuxi,g00120x00174,wuxi_station_ad1c6f3f86df,东林广场(地铁站),120.3037828,31.580365,2014-12-28,2014-12,,
880,wuxi,g00120x00187,wuxi_station_530ea5260fcc,庄桥(地铁站),120.3743703,31.5798736,2014-12-28,2014-12,,
881,wuxi,g00120x00190,wuxi_station_388b4f997e45,云林(地铁站),120.3903246,31.5812943,2014-12-28,2014-12,,
882,wuxi,g00120x00193,wuxi_station_fec00a747ba7,九里河公园(地铁站),120.4039208,31.5821319,2014-12-28,2014-12,,
883,wuxi,g00120x00197,wuxi_station_2a7f0e74d75a,查桥(地铁站),120.4267119,31.5828958,2014-12-28,2014-12,,
884,wuxi,g00121x00176,wuxi_station_89654f61b4e2,上马墩(地铁站),120.3161373,31.584229,2014-12-28,2014-12,,
885,wuxi,g00121x00178,wuxi_station_596d1a0eb1da,靖海(地铁站),120.3254836,31.5851651,2014-12-28,2014-12,,
886,wuxi,g00121x00184,wuxi_station_035503d80253,东亭(地铁站),120.3589741,31.5839208,2014-12-28,2014-12,,
887,wuxi,g00122x00180,wuxi_station_689b3a28823c,广益(地铁站),120.336685,31.5883898,2014-12-28,2014-12,,
888,wuxi,g00122x00182,wuxi_station_c7012a2f0ce6,柏庄(地铁站),120.346402,31.5878034,2014-12-28,2014-12,,
889,chongqing,g00291x00255,chongqing_station_c1ca8b785196,鱼洞(地铁站),106.5020762,29.3786836,2014-12-30,2014-12,,
890,chongqing,g00293x00254,chongqing_station_6184c052d222,大江(地铁站),106.4972464,29.3869354,2014-12-30,2014-12,,
891,chongqing,g00300x00253,chongqing_station_a33248812b1d,白居寺(地铁站),106.4890572,29.4190402,2014-12-30,2014-12,,
892,chongqing,g00302x00251,chongqing_station_29b5b9c1683b,刘家坝(地铁站),106.4788428,29.4302484,2014-12-30,2014-12,,
893,chongqing,g00305x00249,chongqing_station_dd5776539b53,金家湾(地铁站),106.471613,29.4404917,2014-12-30,2014-12,,
894,chongqing,g00307x00249,chongqing_station_6cd0dfb50437,建桥(地铁站),106.4708111,29.4526255,2014-12-30,2014-12,,
895,chongqing,g00311x00248,chongqing_station_c088091f6678,天堂堡(地铁站),106.4683936,29.4695008,2014-12-30,2014-12,,
896,chongqing,g00316x00281,chongqing_station_69bf08b1c4ce,茶园(地铁站),106.6391426,29.4904449,2014-12-30,2014-12,,
897,chongqing,g00318x00283,chongqing_station_296b29b52d3a,邱家湾(地铁站),106.6458372,29.5007853,2014-12-30,2014-12,,
898,chongqing,g00321x00284,chongqing_station_744182496c3d,长生桥(地铁站),106.6542532,29.5137737,2014-12-30,2014-12,,
899,chongqing,g00324x00284,chongqing_station_200f4b1c5847,刘家坪(地铁站),106.6519426,29.5275653,2014-12-30,2014-12,,
900,chongqing,g00334x00268,chongqing_station_3a049bc15518,大剧院(地铁站),106.5732554,29.5724677,2014-12-30,2014-12,,
901,chongqing,g00342x00213,chongqing_station_5faf5ca453f7,尖顶坡(地铁站),106.2891536,29.6099913,2014-12-30,2014-12,,
902,guangzhou,g00142x00098,guangzhou_station_8f931945e772,南风站,113.3432778,23.1082389,2014-12-31,2014-12,,
903,guangzhou,g00142x00099,guangzhou_station_cb653c7eec1b,会展西站,113.3507361,23.1072167,2014-12-31,2014-12,,
904,guangzhou,g00142x00101,guangzhou_station_cbf562e97a94,会展中站,113.3571222,23.1068833,2014-12-31,2014-12,,
905,guangzhou,g00142x00102,guangzhou_station_0b2770112cf9,会展东站,113.3633444,23.1068333,2014-12-31,2014-12,,
906,guangzhou,g00143x00079,guangzhou_station_94a536fc614b,一德路(地铁站),113.2522332,23.1155221,2015-01-28,2015-01,,
907,hangzhou,g00241x00389,hangzhou_station_f13bd144db1f,城星路(地铁站),120.2024104,30.2420664,2015-02-02,2015-02,,
908,hangzhou,g00242x00390,hangzhou_station_42ebf2e1c40c,市民中心(地铁站),120.2066791,30.2472379,2015-02-02,2015-02,,
909,hangzhou,g00243x00391,hangzhou_station_fe1609f1bc1d,江锦路(地铁站),120.2110434,30.252161,2015-02-02,2015-02,,
910,hangzhou,g00247x00389,hangzhou_station_4f3da9cc6ecd,景芳站,120.2031,30.2687,2015-02-02,2015-02,,
911,hangzhou,g00251x00389,hangzhou_station_f21e5488d83e,新风站,120.2033,30.2894,2015-02-02,2015-02,,
912,chongqing,g00356x00255,chongqing_station_dee3ab273313,欢乐谷站,106.50467,29.67158,2015-02-28,2015-02,,
913,chongqing,g00358x00259,chongqing_station_9303e187d85a,黄茅坪(地铁站),106.5277174,29.6789831,2015-02-28,2015-02,,
914,nanjing,g00163x00107,nanjing_station_3b2f3205ffec,秣周东路(地铁站),118.8259243,31.8710702,2015-04-01,2015-04,,
915,nanjing,g00169x00107,nanjing_station_d7730ca634ed,东大九龙湖校区(地铁站),118.8253486,31.8981348,2015-04-01,2015-04,,
916,nanjing,g00172x00107,nanjing_station_28b9edcc9c3a,诚信大道(地铁站),118.8266171,31.911359,2015-04-01,2015-04,,
917,nanjing,g00173x00105,nanjing_station_04724e2955e3,九龙湖(地铁站),118.8161403,31.9180239,2015-04-01,2015-04,,
918,nanjing,g00176x00103,nanjing_station_d2a2271a9ea2,天元西路站,118.80356,31.92959,2015-04-01,2015-04,,
919,nanjing,g00180x00102,nanjing_station_250333ca7e6b,胜太西路(地铁站),118.8022805,31.9458382,2015-04-01,2015-04,,
920,nanjing,g00183x00102,nanjing_station_318373b384dc,宏运大道(地铁站),118.7989057,31.961083,2015-04-01,2015-04,,
921,nanjing,g00187x00101,nanjing_station_c35492aa6116,明发广场(地铁站),118.7953425,31.9791123,2015-04-01,2015-04,,
922,nanjing,g00189x00101,nanjing_station_4618ff950122,大明路站,118.79489,31.9881,2015-04-01,2015-04,,
923,nanjing,g00191x00100,nanjing_station_c981c7b3368b,卡子门(地铁站),118.7917014,31.9968788,2015-04-01,2015-04,,
924,nanjing,g00195x00100,nanjing_station_6be9ca59f977,武定门(地铁站),118.7894489,32.0158088,2015-04-01,2015-04,,
925,nanjing,g00197x00099,nanjing_station_fc42fd81bbbf,夫子庙(地铁站),118.7858823,32.025626,2015-04-01,2015-04,,
926,nanjing,g00199x00099,nanjing_station_59d7771eb89d,常府街站,118.78707,32.03561,2015-04-01,2015-04,,
927,nanjing,g00209x00102,nanjing_station_bda1949fc4ef,南京林业大学·新庄(地铁站),118.8052753,32.0785646,2015-04-01,2015-04,,
928,nanjing,g00213x00098,nanjing_station_c35c1b5f9f2b,小市(地铁站),118.7805328,32.0970657,2015-04-01,2015-04,,
929,nanjing,g00216x00096,nanjing_station_db12098d2279,五塘广场(地铁站),118.7724724,32.112562,2015-04-01,2015-04,,
930,nanjing,g00222x00091,nanjing_station_c85594246351,柳洲东路站,118.746237,32.139965,2015-04-01,2015-04,,
931,nanjing,g00225x00088,nanjing_station_5cc4b5cddade,天润城(地铁站),118.7288501,32.1529149,2015-04-01,2015-04,,
932,nanjing,g00226x00083,nanjing_station_9f63962887da,东大成贤学院(地铁站),118.7026922,32.1583552,2015-04-01,2015-04,,
933,nanjing,g00227x00081,nanjing_station_f6d68882eaad,星火路(地铁站),118.6914019,32.1593801,2015-04-01,2015-04,,
934,nanjing,g00228x00076,nanjing_station_ad8a1df724ee,林场(地铁站),118.6662124,32.1657176,2015-04-01,2015-04,,
935,dalian,g00059x00107,dalian_station_4b597357650e,西安路(地铁站),121.5823759,38.9086185,2015-05-22,2015-05,,
936,dalian,g00059x00111,dalian_station_bacc8eafa94e,人民广场(地铁站),121.6053985,38.9099044,2015-05-22,2015-05,,
937,dalian,g00060x00105,dalian_station_f2a0429892de,交通大学(地铁站),121.5668062,38.912106,2015-05-22,2015-05,,
938,dalian,g00060x00109,dalian_station_13e69688087e,联合路(地铁站),121.5914723,38.91328,2015-05-22,2015-05,,
939,dalian,g00060x00113,dalian_station_df38fb807561,一二九街(地铁站),121.6176581,38.9122305,2015-05-22,2015-05,,
940,dalian,g00061x00103,dalian_station_12cabdc6fe97,辽师大(地铁站),121.5590983,38.915222,2015-05-22,2015-05,,
941,dalian,g00061x00115,dalian_station_9f4274043590,青泥洼桥(地铁站),121.6261255,38.9157307,2015-05-22,2015-05,,
942,dalian,g00061x00116,dalian_station_49e5898fa794,友好广场(地铁站),121.6326624,38.9188198,2015-05-22,2015-05,,
943,dalian,g00062x00117,dalian_station_18ed41f9c2aa,中山广场(地铁站),121.6389136,38.920734,2015-05-22,2015-05,,
944,dalian,g00062x00123,dalian_station_6a905f535745,会议中心(地铁站),121.6704277,38.9236006,2015-05-22,2015-05,,
945,dalian,g00063x00098,dalian_station_e54f1db60c83,红旗西路(地铁站),121.5283911,38.9268923,2015-05-22,2015-05,,
946,dalian,g00063x00099,dalian_station_6a1715e86e22,湾家(地铁站),121.536838,38.9237036,2015-05-22,2015-05,,
947,dalian,g00069x00100,dalian_station_a8c46ab92ad5,虹港路(地铁站),121.5380382,38.9549286,2015-05-22,2015-05,,
948,dalian,g00071x00099,dalian_station_e39b7498beac,机场(地铁站),121.5354374,38.960873,2015-05-22,2015-05,,
949,hangzhou,g00249x00389,hangzhou_station_82736d71f6b6,新塘站,120.2027,30.2785,2015-06-28,2015-06,,
950,chengdu,g00110x00230,chengdu_station_185ba3fa4f9f,广都(地铁站),104.0731961,30.5132155,2015-07-25,2015-07,,
951,chengdu,g00111x00229,chengdu_station_8210c0053790,四河(地铁站),104.0676163,30.5186012,2015-07-25,2015-07,,
952,chengdu,g00113x00229,chengdu_station_5f9189ca449e,华府大道(地铁站),104.0673274,30.5282116,2015-07-25,2015-07,,
953,chengdu,g00116x00229,chengdu_station_a0a86d16f90d,天府五街(地铁站),104.0670014,30.5395694,2015-07-25,2015-07,,
954,chengdu,g00118x00229,chengdu_station_a5f69868fbd6,天府三街(地铁站),104.0666955,30.5486628,2015-07-25,2015-07,,
955,ningbo,g00251x00138,ningbo_station_da7390d98566,栎社(地铁站),121.4791244,29.8118881,2015-09-26,2015-09,,
956,ningbo,g00253x00134,ningbo_station_5bc66e4128a3,栎社国际机场(地铁站),121.4567914,29.8202015,2015-09-26,2015-09,,
957,ningbo,g00258x00144,ningbo_station_a75eb5720d11,藕池(地铁站),121.5084971,29.8440133,2015-09-26,2015-09,,
958,ningbo,g00260x00144,ningbo_station_034579e8acfc,客运中心(地铁站),121.508113,29.8532095,2015-09-26,2015-09,,
959,ningbo,g00262x00146,ningbo_station_845b4ef56609,云霞路(地铁站),121.5221379,29.8610687,2015-09-26,2015-09,,
960,ningbo,g00264x00151,ningbo_station_b82a3f657d43,城隍庙(地铁站),121.5446171,29.8697046,2015-09-26,2015-09,,
961,ningbo,g00271x00154,ningbo_station_7eb3d26fc2bc,倪家堰(地铁站),121.5625946,29.9008491,2015-09-26,2015-09,,
962,ningbo,g00272x00156,ningbo_station_73b47ceef776,压赛堰(地铁站),121.5713817,29.9060633,2015-09-26,2015-09,,
963,ningbo,g00274x00167,ningbo_station_1ee45151ee9a,宁波大学(地铁站),121.6303104,29.9141979,2015-09-26,2015-09,,
964,ningbo,g00276x00173,ningbo_station_e06dc5983415,清水浦(地铁站),121.6567658,29.9243244,2015-09-26,2015-09,,
965,nanjing,g00218x00095,nanjing_station_5eacb7378096,上元门(地铁站),118.7646975,32.1175243,2015-10-18,2015-10,,
966,chongqing,g00363x00258,chongqing_station_2e2257f81344,高义口(地铁站),106.5241237,29.7055312,2015-10-26,2015-10,,
967,chongqing,g00367x00252,chongqing_station_e59312b46a87,曹家湾(地铁站),106.49044,29.7236709,2015-10-26,2015-10,,
968,dalian,g00057x00107,dalian_station_060b44fdb9dc,富国街(地铁站),121.5797577,38.8980263,2015-10-30,2015-10,,
969,dalian,g00061x00108,dalian_station_aa130026cbd1,兴工街(地铁站),121.583688,38.9160826,2015-10-30,2015-10,,
970,dalian,g00062x00108,dalian_station_3fab3b113b63,中长街(地铁站),121.5870654,38.9230945,2015-10-30,2015-10,,
971,dalian,g00064x00108,dalian_station_7c3ac2134859,香工街(地铁站),121.5838295,38.9303282,2015-10-30,2015-10,,
972,dalian,g00065x00106,dalian_station_536f4ce47fa4,春柳(地铁站),121.5774282,38.9352089,2015-10-30,2015-10,,
973,dalian,g00069x00106,dalian_station_e60ff2e4026f,东纬路(地铁站),121.5751754,38.955496,2015-10-30,2015-10,,
974,dalian,g00075x00107,dalian_station_6a34ae57b912,千山路(地铁站),121.5767457,38.9783133,2015-10-30,2015-10,,
975,dalian,g00077x00107,dalian_station_1f33e242c201,华南广场(地铁站),121.5814301,38.9887746,2015-10-30,2015-10,,
976,dalian,g00081x00109,dalian_station_ed3fe09a1b11,华北路(地铁站),121.5890519,39.0076384,2015-10-30,2015-10,,
977,dalian,g00084x00113,dalian_station_d45743618413,姚家(地铁站),121.6143909,39.0224894,2015-10-30,2015-10,,
978,hangzhou,g00250x00423,hangzhou_station_a058fcede73c,下沙江滨(地铁站),120.3771314,30.2890414,2015-11-24,2015-11,,
979,hangzhou,g00254x00423,hangzhou_station_c1b8d36fc9b0,云水(地铁站),120.377192,30.3051645,2015-11-24,2015-11,,
980,hangzhou,g00256x00422,hangzhou_station_caaf702f9aae,文海南路(地铁站),120.3704598,30.31326,2015-11-24,2015-11,,
981,qingdao,g00161x00185,qingdao_station_ba05abc95636,双山(地铁站),120.3920854,36.1140912,2015-12-16,2015-12,,
982,qingdao,g00162x00186,qingdao_station_63fbb01ecead,长沙路(地铁站),120.3976313,36.1202682,2015-12-16,2015-12,,
983,qingdao,g00166x00190,qingdao_station_c98f3c94732f,海尔路(地铁站),120.4180932,36.1368199,2015-12-16,2015-12,,
984,qingdao,g00168x00190,qingdao_station_3f6111602526,万年泉路(地铁站),120.4225281,36.1480388,2015-12-16,2015-12,,
985,qingdao,g00171x00190,qingdao_station_fd302ff49f95,李村(地铁站),120.4203168,36.1591777,2015-12-16,2015-12,,
986,qingdao,g00172x00188,qingdao_station_5a112cd3c8c7,君峰路(地铁站),120.4096499,36.1642891,2015-12-16,2015-12,,
987,qingdao,g00174x00184,qingdao_station_f35879fca11a,永平路(地铁站),120.3879625,36.1718938,2015-12-16,2015-12,,
988,shanghai,g00119x00167,shanghai_station_9c13486ea1d5,康新公路(地铁站),121.6130009,31.1326857,2015-12-19,2015-12,,
989,shanghai,g00120x00119,shanghai_station_15cec1e7af57,七莘路站,121.3584,31.1338,2015-12-19,2015-12,,
990,shanghai,g00121x00164,shanghai_station_b243a7530326,秀沿路(地铁站),121.5941964,31.1403767,2015-12-19,2015-12,,
991,shanghai,g00122x00122,shanghai_station_9755887d4720,虹莘路(地铁站),121.3757173,31.1393438,2015-12-19,2015-12,,
992,shanghai,g00122x00124,shanghai_station_10b16db45e91,顾戴路(地铁站),121.387209,31.1427702,2015-12-19,2015-12,,
993,shanghai,g00126x00124,shanghai_station_20ffe5a49c3a,东兰路(地铁站),121.3872767,31.1577003,2015-12-19,2015-12,,
994,shanghai,g00127x00125,shanghai_station_7c5d181f00b1,虹梅路(地铁站),121.3926053,31.1622202,2015-12-19,2015-12,,
995,shanghai,g00127x00128,shanghai_station_dcf56cb301f2,虹漕路(地铁站),121.4059092,31.1659022,2015-12-19,2015-12,,
996,shanghai,g00128x00132,shanghai_station_effd28fe239c,漕宝路(地铁站),121.4285225,31.1702306,2015-12-19,2015-12,,
997,shanghai,g00129x00134,shanghai_station_8d27fed43c45,龙漕路站,121.439,31.1714,2015-12-19,2015-12,,
998,shanghai,g00129x00136,shanghai_station_3b410ca725a7,龙华(地铁站),121.448379,31.1745914,2015-12-19,2015-12,,
999,shanghai,g00132x00137,shanghai_station_1969cc05ddc7,龙华中路(地铁站),121.4524949,31.1863016,2015-12-19,2015-12,,
1000,shanghai,g00134x00138,shanghai_station_6bb21ae7ae6d,大木桥路站,121.459,31.1958,2015-12-19,2015-12,,
1001,shanghai,g00136x00138,shanghai_station_28a28a2978e7,嘉善路站,121.45636,31.20461,2015-12-19,2015-12,,
1002,shanghai,g00139x00137,shanghai_station_4947bfc9ed73,陕西南路(地铁站),121.4541768,31.2170614,2015-12-19,2015-12,,
1003,shanghai,g00139x00141,shanghai_station_b04237ee7247,一大会址·新天地(地铁站),121.470665,31.2183199,2015-12-19,2015-12,,
1004,shanghai,g00140x00138,shanghai_station_6e5ed9207cac,淮海中路(地铁站),121.4598116,31.2219787,2015-12-19,2015-12,,
1005,shanghai,g00142x00138,shanghai_station_d47d769f4bc2,南京西路(地铁站),121.455406,31.2317604,2015-12-19,2015-12,,
1006,shanghai,g00143x00138,shanghai_station_7def3c6b2755,自然博物馆(地铁站),121.4578073,31.2383611,2015-12-19,2015-12,,
1007,shanghai,g00145x00135,shanghai_station_88e16b2bd299,江宁路站,121.44,31.2461111,2015-12-19,2015-12,,
1008,shanghai,g00145x00137,shanghai_station_e60b5845e776,汉中路(地铁站),121.4541294,31.2437819,2015-12-19,2015-12,,
1009,beijing,g00111x00191,beijing_station_8fe147339587,景泰(地铁站),116.4047903,39.8638496,2015-12-26,2015-12,,
1010,beijing,g00111x00196,beijing_station_9cf18494d947,方庄站,116.4339348,39.8646354,2015-12-26,2015-12,,
1011,beijing,g00113x00202,beijing_station_106659be1dc1,北工大西门(地铁站),116.4711946,39.8740077,2015-12-26,2015-12,,
1012,beijing,g00131x00188,beijing_station_b780f3b69011,安德里北街(地铁站),116.3888958,39.9558222,2015-12-26,2015-12,,
1013,beijing,g00190x00161,beijing_station_229e3775f1e5,昌平(地铁站),116.2275101,40.2193064,2015-12-26,2015-12,,
1014,beijing,g00190x00166,beijing_station_710c3ca8378f,昌平东关(地铁站),116.25599,40.2204869,2015-12-26,2015-12,,
1015,beijing,g00190x00169,beijing_station_636a1b7d4e35,北邵洼(地铁站),116.2758661,40.2207504,2015-12-26,2015-12,,
1016,beijing,g00194x00157,beijing_station_b0127179be45,十三陵景区(地铁站),116.2015112,40.2389407,2015-12-26,2015-12,,
1017,beijing,g00195x00155,beijing_station_e75653d2ecc7,昌平西山口(地铁站),116.1892134,40.243336,2015-12-26,2015-12,,
1018,chengdu,g00139x00238,chengdu_station_19637611ee08,万年场(地铁站),104.1166527,30.646644,2015-12-26,2015-12,,
1019,chengdu,g00143x00232,chengdu_station_b21d3056427d,市二医院站,104.08163,30.66297,2015-12-26,2015-12,,
1020,chengdu,g00144x00225,chengdu_station_b06543a7c883,宽窄巷子站,104.04796,30.66778,2015-12-26,2015-12,,
1021,chengdu,g00144x00230,chengdu_station_4881fb85830b,太升南路站,104.07397,30.66724,2015-12-26,2015-12,,
1022,chengdu,g00145x00205,chengdu_station_949cf24be991,蔡桥(地铁站),103.942958,30.6721981,2015-12-26,2015-12,,
1023,chengdu,g00145x00219,chengdu_station_b0ab6119267d,西南财大站,104.01802,30.67288,2015-12-26,2015-12,,
1024,chengdu,g00145x00221,chengdu_station_ce9ccc8c6824,草堂北路站,104.02599,30.67154,2015-12-26,2015-12,,
1025,chengdu,g00146x00201,chengdu_station_b9f04d72cd36,非遗博览园(地铁站),103.9203886,30.67684,2015-12-26,2015-12,,
1026,chengdu,g00146x00209,chengdu_station_f8c9227ee116,中坝站,103.96187,30.676,2015-12-26,2015-12,,
1027,chengdu,g00146x00216,chengdu_station_39770ac6b00f,清江西路站,103.998,30.6775,2015-12-26,2015-12,,
1028,nanchang,g00132x00138,nanchang_station_ccbf6d9b339b,瑶湖西(地铁站),116.0332416,28.675187,2015-12-26,2015-12,,
1029,nanchang,g00133x00107,nanchang_station_8491527da7c5,滕王阁(地铁站),115.872925,28.6766616,2015-12-26,2015-12,,
1030,nanchang,g00133x00109,nanchang_station_c41dbc3f7fb0,万寿宫(地铁站),115.8810309,28.6784522,2015-12-26,2015-12,,
1031,nanchang,g00133x00110,nanchang_station_44d38ccd34c4,八一馆(地铁站),115.8866769,28.6790279,2015-12-26,2015-12,,
1032,nanchang,g00133x00112,nanchang_station_261285d188c4,八一广场(地铁站),115.8978265,28.6785115,2015-12-26,2015-12,,
1033,nanchang,g00133x00114,nanchang_station_4f181f213398,丁公路北(地铁站),115.908495,28.6773022,2015-12-26,2015-12,,
1034,nanchang,g00133x00116,nanchang_station_9d9544cbe5c8,师大南路(地铁站),115.9193615,28.6773949,2015-12-26,2015-12,,
1035,nanchang,g00133x00118,nanchang_station_3c812ee65ad3,彭家桥(地铁站),115.928569,28.6775766,2015-12-26,2015-12,,
1036,nanchang,g00133x00119,nanchang_station_44dba25c4a3e,谢家村(地铁站),115.9358364,28.6775973,2015-12-26,2015-12,,
1037,nanchang,g00133x00121,nanchang_station_520f56c9ac77,青山湖大道(地铁站),115.9439628,28.677686,2015-12-26,2015-12,,
1038,nanchang,g00133x00123,nanchang_station_ee4d0dab8456,高新大道(地铁站),115.9554879,28.6777213,2015-12-26,2015-12,,
1039,nanchang,g00133x00126,nanchang_station_1c50f2573fb2,艾溪湖西(地铁站),115.9687549,28.6776868,2015-12-26,2015-12,,
1040,nanchang,g00133x00130,nanchang_station_4357ed05a929,艾溪湖东(地铁站),115.9885023,28.677902,2015-12-26,2015-12,,
1041,nanchang,g00133x00133,nanchang_station_66fe1188677e,太子殿(地铁站),116.0061615,28.6781623,2015-12-26,2015-12,,
1042,nanchang,g00133x00136,nanchang_station_d098b67abe22,奥体中心(地铁站),116.019653,28.6775944,2015-12-26,2015-12,,
1043,nanchang,g00134x00104,nanchang_station_18f1b33adc43,秋水广场(地铁站),115.8550765,28.6844289,2015-12-26,2015-12,,
1044,nanchang,g00135x00102,nanchang_station_296ab6c1096c,地铁大厦(地铁站),115.8474724,28.6873961,2015-12-26,2015-12,,
1045,nanchang,g00137x00102,nanchang_station_9a9bbd72daf0,卫东(地铁站),115.8440629,28.6941663,2015-12-26,2015-12,,
1046,nanchang,g00138x00103,nanchang_station_75a92d3c1668,绿茵路(地铁站),115.8531541,28.700908,2015-12-26,2015-12,,
1047,nanchang,g00139x00105,nanchang_station_dd3c3a0a5929,庐山南大道(地铁站),115.8607886,28.7047397,2015-12-26,2015-12,,
1048,nanchang,g00140x00107,nanchang_station_ee586397680c,珠江路(地铁站),115.8710444,28.7108621,2015-12-26,2015-12,,
1049,nanchang,g00142x00108,nanchang_station_603220478efb,长江路(地铁站),115.8747553,28.7208164,2015-12-26,2015-12,,
1050,nanchang,g00146x00103,nanchang_station_f5fb110aea10,孔目湖(地铁站),115.8530561,28.7361766,2015-12-26,2015-12,,
1051,nanchang,g00148x00104,nanchang_station_f889582e6b1b,双港(地铁站),115.8562411,28.7464226,2015-12-26,2015-12,,
1052,changsha,g00097x00212,changsha_station_fe9826d71897,梅溪湖西(地铁站),112.8764835,28.189436,2015-12-28,2015-12,,
1053,changsha,g00098x00214,changsha_station_990a6210c835,麓云路(地铁站),112.886764,28.1942645,2015-12-28,2015-12,,
1054,changsha,g00099x00216,changsha_station_dc6c61078875,文化艺术中心(地铁站),112.8950712,28.2002277,2015-12-28,2015-12,,
1055,changsha,g00100x00218,changsha_station_e3cc7b12de98,梅溪湖东(地铁站),112.9027784,28.2052109,2015-12-28,2015-12,,
1056,guangzhou,g00134x00076,guangzhou_station_533cab902b66,鹤洞(地铁站),113.2348318,23.0751973,2015-12-28,2015-12,,
1057,guangzhou,g00135x00082,guangzhou_station_9dc7c109db71,燕岗(地铁站),113.2666559,23.0778358,2015-12-28,2015-12,,
1058,guangzhou,g00137x00077,guangzhou_station_03f128120435,沙涌(地铁站),113.2414342,23.0857965,2015-12-28,2015-12,,
1059,wuhan,g00132x00111,wuhan_station_631e0df86c20,沌阳大道站,114.1520701,30.4922405,2015-12-28,2015-12,,
1060,wuhan,g00135x00114,wuhan_station_c5b4b1d7c814,体育中心(地铁站),114.1654057,30.508437,2015-12-28,2015-12,,
1061,wuhan,g00138x00116,wuhan_station_3363b177d68f,三角湖(地铁站),114.174135,30.5189182,2015-12-28,2015-12,,
1062,wuhan,g00140x00117,wuhan_station_945356847d34,汉阳客运站(地铁站),114.1835314,30.5302317,2015-12-28,2015-12,,
1063,wuhan,g00142x00119,wuhan_station_63406e431c7e,四新大道站,114.1890539,30.5370673,2015-12-28,2015-12,,
1064,wuhan,g00144x00120,wuhan_station_27a844ec7c11,陶家岭(地铁站),114.1963576,30.5480311,2015-12-28,2015-12,,
1065,wuhan,g00146x00121,wuhan_station_f118ff18f48a,龙阳村(地铁站),114.2008459,30.5553233,2015-12-28,2015-12,,
1066,wuhan,g00152x00125,wuhan_station_de36ba4d44ff,宗关(地铁站),114.219528,30.5827625,2015-12-28,2015-12,,
1067,wuhan,g00153x00126,wuhan_station_5576bc368359,双墩站,114.2266958,30.5890241,2015-12-28,2015-12,,
1068,wuhan,g00157x00130,wuhan_station_9a001aa660ad,云飞路(地铁站),114.2467261,30.607622,2015-12-28,2015-12,,
1069,wuhan,g00157x00134,wuhan_station_76f0adb3b1d0,菱角湖(地铁站),114.2703729,30.6065669,2015-12-28,2015-12,,
1070,wuhan,g00158x00132,wuhan_station_96716d9089f3,范湖(地铁站),114.255703,30.6101557,2015-12-28,2015-12,,
1071,wuhan,g00159x00138,wuhan_station_7356e925d68a,惠济二路(地铁站),114.2860334,30.6153606,2015-12-28,2015-12,,
1072,wuhan,g00161x00140,wuhan_station_e915777ffa5e,罗家庄(地铁站),114.2985305,30.6260277,2015-12-28,2015-12,,
1073,wuhan,g00162x00141,wuhan_station_be173fff7ba0,二七小路站,114.302374,30.6311168,2015-12-28,2015-12,,
1074,wuhan,g00165x00140,wuhan_station_777ca7d20111,兴业路站,114.2981674,30.6455515,2015-12-28,2015-12,,
1075,wuhan,g00169x00139,wuhan_station_5edecbb51275,市民之家(地铁站),114.2913663,30.663692,2015-12-28,2015-12,,
1076,chongqing,g00335x00267,chongqing_station_daaba04c179c,江北城(地铁站),106.5683738,29.5787015,2016-01-28,2016-01,,
1077,ningbo,g00257x00178,ningbo_station_dc61eac70bc0,五乡(地铁站),121.6859426,29.8410032,2016-03-19,2016-03,,
1078,ningbo,g00257x00186,ningbo_station_65012870a212,宝幢(地铁站),121.7293178,29.8417993,2016-03-19,2016-03,,
1079,ningbo,g00269x00198,ningbo_station_a547ae4c0977,大碶(地铁站),121.7904623,29.8957813,2016-03-19,2016-03,,
1080,ningbo,g00269x00205,ningbo_station_c76c1d78ea2a,中河路(地铁站),121.8254793,29.8962655,2016-03-19,2016-03,,
1081,ningbo,g00272x00201,ningbo_station_cd1545eb4f55,松花江路(地铁站),121.8042709,29.9069041,2016-03-19,2016-03,,
1082,shanghai,g00122x00177,shanghai_station_d71cc4770cc4,迪士尼站,121.663737,31.143429,2016-04-26,2016-04,,
1083,hangzhou,g00241x00396,hangzhou_station_15a85709f4a2,钱江世纪城(地铁站),120.2399994,30.2428343,2016-04-28,2016-04,,
1084,fuzhou,g00220x00218,fuzhou_station_4b1ecb676c2e,胪雷(地铁站),119.3751566,25.9874073,2016-05-18,2016-05,,
1085,fuzhou,g00220x00220,fuzhou_station_f2c907bc418e,福州火车南站(地铁站),119.3869426,25.9892686,2016-05-18,2016-05,,
1086,fuzhou,g00221x00215,fuzhou_station_f61f079d1a69,三角埕(地铁站),119.3633877,25.9937166,2016-05-18,2016-05,,
1087,fuzhou,g00223x00214,fuzhou_station_dea04626eec4,城门(地铁站),119.355312,25.9990936,2016-05-18,2016-05,,
1088,fuzhou,g00224x00212,fuzhou_station_0731f58d389a,排下(地铁站),119.3491091,26.0045522,2016-05-18,2016-05,,
1089,fuzhou,g00226x00211,fuzhou_station_50688424ca1e,黄山(地铁站),119.3438972,26.0131399,2016-05-18,2016-05,,
1090,fuzhou,g00227x00210,fuzhou_station_88363cb5cbf1,葫芦阵(地铁站),119.3386659,26.0200939,2016-05-18,2016-05,,
1091,fuzhou,g00229x00208,fuzhou_station_e459819dda7b,白湖亭(地铁站),119.3303947,26.0289153,2016-05-18,2016-05,,
1092,fuzhou,g00231x00207,fuzhou_station_143824413b48,三叉街(地铁站),119.3218415,26.0378067,2016-05-18,2016-05,,
1093,dongguan,g00105x00070,dongguan_station_c82f653730c5,东城(地铁站),113.7712407,23.0353891,2016-05-27,2016-05,,
1094,dongguan,g00108x00071,dongguan_station_09a36aecb05b,天宝(地铁站),113.7735166,23.0500471,2016-05-27,2016-05,,
1095,dongguan,g00111x00073,dongguan_station_e31e47a1c681,下桥(地铁站),113.7831598,23.0655517,2016-05-27,2016-05,,
1096,dongguan,g00117x00087,dongguan_station_898252d7b48b,东莞火车站(地铁站),113.8552202,23.0914687,2016-05-27,2016-05,,
1097,changsha,g00070x00235,changsha_station_e4434f02a3fd,尚双塘(地铁站),112.9866656,28.0652631,2016-06-28,2016-06,,
1098,changsha,g00072x00234,changsha_station_2a4f7a77f30c,中信广场站,112.98398,28.07668,2016-06-28,2016-06,,
1099,changsha,g00074x00234,changsha_station_52b134b67147,大托(地铁站),112.9835963,28.0859299,2016-06-28,2016-06,,
1100,changsha,g00078x00234,changsha_station_eb25991d00c1,桂花坪(地铁站),112.9827381,28.1026094,2016-06-28,2016-06,,
1101,changsha,g00083x00233,changsha_station_58155d1529a3,友谊路站 (长沙),112.98147,28.1279,2016-06-28,2016-06,,
1102,changsha,g00090x00233,changsha_station_08e93b504d1a,涂家冲(地铁站),112.9792017,28.1565598,2016-06-28,2016-06,,
1103,changsha,g00091x00233,changsha_station_87ff263f9d33,黄土岭(地铁站),112.9799175,28.1639272,2016-06-28,2016-06,,
1104,changsha,g00093x00233,changsha_station_39dec509297b,南湖路(地铁站),112.9800077,28.1694612,2016-06-28,2016-06,,
1105,changsha,g00094x00232,changsha_station_3ae3d5eeb60d,侯家塘(地铁站),112.9765625,28.1771748,2016-06-28,2016-06,,
1106,changsha,g00096x00231,changsha_station_d14c3bed3434,南门口站 (长沙),112.97057,28.18669,2016-06-28,2016-06,,
1107,changsha,g00101x00231,changsha_station_1d08d77b8ddc,培元桥站,112.971,28.20953,2016-06-28,2016-06,,
1108,changsha,g00103x00231,changsha_station_62e21c87622e,文昌阁站,112.9728,28.2169,2016-06-28,2016-06,,
1109,changsha,g00108x00232,changsha_station_e411a411f915,北辰三角洲(地铁站),112.9779903,28.2396289,2016-06-28,2016-06,,
1110,changsha,g00112x00233,changsha_station_65d93ac7d47d,马厂(地铁站),112.9831014,28.2546345,2016-06-28,2016-06,,
1111,changsha,g00114x00232,changsha_station_0657c38512c9,开福区政府(地铁站),112.9798186,28.2654439,2016-06-28,2016-06,,
1112,nanning,g00149x00240,nanning_station_19c8878e4b8b,会展中心(地铁站),108.3796379,22.8155343,2016-06-28,2016-06,,
1113,nanning,g00149x00242,nanning_station_051a3ae41178,万象城(地铁站),108.3879268,22.8157053,2016-06-28,2016-06,,
1114,nanning,g00149x00243,nanning_station_225d75a94907,东盟商务区(地铁站),108.3949509,22.8157682,2016-06-28,2016-06,,
1115,nanning,g00149x00246,nanning_station_229384dc3d6b,凤岭(地铁站),108.4062504,22.8157825,2016-06-28,2016-06,,
1116,nanning,g00150x00236,nanning_station_f7f997e435c4,南湖(地铁站),108.3590006,22.8163632,2016-06-28,2016-06,,
1117,nanning,g00150x00249,nanning_station_6f3140131187,百花岭(地铁站),108.4238646,22.820784,2016-06-28,2016-06,,
1118,nanning,g00153x00249,nanning_station_ef5f0c3be082,佛子岭(地铁站),108.4206942,22.8345756,2016-06-28,2016-06,,
1119,nanning,g00155x00247,nanning_station_f8b8b4bff912,火车东站(地铁站),108.4099959,22.8423325,2016-06-28,2016-06,,
1120,shenzhen,g00181x00064,shenzhen_station_928471c40101,宝安(地铁站),113.8755046,22.5576328,2016-06-28,2016-06,,
1121,shenzhen,g00197x00050,shenzhen_station_4c64a18770de,机场(地铁站),113.8086063,22.6269521,2016-06-28,2016-06,,
1122,shenzhen,g00211x00050,shenzhen_station_68d8db03e6e4,桥头(地铁站),113.8059333,22.691041,2016-06-28,2016-06,,
1123,shenzhen,g00214x00052,shenzhen_station_1cbebb39afc1,塘尾(地铁站),113.8128273,22.704992,2016-06-28,2016-06,,
1124,shenzhen,g00218x00052,shenzhen_station_42ad1190e5be,马安山(地铁站),113.811951,22.7199093,2016-06-28,2016-06,,
1125,chengdu,g00137x00225,chengdu_station_245bd41c1bba,衣冠庙(地铁站),104.0496675,30.6369409,2016-07-31,2016-07,,
1126,chengdu,g00138x00230,chengdu_station_bbf095a8214c,磨子桥站,104.07337,30.63996,2016-07-31,2016-07,,
1127,chengdu,g00141x00231,chengdu_station_406da10984db,春熙路站,104.07707,30.65584,2016-07-31,2016-07,,
1128,chengdu,g00149x00234,chengdu_station_2a17e32678ee,李家沱(地铁站),104.091986,30.691777,2016-07-31,2016-07,,
1129,chengdu,g00151x00233,chengdu_station_facee3624cec,驷马桥(地铁站),104.0907873,30.6978834,2016-07-31,2016-07,,
1130,chengdu,g00152x00234,chengdu_station_0de029acc924,昭觉寺南路(地铁站),104.0942776,30.7052995,2016-07-31,2016-07,,
1131,chengdu,g00155x00235,chengdu_station_53deb23a5176,动物园(地铁站),104.1005972,30.7160208,2016-07-31,2016-07,,
1132,chengdu,g00157x00236,chengdu_station_35f5cc121a0a,熊猫大道站,104.10556,30.72806,2016-07-31,2016-07,,
1133,chengdu,g00162x00237,chengdu_station_20f33fe50d4d,军区总医院站,104.1116,30.74701,2016-07-31,2016-07,,
1134,tianjin,g00136x00098,tianjin_station_f973fd1b3ed2,南翠屏(地铁站),117.152267,39.0788848,2016-08-06,2016-08,,
1135,tianjin,g00137x00097,tianjin_station_df58f49d9e5d,迎风道(地铁站),117.1430785,39.085054,2016-08-06,2016-08,,
1136,tianjin,g00138x00096,tianjin_station_a797ab609365,红旗南路(地铁站),117.1417565,39.0916517,2016-08-06,2016-08,,
1137,tianjin,g00142x00097,tianjin_station_fb1e2197bc6b,天拖(地铁站),117.1430455,39.1081108,2016-08-06,2016-08,,
1138,tianjin,g00146x00097,tianjin_station_c015b82e87d9,宜宾道(地铁站),117.1430623,39.1252834,2016-08-06,2016-08,,
1139,tianjin,g00148x00097,tianjin_station_872462458533,长虹公园(地铁站),117.1430479,39.1366755,2016-08-06,2016-08,,
1140,zhengzhou,g00113x00194,zhengzhou_station_06e811020288,南四环站,113.6757,34.6637,2016-08-19,2016-08,,
1141,zhengzhou,g00117x00194,zhengzhou_station_84e3fa63f7a6,站马屯(地铁站),113.6763196,34.6854732,2016-08-19,2016-08,,
1142,zhengzhou,g00121x00194,zhengzhou_station_f181e9470b62,南三环(地铁站),113.6761973,34.6999798,2016-08-19,2016-08,,
1143,zhengzhou,g00122x00194,zhengzhou_station_b8b332722a6d,花寨(地铁站),113.6761097,34.7071002,2016-08-19,2016-08,,
1144,zhengzhou,g00125x00194,zhengzhou_station_b1902735c4e1,南五里堡(地铁站),113.6750519,34.7214334,2016-08-19,2016-08,,
1145,zhengzhou,g00127x00194,zhengzhou_station_02a1ff591c2b,二里岗(地铁站),113.6759186,34.7300075,2016-08-19,2016-08,,
1146,zhengzhou,g00129x00194,zhengzhou_station_87b559ea8627,陇海东路(地铁站),113.6759745,34.7393032,2016-08-19,2016-08,,
1147,zhengzhou,g00132x00194,zhengzhou_station_7b63d0db1ea7,东大街站,113.6759,34.7497,2016-08-19,2016-08,,
1148,zhengzhou,g00137x00193,zhengzhou_station_ef495f0d7252,黄河路(地铁站),113.6759098,34.7749696,2016-08-19,2016-08,,
1149,zhengzhou,g00141x00193,zhengzhou_station_0d0f6e69566e,关虎屯(地铁站),113.6755498,34.7901836,2016-08-19,2016-08,,
1150,zhengzhou,g00142x00193,zhengzhou_station_44eba3160dd8,东风路(地铁站),113.6755182,34.7968898,2016-08-19,2016-08,,
1151,zhengzhou,g00144x00193,zhengzhou_station_78e0a073dffc,北三环(地铁站),113.6753805,34.8059995,2016-08-19,2016-08,,
1152,zhengzhou,g00147x00193,zhengzhou_station_1a36b06bc285,沙门(地铁站),113.6755706,34.820458,2016-08-19,2016-08,,
1153,zhengzhou,g00149x00193,zhengzhou_station_fb7fb017861c,柳林(地铁站),113.6751444,34.8294353,2016-08-19,2016-08,,
1154,zhengzhou,g00153x00192,zhengzhou_station_5b746a283374,刘庄(地铁站),113.6728417,34.8447714,2016-08-19,2016-08,,
1155,suzhou,g00124x00165,suzhou_station_60758bcea125,尹中路(地铁站),120.6598259,31.2519036,2016-09-24,2016-09,,
1156,suzhou,g00124x00169,suzhou_station_d1765cea175a,郭苑路(地铁站),120.6801969,31.2504464,2016-09-24,2016-09,,
1157,suzhou,g00124x00171,suzhou_station_a3d978afa09e,尹山湖(地铁站),120.6930649,31.2501697,2016-09-24,2016-09,,
1158,suzhou,g00124x00173,suzhou_station_e7a2ae5e798e,独墅湖南(地铁站),120.7001425,31.2501184,2016-09-24,2016-09,,
1159,suzhou,g00125x00176,suzhou_station_93bf18e4b868,独墅湖邻里中心(地铁站),120.7184705,31.2553468,2016-09-24,2016-09,,
1160,suzhou,g00126x00177,suzhou_station_e502524ea218,月亮湾(地铁站),120.7226048,31.262139,2016-09-24,2016-09,,
1161,suzhou,g00128x00183,suzhou_station_e4ce5eb6d830,金谷路(地铁站),120.7526037,31.2715295,2016-09-24,2016-09,,
1162,suzhou,g00164x00163,suzhou_station_db0aeaedc020,富翔路(地铁站),120.6469913,31.4321437,2016-09-24,2016-09,,
1163,shenzhen,g00173x00097,shenzhen_station_a8496ad49c99,沙尾(地铁站),114.037489,22.5235477,2016-10-28,2016-10,,
1164,shenzhen,g00173x00103,shenzhen_station_3933002728ae,皇岗口岸(地铁站),114.0688464,22.5244944,2016-10-28,2016-10,,
1165,shenzhen,g00174x00084,shenzhen_station_4ce6ba6c127d,深湾(地铁站),113.9736793,22.5260099,2016-10-28,2016-10,,
1166,shenzhen,g00174x00087,shenzhen_station_199dd380809a,深圳湾公园(地铁站),113.988138,22.5244803,2016-10-28,2016-10,,
1167,shenzhen,g00174x00101,shenzhen_station_db2724cff49b,皇岗村(地铁站),114.0547081,22.525853,2016-10-28,2016-10,,
1168,shenzhen,g00175x00093,shenzhen_station_5c9f19438f80,下沙(地铁站),114.0191081,22.5317908,2016-10-28,2016-10,,
1169,shenzhen,g00175x00105,shenzhen_station_b8493afb695a,赤尾(地铁站),114.0784697,22.5340606,2016-10-28,2016-10,,
1170,shenzhen,g00176x00111,shenzhen_station_fbf9ac305b90,鹿丹村(地铁站),114.1035119,22.538392,2016-10-28,2016-10,,
1171,shenzhen,g00176x00113,shenzhen_station_bfe96573b4ee,人民南(地铁站),114.1130542,22.5382041,2016-10-28,2016-10,,
1172,shenzhen,g00177x00106,shenzhen_station_a2c09ae264b7,华强南(地铁站),114.0816967,22.5398984,2016-10-28,2016-10,,
1173,shenzhen,g00177x00110,shenzhen_station_0b0055b149b3,红岭南(地铁站),114.101145,22.5411729,2016-10-28,2016-10,,
1174,shenzhen,g00177x00114,shenzhen_station_7c4f965f1fe1,向西村(地铁站),114.1206801,22.5424891,2016-10-28,2016-10,,
1175,shenzhen,g00178x00092,shenzhen_station_992e45002ddd,农林(地铁站),114.0130954,22.5432243,2016-10-28,2016-10,,
1176,shenzhen,g00179x00097,shenzhen_station_07ea0650df59,香梅(地铁站),114.0345388,22.5482464,2016-10-28,2016-10,,
1177,shenzhen,g00181x00106,shenzhen_station_e09574de9e25,黄木岗(地铁站),114.0814514,22.5584742,2016-10-28,2016-10,,
1178,shenzhen,g00181x00110,shenzhen_station_730f1cb551a8,园岭(地铁站),114.099375,22.5588031,2016-10-28,2016-10,,
1179,shenzhen,g00182x00085,shenzhen_station_dfd220517542,桃源村(地铁站),113.977011,22.5628198,2016-10-28,2016-10,,
1180,shenzhen,g00182x00096,shenzhen_station_802918228909,梅景(地铁站),114.03285,22.5637862,2016-10-28,2016-10,,
1181,shenzhen,g00182x00108,shenzhen_station_99942e84bb31,八卦岭(地铁站),114.0895219,22.5646209,2016-10-28,2016-10,,
1182,shenzhen,g00182x00110,shenzhen_station_a165a63c0e8f,红岭北(地铁站),114.0994667,22.5647356,2016-10-28,2016-10,,
1183,shenzhen,g00183x00083,shenzhen_station_556c9db86dbf,龙井(地铁站),113.9697527,22.5669501,2016-10-28,2016-10,,
1184,shenzhen,g00183x00097,shenzhen_station_889597335b80,下梅林(地铁站),114.0366766,22.5684206,2016-10-28,2016-10,,
1185,shenzhen,g00183x00107,shenzhen_station_2db55bf3b9cd,银湖(地铁站),114.0847214,22.5709886,2016-10-28,2016-10,,
1186,shenzhen,g00183x00109,shenzhen_station_55ae03d112b0,泥岗(地铁站),114.0925084,22.5704831,2016-10-28,2016-10,,
1187,shenzhen,g00183x00114,shenzhen_station_233e02368124,洪湖(地铁站),114.1173704,22.5687476,2016-10-28,2016-10,,
1188,shenzhen,g00184x00099,shenzhen_station_dc03f63c3af7,梅村(地铁站),114.0473144,22.5711683,2016-10-28,2016-10,,
1189,shenzhen,g00185x00079,shenzhen_station_47d7271f1cc0,茶光(地铁站),113.9494164,22.5771283,2016-10-28,2016-10,,
1190,shenzhen,g00190x00082,shenzhen_station_beaacad4cb18,西丽湖(地铁站),113.9607312,22.5965278,2016-10-28,2016-10,,
1191,xian,g00130x00258,xian_station_f461983e3487,吉祥村(地铁站),108.9286682,34.2242688,2016-11-08,2016-11,,
1192,xian,g00130x00264,xian_station_f7615c5c7a7d,大雁塔(地铁站),108.9592757,34.2249702,2016-11-08,2016-11,,
1193,xian,g00130x00266,xian_station_16f597c483fc,北池头(地铁站),108.9724724,34.2253475,2016-11-08,2016-11,,
1194,xian,g00131x00255,xian_station_c82af6212002,太白南路(地铁站),108.9120492,34.2272851,2016-11-08,2016-11,,
1195,xian,g00131x00269,xian_station_554957e501f2,青龙寺(地铁站),108.9890839,34.2322898,2016-11-08,2016-11,,
1196,xian,g00132x00253,xian_station_e6e12c98f9e8,科技路(地铁站),108.8996252,34.2328949,2016-11-08,2016-11,,
1197,xian,g00133x00247,xian_station_c77925ae0b68,丈八北路(地铁站),108.8686267,34.2389953,2016-11-08,2016-11,,
1198,xian,g00133x00250,xian_station_3b6e81cff6f3,延平门(地铁站),108.8826319,34.2388264,2016-11-08,2016-11,,
1199,xian,g00134x00243,xian_station_18a9856abc4a,鱼化寨(地铁站),108.8436385,34.2395768,2016-11-08,2016-11,,
1200,xian,g00134x00270,xian_station_63c328c5ea0d,延兴门（沙坡）站,108.99203,34.24579,2016-11-08,2016-11,,
1201,xian,g00136x00270,xian_station_5548dac70d23,咸宁路(地铁站),108.9918851,34.2525746,2016-11-08,2016-11,,
1202,xian,g00138x00270,xian_station_74fd2a9ad251,长乐公园(地铁站),108.9912859,34.2621057,2016-11-08,2016-11,,
1203,xian,g00142x00270,xian_station_4021690336e5,胡家庙(地铁站),108.9907488,34.2792304,2016-11-08,2016-11,,
1204,xian,g00145x00270,xian_station_3f60acf3ecd1,石家街(地铁站),108.9907666,34.2923308,2016-11-08,2016-11,,
1205,xian,g00148x00270,xian_station_37269d65f5fb,辛家庙(地铁站),108.9907256,34.3063767,2016-11-08,2016-11,,
1206,xian,g00149x00273,xian_station_802c101eae4c,广泰门(地铁站),109.0082885,34.3122148,2016-11-08,2016-11,,
1207,xian,g00149x00277,xian_station_9fe561e50fca,桃花潭(地铁站),109.0281749,34.3124956,2016-11-08,2016-11,,
1208,xian,g00150x00279,xian_station_e107784d94a4,浐灞中心(地铁站),109.041168,34.3182576,2016-11-08,2016-11,,
1209,xian,g00153x00281,xian_station_62dbe7a39b7b,香湖湾(黄邓)(地铁站),109.0471817,34.3314278,2016-11-08,2016-11,,
1210,xian,g00157x00280,xian_station_804b855fe780,务庄(地铁站),109.0423895,34.3465334,2016-11-08,2016-11,,
1211,xian,g00160x00278,xian_station_75abac9fac8f,国际港务区站,109.03418,34.36239,2016-11-08,2016-11,,
1212,xian,g00163x00279,xian_station_ff6ef8a73703,双寨(地铁站),109.0360986,34.3736657,2016-11-08,2016-11,,
1213,xian,g00165x00279,xian_station_c60b5cd208a4,新筑(地铁站),109.0377589,34.3843361,2016-11-08,2016-11,,
1214,xian,g00168x00279,xian_station_a9e87193caed,保税区(地铁站),109.0390214,34.3968383,2016-11-08,2016-11,,
1215,qingdao,g00148x00178,qingdao_station_672c3f31c529,太平角公园(地铁站),120.3548361,36.0536029,2016-12-18,2016-12,,
1216,qingdao,g00149x00172,qingdao_station_81228177144f,人民会堂(地铁站),120.3245114,36.0596775,2016-12-18,2016-12,,
1217,qingdao,g00149x00175,qingdao_station_e7d02b4d000f,汇泉广场(地铁站),120.3382101,36.0594587,2016-12-18,2016-12,,
1218,qingdao,g00149x00176,qingdao_station_9cc7a96f5bf1,中山公园(地铁站),120.3466286,36.0581931,2016-12-18,2016-12,,
1219,qingdao,g00149x00180,qingdao_station_4a57858fb3fe,延安三路(地铁站),120.3686396,36.0604738,2016-12-18,2016-12,,
1220,qingdao,g00150x00170,qingdao_station_7f26d2081390,青岛站(地铁站),120.3094994,36.064033,2016-12-18,2016-12,,
1221,qingdao,g00150x00181,qingdao_station_26169355cf34,五四广场站,120.3754167,36.0646111,2016-12-18,2016-12,,
1222,qingdao,g00152x00183,qingdao_station_934e08142f00,江西路(地铁站),120.3831358,36.0733533,2016-12-18,2016-12,,
1223,qingdao,g00155x00182,qingdao_station_ad0b00331ef2,敦化路(地铁站),120.3802128,36.0886357,2016-12-18,2016-12,,
1224,qingdao,g00157x00183,qingdao_station_da64312981a2,错埠岭(地铁站),120.3802441,36.0953191,2016-12-18,2016-12,,
1225,qingdao,g00159x00183,qingdao_station_3470d485a5d3,清江路(地铁站),120.3822005,36.1065203,2016-12-18,2016-12,,
1226,hefei,g00186x00137,hefei_station_00f388cfe5ce,万年埠(地铁站),117.2965573,31.7003803,2016-12-26,2016-12,,
1227,hefei,g00188x00137,hefei_station_0192e1737d05,万达城(地铁站),117.2966315,31.7078098,2016-12-26,2016-12,,
1228,hefei,g00189x00137,hefei_station_28156bae5f6b,云谷路(地铁站),117.2966677,31.7151394,2016-12-26,2016-12,,
1229,hefei,g00191x00137,hefei_station_9670133ca1b1,金斗公园(地铁站),117.2970818,31.7249817,2016-12-26,2016-12,,
1230,hefei,g00193x00137,hefei_station_f175ba9c8e0f,塘西河公园(地铁站),117.2970521,31.7334536,2016-12-26,2016-12,,
1231,hefei,g00195x00137,hefei_station_06b60f37372e,紫庐(地铁站),117.2970772,31.7426926,2016-12-26,2016-12,,
1232,hefei,g00198x00137,hefei_station_15c688d0b640,滨湖会展中心(地铁站),117.2971148,31.7565883,2016-12-26,2016-12,,
1233,hefei,g00203x00135,hefei_station_a59c23c4f905,高王(地铁站),117.2858913,31.7751083,2016-12-26,2016-12,,
1234,hefei,g00205x00135,hefei_station_7937d21be8f3,骆岗(地铁站),117.2859213,31.7853768,2016-12-26,2016-12,,
1235,hefei,g00207x00135,hefei_station_16456f5f0114,南站南广场(地铁站),117.2860452,31.7945421,2016-12-26,2016-12,,
1236,hefei,g00209x00135,hefei_station_298b7e45d656,合肥南站(地铁站),117.2845225,31.8019794,2016-12-26,2016-12,,
1237,hefei,g00210x00135,hefei_station_e6f2c194d6bb,望湖城(地铁站),117.2865071,31.8073345,2016-12-26,2016-12,,
1238,hefei,g00219x00137,hefei_station_90e3fae62f80,合工大南区(地铁站),117.2951545,31.8491639,2016-12-26,2016-12,,
1239,hefei,g00221x00137,hefei_station_9353a87d38e7,包公园(地铁站),117.2958022,31.8582426,2016-12-26,2016-12,,
1240,hefei,g00223x00137,hefei_station_ec5f7d0a19e0,大东门(地铁站),117.2952009,31.8658801,2016-12-26,2016-12,,
1241,hefei,g00224x00137,hefei_station_47a501103f68,明光路(地铁站),117.2990215,31.871943,2016-12-26,2016-12,,
1242,hefei,g00225x00138,hefei_station_90371c9a9d5c,长淮(地铁站),117.3035542,31.8775823,2016-12-26,2016-12,,
1243,hefei,g00227x00139,hefei_station_4c078c6fb7fc,合肥火车站(地铁站),117.3099926,31.8853252,2016-12-26,2016-12,,
1244,kunming,g00124x00162,kunming_station_6b4e583abe19,昆明南火车站(地铁站),102.8587876,24.8733267,2016-12-26,2016-12,,
1245,chongqing,g00370x00279,chongqing_station_8b1b7765f3da,双凤桥(地铁站),106.6289204,29.7317518,2016-12-28,2016-12,,
1246,chongqing,g00371x00279,chongqing_station_95868e431865,空港广场站,106.6298669,29.7391543,2016-12-28,2016-12,,
1247,chongqing,g00375x00281,chongqing_station_eea1d77cbbe6,高堡湖(地铁站),106.6392106,29.7547062,2016-12-28,2016-12,,
1248,chongqing,g00380x00282,chongqing_station_7e08a63846c6,观月路站,106.6489984,29.7777467,2016-12-28,2016-12,,
1249,chongqing,g00382x00283,chongqing_station_2ac9c6fb6f97,莲花站,106.6520865,29.7883049,2016-12-28,2016-12,,
1250,chongqing,g00383x00285,chongqing_station_91ce5a404317,举人坝(地铁站),106.6636023,29.7941377,2016-12-28,2016-12,,
1251,foshan,g00091x00173,foshan_station_39a5be0e319b,新城东(地铁站),113.1352001,22.961415,2016-12-28,2016-12,,
1252,foshan,g00093x00167,foshan_station_ef838bfbc775,世纪莲(地铁站),113.1094336,22.967719,2016-12-28,2016-12,,
1253,foshan,g00093x00170,foshan_station_cff8cef5f3e5,东平(地铁站),113.1237182,22.9678516,2016-12-28,2016-12,,
1254,foshan,g00097x00166,foshan_station_7dd4e23feebb,澜石(地铁站),113.1016195,22.9865447,2016-12-28,2016-12,,
1255,guangzhou,g00116x00092,guangzhou_station_50220d12079c,钟村(地铁站),113.3111551,22.9893939,2016-12-28,2016-12,,
1256,guangzhou,g00117x00087,guangzhou_station_a8e076bb9a97,谢村(地铁站),113.2904736,22.9932807,2016-12-28,2016-12,,
1257,guangzhou,g00122x00102,guangzhou_station_6c5835ba6c24,员岗(地铁站),113.3601497,23.0185306,2016-12-28,2016-12,,
1258,guangzhou,g00123x00106,guangzhou_station_7453ec05e364,板桥(地铁站),113.382625,23.0193907,2016-12-28,2016-12,,
1259,guangzhou,g00157x00121,guangzhou_station_1fe6da1f3486,暹岗(地铁站),113.454737,23.1748463,2016-12-28,2016-12,,
1260,guangzhou,g00157x00122,guangzhou_station_8d572456cfd2,苏元(地铁站),113.4632638,23.1735321,2016-12-28,2016-12,,
1261,guangzhou,g00157x00129,guangzhou_station_3107fa656fc9,香雪(地铁站),113.495918,23.1750475,2016-12-28,2016-12,,
1262,guangzhou,g00159x00119,guangzhou_station_d0a522dde8b8,金峰(地铁站),113.4456066,23.1838425,2016-12-28,2016-12,,
1263,guangzhou,g00161x00110,guangzhou_station_cc78ca81d2da,高塘石(地铁站),113.4048814,23.1935288,2016-12-28,2016-12,,
1264,guangzhou,g00161x00115,guangzhou_station_25e1bc21ed06,黄陂(地铁站),113.4282373,23.1908725,2016-12-28,2016-12,,
1265,nanning,g00150x00229,nanning_station_c2d23f6b83e6,新民路(地铁站),108.3233219,22.8157971,2016-12-28,2016-12,,
1266,nanning,g00150x00231,nanning_station_04986c42518f,民族广场(地铁站),108.3323303,22.8157859,2016-12-28,2016-12,,
1267,nanning,g00150x00233,nanning_station_3cbec63ebc61,麻村(地铁站),108.3434325,22.8157316,2016-12-28,2016-12,,
1268,nanning,g00153x00198,nanning_station_abc2d81d6333,石埠(地铁站),108.1735761,22.8292887,2016-12-28,2016-12,,
1269,nanning,g00154x00207,nanning_station_039c7b831693,西乡塘客运站(地铁站),108.2152165,22.8357481,2016-12-28,2016-12,,
1270,nanning,g00154x00220,nanning_station_74f115a1feb3,鲁班路(地铁站),108.2790816,22.8368947,2016-12-28,2016-12,,
1271,nanning,g00154x00225,nanning_station_258d76c5cd08,白苍岭(地铁站),108.3031887,22.8338559,2016-12-28,2016-12,,
1272,nanning,g00155x00201,nanning_station_f7ba5b206cf5,南职院(地铁站),108.1882562,22.835915,2016-12-28,2016-12,,
1273,nanning,g00155x00203,nanning_station_6d3c540a2342,鹏飞路(地铁站),108.1983154,22.8358575,2016-12-28,2016-12,,
1274,nanning,g00155x00209,nanning_station_eb9b0a18d29b,民族大学(地铁站),108.2290942,22.8400634,2016-12-28,2016-12,,
1275,nanning,g00155x00217,nanning_station_343453a82b3b,动物园(地铁站),108.2638531,22.8406385,2016-12-28,2016-12,,
1276,nanning,g00156x00214,nanning_station_9629c3ac0077,清川(地铁站),108.2492046,22.8430104,2016-12-28,2016-12,,
1277,wuhan,g00133x00115,wuhan_station_c467704e6a58,车城东路(地铁站),114.1744397,30.4979691,2016-12-28,2016-12,,
1278,wuhan,g00133x00120,wuhan_station_8bed61b2f40e,江城大道站,114.1966675,30.4990387,2016-12-28,2016-12,,
1279,wuhan,g00134x00113,wuhan_station_5ffb810beeb2,东风公司站,114.1611229,30.5024914,2016-12-28,2016-12,,
1280,wuhan,g00136x00127,wuhan_station_6e840526e439,国博中心北站,114.23567,30.51282,2016-12-28,2016-12,,
1281,wuhan,g00138x00130,wuhan_station_56b0999e9145,前进村(地铁站),114.247956,30.5226323,2016-12-28,2016-12,,
1282,wuhan,g00140x00131,wuhan_station_4b5b8b42ab5e,建港(地铁站),114.2542767,30.5290936,2016-12-28,2016-12,,
1283,wuhan,g00142x00132,wuhan_station_87ec17e3481c,马鹦路(地铁站),114.2613902,30.5403592,2016-12-28,2016-12,,
1284,wuhan,g00145x00132,wuhan_station_7178d81bf154,钟家村(地铁站),114.2607482,30.5517568,2016-12-28,2016-12,,
1285,wuhan,g00146x00132,wuhan_station_84d3acdefa62,琴台(地铁站),114.2608715,30.5600298,2016-12-28,2016-12,,
1286,wuhan,g00149x00133,wuhan_station_626084a79900,武胜路(地铁站),114.2635462,30.5719238,2016-12-28,2016-12,,
1287,wuhan,g00149x00134,wuhan_station_1cc07e868403,汉正街(地铁站),114.2692633,30.5736774,2016-12-28,2016-12,,
1288,wuhan,g00150x00136,wuhan_station_e40a2c4157f9,六渡桥(地铁站),114.2788502,30.5774388,2016-12-28,2016-12,,
1289,wuhan,g00151x00138,wuhan_station_84b9dca7b980,江汉路站,114.28711,30.58208,2016-12-28,2016-12,,
1290,wuhan,g00154x00138,wuhan_station_deb3fafa1109,大智路站,114.28962,30.59499,2016-12-28,2016-12,,
1291,wuhan,g00156x00137,wuhan_station_831e5f447c58,苗栗路站,114.2844133,30.6014931,2016-12-28,2016-12,,
1292,wuhan,g00158x00135,wuhan_station_25dcf4f771dd,三眼桥(地铁站),114.2703254,30.6127674,2016-12-28,2016-12,,
1293,wuhan,g00160x00134,wuhan_station_086ada34acb0,唐家墩站,114.2659061,30.6201268,2016-12-28,2016-12,,
1294,wuhan,g00162x00133,wuhan_station_8b015c97b16d,石桥站,114.260893,30.6317202,2016-12-28,2016-12,,
1295,wuhan,g00164x00116,wuhan_station_32ef9dcbdaec,金银湖公园(地铁站),114.1753359,30.6392678,2016-12-28,2016-12,,
1296,wuhan,g00164x00132,wuhan_station_7f7ae8607641,杨汊湖(地铁站),114.2556636,30.6382571,2016-12-28,2016-12,,
1297,wuhan,g00165x00121,wuhan_station_4e5df0d421e6,金银湖(地铁站),114.1994541,30.6417167,2016-12-28,2016-12,,
1298,wuhan,g00165x00127,wuhan_station_cc721bf6de86,轻工大学(地铁站),114.2289303,30.6420355,2016-12-28,2016-12,,
1299,wuhan,g00165x00128,wuhan_station_9ee78cc554ce,常青花园(地铁站),114.2370066,30.6430065,2016-12-28,2016-12,,
1300,wuhan,g00169x00131,wuhan_station_0baa20b98f21,常青城(地铁站),114.2496389,30.66121,2016-12-28,2016-12,,
1301,wuhan,g00178x00132,wuhan_station_90de89beb46c,盘龙城(地铁站),114.2541207,30.7026494,2016-12-28,2016-12,,
1302,wuhan,g00183x00128,wuhan_station_e99bc5079ae1,宋家岗(地铁站),114.2318578,30.7255393,2016-12-28,2016-12,,
1303,wuhan,g00185x00126,wuhan_station_8bac789f315c,航空总部(地铁站),114.2218047,30.7348721,2016-12-28,2016-12,,
1304,wuhan,g00194x00124,wuhan_station_5a92c4dd9efb,天河机场(地铁站),114.2111387,30.7729848,2016-12-28,2016-12,,
1305,kunming,g00125x00160,kunming_station_61e0828b6c80,白龙潭(地铁站),102.8505292,24.8778671,2016-12-30,2016-12,,
1306,kunming,g00127x00159,kunming_station_24205237dae0,宜和路(地铁站),102.8434187,24.8876896,2016-12-30,2016-12,,
1307,beijing,g00141x00204,beijing_station_547f2ae51d8c,望京东(地铁站),116.4809643,40.0019122,2016-12-31,2016-12,,
1308,beijing,g00148x00167,beijing_station_6dc1380de215,马连洼站,116.2658838,40.0315401,2016-12-31,2016-12,,
1309,beijing,g00152x00165,beijing_station_84c1f67f18fa,西北旺(地铁站),116.2518766,40.0474799,2016-12-31,2016-12,,
1310,beijing,g00156x00143,beijing_station_513e4fa8f74b,北安河(地铁站),116.1243145,40.0666395,2016-12-31,2016-12,,
1311,beijing,g00156x00149,beijing_station_e5e4a4264490,温阳路(地铁站),116.1551338,40.0671812,2016-12-31,2016-12,,
1312,beijing,g00156x00153,beijing_station_3b5926b45ca3,稻香湖路(地铁站),116.1819928,40.0676506,2016-12-31,2016-12,,
1313,beijing,g00156x00158,beijing_station_b6a947f61343,屯佃(地铁站),116.2097626,40.0672106,2016-12-31,2016-12,,
1314,beijing,g00156x00163,beijing_station_0ad9ba5e2c3c,永丰南(地铁站),116.2421043,40.0643522,2016-12-31,2016-12,,
1315,beijing,g00157x00162,beijing_station_29ad5e371e55,永丰(地铁站),116.2324245,40.0706426,2016-12-31,2016-12,,
1316,tianjin,g00123x00196,tianjin_station_13df7ab29c63,太湖路(地铁站),117.7171121,39.0189736,2016-12-31,2016-12,,
1317,tianjin,g00138x00124,tianjin_station_d7fc52a69ed9,张贵庄站,117.3013383,39.0911013,2016-12-31,2016-12,,
1318,tianjin,g00150x00097,tianjin_station_b8aa2f2c280c,人民医院(地铁站),117.1433072,39.1453747,2016-12-31,2016-12,,
1319,tianjin,g00152x00098,tianjin_station_9890abd3794d,复兴路(地铁站),117.1520299,39.1546434,2016-12-31,2016-12,,
1320,tianjin,g00153x00101,tianjin_station_1bbd6379770e,北竹林(地铁站),117.166415,39.1591593,2016-12-31,2016-12,,
1321,tianjin,g00155x00102,tianjin_station_f6411498010a,天泰路(地铁站),117.1774065,39.1672909,2016-12-31,2016-12,,
1322,tianjin,g00155x00106,tianjin_station_1848eb4773e5,新开河(地铁站),117.1966395,39.167748,2016-12-31,2016-12,,
1323,tianjin,g00155x00107,tianjin_station_0327c0ffd124,北站(地铁站),117.2015275,39.1656094,2016-12-31,2016-12,,
1324,tianjin,g00155x00109,tianjin_station_5ac07181ca4d,北宁公园(地铁站),117.2168765,39.1652467,2016-12-31,2016-12,,
1325,tianjin,g00155x00111,tianjin_station_943c64ceb161,民权门(地铁站),117.2272697,39.1676493,2016-12-31,2016-12,,
1326,tianjin,g00160x00115,tianjin_station_7f6b25f90f31,徐庄子(地铁站),117.2478703,39.1898946,2016-12-31,2016-12,,
1327,tianjin,g00162x00117,tianjin_station_4d7850c69caf,金钟街(地铁站),117.2590408,39.1986562,2016-12-31,2016-12,,
1328,tianjin,g00163x00119,tianjin_station_201c909e0b61,大毕庄(地铁站),117.2722429,39.2019773,2016-12-31,2016-12,,
1329,tianjin,g00164x00121,tianjin_station_fd12839180d8,南何庄(地铁站),117.2846758,39.205283,2016-12-31,2016-12,,
1330,tianjin,g00164x00126,tianjin_station_847ab12e71df,南孙庄(地铁站),117.3119424,39.2054128,2016-12-31,2016-12,,
1331,fuzhou,g00233x00205,fuzhou_station_503bff8cde3d,上藤(地铁站),119.3157387,26.0467473,2017-01-06,2017-01,,
1332,fuzhou,g00236x00203,fuzhou_station_9095933b1291,达道(地铁站),119.3050338,26.06005,2017-01-06,2017-01,,
1333,fuzhou,g00239x00202,fuzhou_station_60a7654ab0e7,茶亭(地铁站),119.2995636,26.0722527,2017-01-06,2017-01,,
1334,fuzhou,g00240x00202,fuzhou_station_d172106915a5,南门兜(地铁站),119.2989332,26.0793425,2017-01-06,2017-01,,
1335,fuzhou,g00242x00201,fuzhou_station_f1f8f1c500dc,东街口(地铁站),119.294454,26.0890653,2017-01-06,2017-01,,
1336,fuzhou,g00245x00201,fuzhou_station_6d35506b9c0f,屏山(地铁站),119.2922357,26.0993716,2017-01-06,2017-01,,
1337,fuzhou,g00246x00202,fuzhou_station_d2732ce8379d,树兜(地铁站),119.3011673,26.1053128,2017-01-06,2017-01,,
1338,fuzhou,g00248x00205,fuzhou_station_cd5295c29540,福州火车站(地铁站),119.3132921,26.1160679,2017-01-06,2017-01,,
1339,fuzhou,g00251x00205,fuzhou_station_1153b374eb57,罗汉山(地铁站),119.3135227,26.1291889,2017-01-06,2017-01,,
1340,fuzhou,g00253x00205,fuzhou_station_2b7390ae21a3,秀山(地铁站),119.316168,26.1368828,2017-01-06,2017-01,,
1341,fuzhou,g00255x00207,fuzhou_station_dda51e76f696,象峰(地铁站),119.3247736,26.1465235,2017-01-06,2017-01,,
1342,zhengzhou,g00083x00226,zhengzhou_station_580267a83156,新郑机场(地铁站),113.8465635,34.5274219,2017-01-12,2017-01,,
1343,zhengzhou,g00088x00227,zhengzhou_station_ee6e485a135f,综合保税区(地铁站),113.8512829,34.5506879,2017-01-12,2017-01,,
1344,zhengzhou,g00092x00227,zhengzhou_station_834334ba9b06,恩平湖(地铁站),113.8537877,34.5673707,2017-01-12,2017-01,,
1345,zhengzhou,g00094x00227,zhengzhou_station_71d800818ab4,兰河公园(地铁站),113.8537897,34.5771729,2017-01-12,2017-01,,
1346,zhengzhou,g00096x00220,zhengzhou_station_c2e68e185230,孟庄(地铁站),113.8122797,34.5869913,2017-01-12,2017-01,,
1347,zhengzhou,g00098x00203,zhengzhou_station_f8d8d5651729,华南城西(地铁站),113.7195435,34.5951046,2017-01-12,2017-01,,
1348,zhengzhou,g00098x00207,zhengzhou_station_b26370c413b7,华南城(地铁站),113.7427337,34.5952271,2017-01-12,2017-01,,
1349,zhengzhou,g00101x00195,zhengzhou_station_777f1c4e7025,双湖大道(地铁站),113.6768823,34.612702,2017-01-12,2017-01,,
1350,zhengzhou,g00105x00194,zhengzhou_station_fe8317297465,沙窝李(地铁站),113.6755739,34.6280423,2017-01-12,2017-01,,
1351,zhengzhou,g00109x00195,zhengzhou_station_69653f86a219,十八里河(地铁站),113.6775903,34.6490161,2017-01-12,2017-01,,
1352,zhengzhou,g00134x00170,zhengzhou_station_f6c85fe59d7f,市民中心(地铁站),113.5478211,34.763195,2017-01-12,2017-01,,
1353,zhengzhou,g00135x00168,zhengzhou_station_eff7ffad15b8,铁炉(地铁站),113.5348787,34.7690907,2017-01-12,2017-01,,
1354,zhengzhou,g00139x00168,zhengzhou_station_2b66fd41839a,兰寨(地铁站),113.534849,34.7845339,2017-01-12,2017-01,,
1355,zhengzhou,g00141x00168,zhengzhou_station_e039a4febc2f,梧桐街(地铁站),113.5347766,34.7954734,2017-01-12,2017-01,,
1356,zhengzhou,g00142x00217,zhengzhou_station_2bf557d19641,龙子湖(地铁站),113.8044314,34.7937903,2017-01-12,2017-01,,
1357,zhengzhou,g00144x00168,zhengzhou_station_bc6dca78dd1e,郑州大学(地铁站),113.5352908,34.8086489,2017-01-12,2017-01,,
1358,zhengzhou,g00146x00168,zhengzhou_station_8b6830b00af1,郑大科技园(地铁站),113.5357132,34.8177943,2017-01-12,2017-01,,
1359,zhengzhou,g00146x00217,zhengzhou_station_c82de1bea863,文苑北路(地铁站),113.8061297,34.809458,2017-01-12,2017-01,,
1360,zhengzhou,g00148x00168,zhengzhou_station_bd95528a1103,河南工业大学(地铁站),113.5360221,34.8276466,2017-01-12,2017-01,,
1361,nanjing,g00205x00092,nanjing_station_86587c49acdb,草场门(地铁站),118.7502755,32.0623751,2017-01-18,2017-01,,
1362,nanjing,g00205x00096,nanjing_station_b3a21fbf002d,云南路(地铁站),118.7693258,32.0621634,2017-01-18,2017-01,,
1363,nanjing,g00205x00102,nanjing_station_c07341b87d09,九华山(地铁站),118.8008333,32.0594037,2017-01-18,2017-01,,
1364,nanjing,g00207x00103,nanjing_station_4e450651267d,岗子村站,118.81078,32.06743,2017-01-18,2017-01,,
1365,nanjing,g00209x00106,nanjing_station_b8f9a5fbf798,蒋王庙(地铁站),118.8260315,32.0796761,2017-01-18,2017-01,,
1366,nanjing,g00210x00125,nanjing_station_2749d938a86b,汇通路(地铁站),118.9265799,32.0802222,2017-01-18,2017-01,,
1367,nanjing,g00210x00131,nanjing_station_2a0f679ef330,东流(地铁站),118.9590942,32.0793128,2017-01-18,2017-01,,
1368,nanjing,g00211x00108,nanjing_station_792cbee0721f,王家湾(地铁站),118.832752,32.0873922,2017-01-18,2017-01,,
1369,nanjing,g00211x00117,nanjing_station_2e197b380132,徐庄站,118.88331,32.08745,2017-01-18,2017-01,,
1370,nanjing,g00211x00136,nanjing_station_85f4c4f6cc13,孟北(地铁站),118.982032,32.0865454,2017-01-18,2017-01,,
1371,nanjing,g00213x00113,nanjing_station_aa86704648e3,聚宝山(地铁站),118.8591571,32.0960577,2017-01-18,2017-01,,
1372,nanjing,g00215x00137,nanjing_station_2deffe3ce378,西岗桦墅(地铁站),118.9912391,32.1010176,2017-01-18,2017-01,,
1373,nanjing,g00221x00137,nanjing_station_4b1171e42f7c,仙林湖站,118.987229,32.127589,2017-01-18,2017-01,,
1374,fuzhou,g00246x00204,fuzhou_station_59d7dbb0b459,斗门(地铁站),119.3088911,26.1070652,2017-01-20,2017-01,,
1375,harbin,g00377x00178,harbin_station_6e3e8e4815c6,哈西大街(地铁站),126.5909647,45.6937349,2017-01-26,2017-01,,
1376,harbin,g00378x00176,harbin_station_70e950862cdb,凯盛源广场(地铁站),126.5794132,45.699354,2017-01-26,2017-01,,
1377,harbin,g00379x00175,harbin_station_df8a33656985,哈尔滨西站(地铁站),126.5749394,45.7036192,2017-01-26,2017-01,,
1378,suzhou,g00098x00157,suzhou_station_916d65c6d7af,松陵大道(地铁站),120.619788,31.1336637,2017-04-15,2017-04,,
1379,suzhou,g00099x00161,suzhou_station_7691f8a11464,吴江人民广场(地铁站),120.6392853,31.1354905,2017-04-15,2017-04,,
1380,suzhou,g00099x00171,suzhou_station_dc2e37d4005a,同里(地铁站),120.6956234,31.139514,2017-04-15,2017-04,,
1381,suzhou,g00100x00155,suzhou_station_3f527664a4c1,苏州湾东(地铁站),120.6114114,31.1387915,2017-04-15,2017-04,,
1382,suzhou,g00100x00164,suzhou_station_daa541ac24d1,吴江汽车站(地铁站),120.6587284,31.1392681,2017-04-15,2017-04,,
1383,suzhou,g00100x00167,suzhou_station_2ab9b1fc8f71,庞金路(地铁站),120.6752022,31.1396214,2017-04-15,2017-04,,
1384,suzhou,g00102x00155,suzhou_station_b1da9dfc18e4,顾家荡(地铁站),120.6105962,31.1476824,2017-04-15,2017-04,,
1385,suzhou,g00104x00155,suzhou_station_8a903937e9d8,笠泽路(地铁站),120.6117877,31.1570266,2017-04-15,2017-04,,
1386,suzhou,g00105x00156,suzhou_station_1de280dc9b5a,流虹路(地铁站),120.614732,31.1644064,2017-04-15,2017-04,,
1387,suzhou,g00107x00159,suzhou_station_09080a999867,江兴西路(地铁站),120.6281451,31.1717608,2017-04-15,2017-04,,
1388,suzhou,g00109x00160,suzhou_station_dd72656b0467,江陵西路(地铁站),120.6356376,31.1801559,2017-04-15,2017-04,,
1389,suzhou,g00110x00148,suzhou_station_b670f8e28e68,木里(地铁站),120.5732682,31.1845995,2017-04-15,2017-04,,
1390,suzhou,g00110x00152,suzhou_station_72000e52a675,苏州湾北(地铁站),120.5909103,31.1859907,2017-04-15,2017-04,,
1391,suzhou,g00112x00153,suzhou_station_ff91f29a74fd,天鹅荡路(地铁站),120.5963111,31.1931941,2017-04-15,2017-04,,
1392,suzhou,g00114x00159,suzhou_station_fd18715788c9,花港(地铁站),120.6287635,31.205694,2017-04-15,2017-04,,
1393,suzhou,g00115x00152,suzhou_station_71c5731edd98,文溪路站,120.5922,31.2057,2017-04-15,2017-04,,
1394,suzhou,g00117x00152,suzhou_station_0357511fc002,越溪(地铁站),120.5919531,31.2178803,2017-04-15,2017-04,,
1395,suzhou,g00118x00159,suzhou_station_08d60aa20b1d,清树湾(地铁站),120.6284416,31.2222825,2017-04-15,2017-04,,
1396,suzhou,g00119x00153,suzhou_station_a5afe1fd8adc,石湖莫舍(地铁站),120.5988375,31.2261458,2017-04-15,2017-04,,
1397,suzhou,g00120x00157,suzhou_station_e58c89385785,蠡墅(地铁站),120.6172913,31.2323517,2017-04-15,2017-04,,
1398,suzhou,g00122x00158,suzhou_station_d0d6c5e2dd37,红庄(地铁站),120.6245811,31.2388518,2017-04-15,2017-04,,
1399,suzhou,g00125x00158,suzhou_station_e7cb8e726b05,石湖东路(地铁站),120.6253729,31.2549716,2017-04-15,2017-04,,
1400,suzhou,g00128x00158,suzhou_station_02ae7ff9f1d2,宝带路(地铁站),120.624282,31.2693586,2017-04-15,2017-04,,
1401,suzhou,g00131x00158,suzhou_station_d411fc2c4dd8,团结桥(地铁站),120.6229987,31.2785583,2017-04-15,2017-04,,
1402,suzhou,g00132x00158,suzhou_station_044e3436a429,人民桥南(地铁站),120.6214588,31.2867226,2017-04-15,2017-04,,
1403,suzhou,g00135x00158,suzhou_station_3ab89d82371f,三元坊(地铁站),120.6194567,31.3002354,2017-04-15,2017-04,,
1404,suzhou,g00137x00157,suzhou_station_dbc26e39312a,乐桥站,120.61817,31.30858,2017-04-15,2017-04,,
1405,suzhou,g00138x00157,suzhou_station_c68cfe77d9e8,察院场(地铁站),120.6171298,31.3135255,2017-04-15,2017-04,,
1406,suzhou,g00140x00157,suzhou_station_55372603ea29,北寺塔(地铁站),120.6155355,31.3225486,2017-04-15,2017-04,,
1407,suzhou,g00143x00155,suzhou_station_2182615c07c1,苏州火车站(地铁站),120.6062893,31.3330545,2017-04-15,2017-04,,
1408,suzhou,g00146x00154,suzhou_station_14b460f470db,平泷路西(地铁站),120.5985258,31.3460129,2017-04-15,2017-04,,
1409,suzhou,g00152x00153,suzhou_station_c7db5b1fd1b4,活力岛(地铁站),120.5959861,31.3766784,2017-04-15,2017-04,,
1410,suzhou,g00156x00153,suzhou_station_db9f4931dd2a,姚祥站,120.594,31.3921,2017-04-15,2017-04,,
1411,suzhou,g00157x00153,suzhou_station_11b8ba4ea3c0,张庄站,120.5935,31.3995,2017-04-15,2017-04,,
1412,dalian,g00079x00107,dalian_station_a538dfd79bf8,华南北(地铁站),121.5810696,38.9994109,2017-06-01,2017-06,,
1413,chengdu,g00139x00247,chengdu_station_767af2927562,来龙站,104.1644444,30.6466667,2017-06-02,2017-06,,
1414,chengdu,g00139x00249,chengdu_station_f97c9bed6e04,十陵站,104.172685,30.645661,2017-06-02,2017-06,,
1415,chengdu,g00140x00250,chengdu_station_ed3568114a82,成都大学(地铁站),104.1787436,30.6491991,2017-06-02,2017-06,,
1416,chengdu,g00140x00253,chengdu_station_6a21111bb4f3,明蜀王陵(地铁站),104.1939339,30.6507143,2017-06-02,2017-06,,
1417,chengdu,g00140x00258,chengdu_station_83884395614e,西河(地铁站),104.2179165,30.6498458,2017-06-02,2017-06,,
1418,chengdu,g00147x00181,chengdu_station_8e4a42048711,万盛(地铁站),103.8167029,30.6780128,2017-06-02,2017-06,,
1419,chengdu,g00147x00191,chengdu_station_85634897e896,涌泉(地铁站),103.8709795,30.6811499,2017-06-02,2017-06,,
1420,chengdu,g00147x00194,chengdu_station_4078edb6e47f,凤凰大街(地铁站),103.8874365,30.6797032,2017-06-02,2017-06,,
1421,chengdu,g00147x00199,chengdu_station_534dc589a7ff,马厂坝(地铁站),103.9117213,30.6801829,2017-06-02,2017-06,,
1422,chengdu,g00148x00183,chengdu_station_fc5f5b6f4aec,杨柳河(地铁站),103.8289409,30.6835813,2017-06-02,2017-06,,
1423,chengdu,g00149x00186,chengdu_station_2bde31ee5da3,凤溪河(地铁站),103.840906,30.688805,2017-06-02,2017-06,,
1424,chengdu,g00149x00189,chengdu_station_2b0d2c0692bc,光华公园(地铁站),103.8584475,30.6870418,2017-06-02,2017-06,,
1425,chengdu,g00150x00187,chengdu_station_b0598200ec35,南熏大道(地铁站),103.8496579,30.6922806,2017-06-02,2017-06,,
1426,dalian,g00045x00094,dalian_station_3cd191706fa8,河口(地铁站),121.5084424,38.8426028,2017-06-07,2017-06,,
1427,dalian,g00048x00097,dalian_station_20b1d2a64c77,七贤岭(地铁站),121.522088,38.8562076,2017-06-07,2017-06,,
1428,dalian,g00051x00100,dalian_station_da0c74c96fae,学苑广场(地铁站),121.5405749,38.8739619,2017-06-07,2017-06,,
1429,dalian,g00053x00104,dalian_station_89531a3c8037,大医二院(地铁站),121.5655475,38.8805918,2017-06-07,2017-06,,
1430,dalian,g00054x00106,dalian_station_9a685773b35f,星海广场(地铁站),121.5775221,38.8838582,2017-06-07,2017-06,,
1431,dalian,g00059x00129,dalian_station_71c646b73ecd,海之韵(地铁站),121.7103684,38.9100641,2017-06-07,2017-06,,
1432,dalian,g00060x00127,dalian_station_0f38c29e5baa,东海(地铁站),121.6978311,38.9142452,2017-06-07,2017-06,,
1433,dalian,g00061x00125,dalian_station_b7d361008e08,东港(地铁站),121.6846058,38.9192486,2017-06-07,2017-06,,
1434,shijiazhuang,g00141x00193,shijiazhuang_station_90d1bf1f4c0d,西三教(地铁站),114.4712687,38.0160652,2017-06-26,2017-06,,
1435,shijiazhuang,g00143x00193,shijiazhuang_station_7acab4812077,槐安桥(地铁站),114.4712182,38.0270694,2017-06-26,2017-06,,
1436,shijiazhuang,g00145x00193,shijiazhuang_station_88b29308a94d,东里(地铁站),114.4712041,38.0360833,2017-06-26,2017-06,,
1437,shijiazhuang,g00145x00216,shijiazhuang_station_86d8b121d668,留村站,114.60224,38.03695,2017-06-26,2017-06,,
1438,shijiazhuang,g00145x00219,shijiazhuang_station_398a8ededc43,火炬广场(地铁站),114.6173025,38.0372651,2017-06-26,2017-06,,
1439,shijiazhuang,g00146x00181,shijiazhuang_station_3b1faa02252c,西王站,114.40118,38.03947,2017-06-26,2017-06,,
1440,shijiazhuang,g00147x00183,shijiazhuang_station_ad6184f3c80c,时光街(地铁站),114.4168299,38.0398561,2017-06-26,2017-06,,
1441,shijiazhuang,g00147x00186,shijiazhuang_station_72a351677a45,长城桥(地铁站),114.430744,38.0405342,2017-06-26,2017-06,,
1442,shijiazhuang,g00147x00188,shijiazhuang_station_b2795041dbee,和平医院站,114.44461,38.04135,2017-06-26,2017-06,,
1443,shijiazhuang,g00147x00191,shijiazhuang_station_aea8afea2085,烈士陵园(地铁站),114.4589835,38.0419212,2017-06-26,2017-06,,
1444,shijiazhuang,g00147x00193,shijiazhuang_station_00e52d1cf8b0,新百广场(地铁站),114.4712586,38.0425258,2017-06-26,2017-06,,
1445,shijiazhuang,g00147x00195,shijiazhuang_station_a36beabf0775,解放广场(地铁站),114.4808932,38.0426833,2017-06-26,2017-06,,
1446,shijiazhuang,g00147x00197,shijiazhuang_station_b3bdf4a0f1ae,平安大街(地铁站),114.4954171,38.0428524,2017-06-26,2017-06,,
1447,shijiazhuang,g00147x00199,shijiazhuang_station_17ac4342e19b,北国商城(地铁站),114.5064093,38.0425229,2017-06-26,2017-06,,
1448,shijiazhuang,g00147x00201,shijiazhuang_station_35b8cca9e1e4,博物院(地铁站),114.5166659,38.0423391,2017-06-26,2017-06,,
1449,shijiazhuang,g00147x00203,shijiazhuang_station_aadc21cdde8f,体育场(地铁站),114.5268576,38.0425564,2017-06-26,2017-06,,
1450,shijiazhuang,g00147x00205,shijiazhuang_station_c037538d394c,北宋站,114.5407,38.04299,2017-06-26,2017-06,,
1451,shijiazhuang,g00147x00208,shijiazhuang_station_f5a45f1c2bd0,谈固(地铁站),114.556235,38.043175,2017-06-26,2017-06,,
1452,shijiazhuang,g00147x00210,shijiazhuang_station_7f782f1c6f40,朝晖桥(地铁站),114.5708288,38.0434633,2017-06-26,2017-06,,
1453,shijiazhuang,g00147x00212,shijiazhuang_station_ecddaf29c7e6,白佛(地铁站),114.5799674,38.043663,2017-06-26,2017-06,,
1454,shijiazhuang,g00147x00220,shijiazhuang_station_4b409f4679fb,石家庄东站(地铁站),114.6233936,38.0484136,2017-06-26,2017-06,,
1455,shijiazhuang,g00149x00193,shijiazhuang_station_445530f2d298,市二中(地铁站),114.4711581,38.0520085,2017-06-26,2017-06,,
1456,shijiazhuang,g00150x00220,shijiazhuang_station_0a7e5a7c896d,南村(地铁站),114.6229261,38.0590924,2017-06-26,2017-06,,
1457,shijiazhuang,g00152x00220,shijiazhuang_station_e139eb08a6c7,洨河大道(地铁站),114.6225765,38.0683488,2017-06-26,2017-06,,
1458,guangzhou,g00161x00101,guangzhou_station_b5c2cda220ac,植物园(地铁站),113.3601827,23.1926613,2017-06-28,2017-06,,
1459,guangzhou,g00162x00107,guangzhou_station_f7635426f72a,柯木塱(地铁站),113.3910728,23.1959911,2017-06-28,2017-06,,
1460,changchun,g00166x00229,changchun_station_b01ed4508d78,华庆路(地铁站),125.3220445,43.7976379,2017-06-30,2017-06,,
1461,changchun,g00170x00229,changchun_station_9836f7f4c11a,市政府(地铁站),125.3194407,43.8163348,2017-06-30,2017-06,,
1462,changchun,g00175x00229,changchun_station_d56c3debc6d5,繁荣路(地铁站),125.3191918,43.8386274,2017-06-30,2017-06,,
1463,changchun,g00180x00228,changchun_station_11034e94ac5f,东北师大(地铁站),125.3186676,43.8616232,2017-06-30,2017-06,,
1464,changchun,g00183x00228,changchun_station_2a19bfe1eb6c,解放大路(地铁站),125.3183622,43.8758189,2017-06-30,2017-06,,
1465,changchun,g00188x00228,changchun_station_4b5a00b28042,胜利公园(地铁站),125.3178102,43.8975706,2017-06-30,2017-06,,
1466,changchun,g00191x00228,changchun_station_9ec18cfa403b,长春站北(地铁站),125.3176594,43.9116561,2017-06-30,2017-06,,
1467,changchun,g00193x00228,changchun_station_9e03e94af6d6,一匡街(地铁站),125.3176845,43.9229117,2017-06-30,2017-06,,
1468,changchun,g00196x00228,changchun_station_267e4c7cf0e2,庆丰路(地铁站),125.3176607,43.9347759,2017-06-30,2017-06,,
1469,changchun,g00198x00228,changchun_station_cb21284d6543,北环城路(地铁站),125.3176939,43.9454702,2017-06-30,2017-06,,
1470,hangzhou,g00245x00386,hangzhou_station_4b63f10e17c3,庆菱路(地铁站),120.1884955,30.260013,2017-07-03,2017-07,,
1471,hangzhou,g00245x00388,hangzhou_station_1b838c02f407,庆春广场站,120.20012,30.25999,2017-07-03,2017-07,,
1472,hangzhou,g00246x00382,hangzhou_station_e083d1c2f386,中河北路(地铁站),120.1677937,30.2669577,2017-07-03,2017-07,,
1473,hangzhou,g00246x00384,hangzhou_station_6bd4047fa929,建国北路(地铁站),120.1761435,30.2669294,2017-07-03,2017-07,,
1474,hangzhou,g00248x00379,hangzhou_station_62eac2516bd4,武林门(地铁站),120.1506717,30.2719977,2017-07-03,2017-07,,
1475,hangzhou,g00250x00378,hangzhou_station_5e2dac366dbc,沈塘桥(地铁站),120.1455141,30.2824657,2017-07-03,2017-07,,
1476,hangzhou,g00251x00372,hangzhou_station_197384627dce,古翠路站,120.11284,30.2844,2017-07-03,2017-07,,
1477,hangzhou,g00251x00374,hangzhou_station_8cfd78d116cd,学院路(地铁站),120.1248153,30.2850339,2017-07-03,2017-07,,
1478,nanchang,g00106x00090,nanchang_station_5e65bf58bf1d,南路(地铁站),115.7842317,28.555986,2017-08-18,2017-08,,
1479,nanchang,g00108x00090,nanchang_station_26c4240bb9cf,南昌中学(地铁站),115.7843082,28.5638647,2017-08-18,2017-08,,
1480,nanchang,g00110x00090,nanchang_station_ae8e60e5ef55,生米(地铁站),115.7857912,28.5751036,2017-08-18,2017-08,,
1481,nanchang,g00112x00090,nanchang_station_71cf4db5783f,九龙湖南(地铁站),115.7883637,28.5829746,2017-08-18,2017-08,,
1482,nanchang,g00115x00091,nanchang_station_68083aec62f7,市民中心(地铁站),115.7911464,28.5967042,2017-08-18,2017-08,,
1483,nanchang,g00116x00092,nanchang_station_18091dd756db,九龙湖北站,115.794001,28.6024306,2017-08-18,2017-08,,
1484,nanchang,g00118x00091,nanchang_station_94712fe86afc,国博(地铁站),115.7908245,28.6114804,2017-08-18,2017-08,,
1485,nanchang,g00121x00090,nanchang_station_8285d4089658,西站南广场(地铁站),115.7854819,28.6216346,2017-08-18,2017-08,,
1486,nanchang,g00121x00095,nanchang_station_640bf0097af6,国体中心(地铁站),115.8117411,28.6256675,2017-08-18,2017-08,,
1487,nanchang,g00122x00091,nanchang_station_c886013f23e6,南昌西站(地铁站),115.7883101,28.6266809,2017-08-18,2017-08,,
1488,nanchang,g00122x00092,nanchang_station_869b0c743431,龙岗(地铁站),115.797956,28.626426,2017-08-18,2017-08,,
1489,nanchang,g00123x00096,nanchang_station_0d0e3c945c3f,卧龙山(地铁站),115.8174928,28.6349013,2017-08-18,2017-08,,
1490,nanchang,g00126x00098,nanchang_station_626eeca31fb6,岭北(地铁站),115.8251797,28.6443426,2017-08-18,2017-08,,
1491,nanchang,g00128x00099,nanchang_station_128fec5cfe7b,前湖大道(地铁站),115.8299851,28.6551767,2017-08-18,2017-08,,
1492,nanchang,g00130x00100,nanchang_station_c8f3fb2345aa,学府大道东(地铁站),115.8341791,28.6625553,2017-08-18,2017-08,,
1493,nanchang,g00132x00101,nanchang_station_fe00b9f7366f,翠苑路(地铁站),115.8417487,28.6759372,2017-08-18,2017-08,,
1494,kunming,g00152x00113,kunming_station_e7bfc7e883da,车家壁(地铁站),102.6144461,24.9975449,2017-08-29,2017-08,,
1495,kunming,g00155x00114,kunming_station_533e3b7c5cbc,普坪村(地铁站),102.619858,25.008541,2017-08-29,2017-08,,
1496,kunming,g00157x00116,kunming_station_17adffe0d8d8,石咀(地铁站),102.6281999,25.0212383,2017-08-29,2017-08,,
1497,kunming,g00160x00117,kunming_station_b9c820e0e449,大渔路(地铁站),102.6343955,25.030819,2017-08-29,2017-08,,
1498,kunming,g00161x00118,kunming_station_1209fb14ca02,西部汽车站(地铁站),102.6375642,25.0383716,2017-08-29,2017-08,,
1499,kunming,g00161x00132,kunming_station_610377432c4d,五一路(地铁站),102.7049173,25.0400663,2017-08-29,2017-08,,
1500,kunming,g00161x00136,kunming_station_4643d5e6dedb,拓东体育馆(地铁站),102.7283262,25.0412456,2017-08-29,2017-08,,
1501,kunming,g00161x00138,kunming_station_155528b583e0,大树营(地铁站),102.7389076,25.0397178,2017-08-29,2017-08,,
1502,kunming,g00161x00141,kunming_station_40d9f475cad3,金马寺(地铁站),102.7499861,25.0389501,2017-08-29,2017-08,,
1503,kunming,g00161x00143,kunming_station_70b53c4b03ad,太平村(地铁站),102.7593107,25.0393422,2017-08-29,2017-08,,
1504,kunming,g00163x00124,kunming_station_c37a7f9fda5a,西苑(地铁站),102.6651706,25.0489882,2017-08-29,2017-08,,
1505,kunming,g00163x00126,kunming_station_528303cdccef,梁家河(地铁站),102.6765761,25.0481115,2017-08-29,2017-08,,
1506,kunming,g00163x00128,kunming_station_cf0f6a3b6487,市体育馆(地铁站),102.6859989,25.047432,2017-08-29,2017-08,,
1507,kunming,g00164x00120,kunming_station_4cf507014eca,眠山(地铁站),102.6481433,25.0502432,2017-08-29,2017-08,,
1508,kunming,g00164x00122,kunming_station_674805e48f19,昌源中路(地铁站),102.6555431,25.0497211,2017-08-29,2017-08,,
1509,kunming,g00164x00166,kunming_station_cd4cfdb2cb91,大板桥(地铁站),102.8750979,25.0564638,2017-08-29,2017-08,,
1510,kunming,g00171x00174,kunming_station_5c4d8bd0a2bc,机场前(地铁站),102.9121047,25.0879409,2017-08-29,2017-08,,
1511,chengdu,g00125x00208,chengdu_station_d3dfa64e2420,双流机场1航站楼(地铁站),103.9570934,30.5812737,2017-09-06,2017-09,,
1512,chengdu,g00128x00210,chengdu_station_d5be0bb1c279,金花站,103.96788,30.59423,2017-09-06,2017-09,,
1513,chengdu,g00129x00216,chengdu_station_928416d7783f,华兴(地铁站),103.998806,30.6010104,2017-09-06,2017-09,,
1514,chengdu,g00132x00217,chengdu_station_f0d3c39afa5e,簇锦(地铁站),104.0059102,30.6137608,2017-09-06,2017-09,,
1515,chengdu,g00135x00220,chengdu_station_8fdbdebf9c4f,太平园(地铁站),104.0191968,30.627915,2017-09-06,2017-09,,
1516,nanjing,g00199x00121,nanjing_station_1b1694b00cf5,南湾营街,118.904257,32.033871,2017-10-31,2017-10,,
1517,nanjing,g00203x00118,nanjing_station_ba94982f3278,马群(地铁站),118.8896986,32.051866,2017-10-31,2017-10,,
1518,zhengzhou,g00096x00226,zhengzhou_station_a469b3c59b59,康平湖(地铁站),113.8472103,34.5860885,2017-11-16,2017-11,,
1519,chengdu,g00131x00228,chengdu_station_c57339b8ef9c,火车南站,104.06417,30.60764,2017-12-06,2017-12,,
1520,chengdu,g00131x00230,chengdu_station_3148230dbff2,三瓦窑站,104.07506,30.60654,2017-12-06,2017-12,,
1521,chengdu,g00131x00234,chengdu_station_7ef61162ead5,琉璃场(地铁站),104.0963885,30.6100527,2017-12-06,2017-12,,
1522,chengdu,g00132x00225,chengdu_station_8c15062af02a,神仙树(地铁站),104.045633,30.6125301,2017-12-06,2017-12,,
1523,chengdu,g00133x00239,chengdu_station_388e2d36060b,狮子山(地铁站),104.1217813,30.6183714,2017-12-06,2017-12,,
1524,chengdu,g00134x00241,chengdu_station_94cc9a98e870,大观(地铁站),104.1304126,30.6239163,2017-12-06,2017-12,,
1525,chengdu,g00136x00242,chengdu_station_65fdd543c824,成都东客站(地铁站),104.1378464,30.6317745,2017-12-06,2017-12,,
1526,chengdu,g00138x00218,chengdu_station_b3e807fcc13b,武侯大道(地铁站),104.010575,30.6395653,2017-12-06,2017-12,,
1527,chengdu,g00138x00242,chengdu_station_20c97466095f,迎晖路(地铁站),104.1371369,30.6407278,2017-12-06,2017-12,,
1528,chengdu,g00140x00242,chengdu_station_702f6ac830cc,槐树店(地铁站),104.136796,30.6513118,2017-12-06,2017-12,,
1529,chengdu,g00142x00242,chengdu_station_e4becb978f4d,双店路(地铁站),104.1344392,30.6600086,2017-12-06,2017-12,,
1530,chengdu,g00144x00242,chengdu_station_ebb0744fe113,崔家店站,104.1336,30.6671,2017-12-06,2017-12,,
1531,chengdu,g00146x00217,chengdu_station_e1e7305cc1d1,文化宫站,104.00729,30.67422,2017-12-06,2017-12,,
1532,chengdu,g00147x00218,chengdu_station_e67d3f554457,金沙博物馆站,104.01018,30.68006,2017-12-06,2017-12,,
1533,chengdu,g00149x00219,chengdu_station_a0d07cedf10a,一品天下(地铁站),104.0172508,30.6914539,2017-12-06,2017-12,,
1534,chengdu,g00149x00238,chengdu_station_e023ee11b4be,八里庄(地铁站),104.1155179,30.689521,2017-12-06,2017-12,,
1535,chengdu,g00151x00221,chengdu_station_bfdf7078bbd6,茶店子(地铁站),104.0284175,30.6987064,2017-12-06,2017-12,,
1536,chengdu,g00151x00223,chengdu_station_939afd892072,花照壁(地铁站),104.0383825,30.6990781,2017-12-06,2017-12,,
1537,chengdu,g00151x00225,chengdu_station_ab4a6e5617a1,西南交大(地铁站),104.0468549,30.6974998,2017-12-06,2017-12,,
1538,chengdu,g00151x00226,chengdu_station_849e3be13462,九里堤(地铁站),104.0546278,30.6970589,2017-12-06,2017-12,,
1539,chengdu,g00151x00228,chengdu_station_f84a7a2930ce,北站西二路站,104.0638,30.6971,2017-12-06,2017-12,,
1540,chengdu,g00151x00230,chengdu_station_f7749b58990d,火车北站,104.0714,30.69803,2017-12-06,2017-12,,
1541,chengdu,g00151x00236,chengdu_station_c55ad22a2392,府青路(地铁站),104.1046836,30.6968551,2017-12-06,2017-12,,
1542,nanjing,g00171x00048,nanjing_station_1565e83f4d7e,高家冲(地铁站),118.51209,31.9113003,2017-12-06,2017-12,,
1543,nanjing,g00173x00050,nanjing_station_222e28e80fa7,林山(地铁站),118.5259674,31.9209246,2017-12-06,2017-12,,
1544,nanjing,g00176x00053,nanjing_station_1cb70366a166,桥林新城(地铁站),118.5423767,31.9320221,2017-12-06,2017-12,,
1545,nanjing,g00178x00055,nanjing_station_6d4d5e834431,石碛河(地铁站),118.5530046,31.9401944,2017-12-06,2017-12,,
1546,nanjing,g00179x00075,nanjing_station_4ce00a9d9c9e,刘村站,118.65992,31.94644,2017-12-06,2017-12,,
1547,nanjing,g00180x00057,nanjing_station_9608c581c4db,双垅(地铁站),118.562456,31.9504672,2017-12-06,2017-12,,
1548,nanjing,g00181x00078,nanjing_station_27bdf87e9eb1,天保(地铁站),118.6722942,31.955262,2017-12-06,2017-12,,
1549,nanjing,g00182x00058,nanjing_station_67041d21d04b,兰花塘(地铁站),118.5698422,31.9604502,2017-12-06,2017-12,,
1550,nanjing,g00184x00091,nanjing_station_c5480b80e52e,春江路(地铁站),118.7430403,31.9644003,2017-12-06,2017-12,,
1551,nanjing,g00184x00094,nanjing_station_b5eb9cb9a665,铁心桥(地铁站),118.7585824,31.9664351,2017-12-06,2017-12,,
1552,nanjing,g00184x00097,nanjing_station_fc2f3380beb2,景明佳园站,118.77382,31.96439,2017-12-06,2017-12,,
1553,nanjing,g00185x00080,nanjing_station_887662462be9,高庙路(地铁站),118.6831971,31.9704151,2017-12-06,2017-12,,
1554,nanjing,g00186x00081,nanjing_station_fb9c278a84f4,吴侯街站,118.68817,31.97744,2017-12-06,2017-12,,
1555,nanjing,g00186x00084,nanjing_station_60f786e1c561,永初路(地铁站),118.706999,31.9763085,2017-12-06,2017-12,,
1556,nanjing,g00187x00082,nanjing_station_b7ca01be4a87,平良大街站,118.69743,31.97967,2017-12-06,2017-12,,
1557,qingdao,g00150x00183,qingdao_station_64a6c8cb67b8,浮山所(地铁站),120.3855315,36.0654537,2017-12-10,2017-12,,
1558,qingdao,g00150x00185,qingdao_station_db38d4d2b240,燕儿岛路(地铁站),120.3968897,36.0647329,2017-12-10,2017-12,,
1559,qingdao,g00150x00187,qingdao_station_1caab365228f,高雄路(地铁站),120.4055815,36.0658502,2017-12-10,2017-12,,
1560,qingdao,g00151x00179,qingdao_station_58e58753ea8b,芝泉路(地铁站),120.3635021,36.0691811,2017-12-10,2017-12,,
1561,qingdao,g00151x00191,qingdao_station_2fd85c683721,海游路(地铁站),120.4295529,36.0714615,2017-12-10,2017-12,,
1562,qingdao,g00152x00193,qingdao_station_68fab8d01fc3,海川路(地铁站),120.4383415,36.0761955,2017-12-10,2017-12,,
1563,qingdao,g00154x00194,qingdao_station_b404ae7d2017,海安路(地铁站),120.4456706,36.0852174,2017-12-10,2017-12,,
1564,qingdao,g00157x00197,qingdao_station_03a33e98605c,苗岭路(地铁站),120.4600197,36.1003288,2017-12-10,2017-12,,
1565,qingdao,g00160x00195,qingdao_station_ecca2973e883,同安路(地铁站),120.4503296,36.1110814,2017-12-10,2017-12,,
1566,qingdao,g00161x00194,qingdao_station_c31d254b197c,辽阳东路(地铁站),120.4452019,36.1172481,2017-12-10,2017-12,,
1567,qingdao,g00164x00193,qingdao_station_ae80badce01b,东韩(地铁站),120.4372241,36.1281545,2017-12-10,2017-12,,
1568,qingdao,g00168x00193,qingdao_station_7b7ce8e30d02,华楼山路(地铁站),120.4344347,36.1490609,2017-12-10,2017-12,,
1569,qingdao,g00169x00192,qingdao_station_21587d4e2052,枣山路(地铁站),120.4283627,36.1535787,2017-12-10,2017-12,,
1570,changsha,g00105x00232,changsha_station_961513ef31eb,开福寺站,112.9741,28.2255,2017-12-26,2017-12,,
1571,hefei,g00220x00102,hefei_station_3b882d515580,南岗(地铁站),117.1100247,31.8525618,2017-12-26,2017-12,,
1572,hefei,g00220x00104,hefei_station_ed3ea60243fd,桂庄(地铁站),117.1211621,31.852572,2017-12-26,2017-12,,
1573,hefei,g00220x00105,hefei_station_ec15829ee46c,汽车西站(地铁站),117.1307324,31.8527141,2017-12-26,2017-12,,
1574,hefei,g00220x00108,hefei_station_19e6c342e98a,振兴路(地铁站),117.1462804,31.8529556,2017-12-26,2017-12,,
1575,hefei,g00220x00111,hefei_station_4914d0c49739,蜀山西(地铁站),117.162446,31.853272,2017-12-26,2017-12,,
1576,hefei,g00220x00115,hefei_station_b5992ba3b829,大蜀山(地铁站),117.1805138,31.8540267,2017-12-26,2017-12,,
1577,hefei,g00221x00117,hefei_station_f8c90f345cd9,天柱路(地铁站),117.192996,31.8561576,2017-12-26,2017-12,,
1578,hefei,g00221x00119,hefei_station_98b85ae4cddb,科学大道(地铁站),117.2033394,31.8579254,2017-12-26,2017-12,,
1579,hefei,g00221x00122,hefei_station_bf435241e936,十里庙(地铁站),117.2177251,31.8569011,2017-12-26,2017-12,,
1580,hefei,g00221x00128,hefei_station_d0d8810cb3dc,三里庵(地铁站),117.2517309,31.857193,2017-12-26,2017-12,,
1581,hefei,g00221x00130,hefei_station_990d510fce0e,安农大(地铁站),117.2600071,31.8601819,2017-12-26,2017-12,,
1582,hefei,g00222x00132,hefei_station_f4577e276027,三孝口(地铁站),117.2698313,31.8630959,2017-12-26,2017-12,,
1583,hefei,g00222x00134,hefei_station_ebf91e51bf15,四牌楼(地铁站),117.2841704,31.8636554,2017-12-26,2017-12,,
1584,hefei,g00224x00139,hefei_station_74d74373a105,三里街(地铁站),117.308405,31.8695468,2017-12-26,2017-12,,
1585,hefei,g00224x00141,hefei_station_9153f5e51c61,东五里井(地铁站),117.3189185,31.869692,2017-12-26,2017-12,,
1586,hefei,g00224x00144,hefei_station_5271eb71e93e,东七里(地铁站),117.3328152,31.8697095,2017-12-26,2017-12,,
1587,hefei,g00224x00149,hefei_station_76f700be9c94,东二十埠(地铁站),117.3614428,31.8701052,2017-12-26,2017-12,,
1588,hefei,g00224x00151,hefei_station_26c198afbcf5,龙岗(地铁站),117.3707315,31.8702512,2017-12-26,2017-12,,
1589,hefei,g00224x00153,hefei_station_5badb09b962c,王岗(地铁站),117.3840681,31.8705627,2017-12-26,2017-12,,
1590,hefei,g00224x00155,hefei_station_f606912f022d,三十埠(地铁站),117.3916301,31.8707889,2017-12-26,2017-12,,
1591,wuhan,g00150x00151,wuhan_station_79a6b3da7ea4,岳家嘴(地铁站),114.3564812,30.5794228,2017-12-26,2017-12,,
1592,wuhan,g00150x00152,wuhan_station_a4d2faf82398,梨园(地铁站),114.364544,30.5771357,2017-12-26,2017-12,,
1593,wuhan,g00153x00148,wuhan_station_bb1d4c23e57f,徐东站,114.3401712,30.5904235,2017-12-26,2017-12,,
1594,wuhan,g00154x00146,wuhan_station_56743ce819a4,徐家棚站,114.3300278,30.5943246,2017-12-26,2017-12,,
1595,wuhan,g00157x00141,wuhan_station_f066e37fde60,黄浦路(地铁站),114.302706,30.6108027,2017-12-26,2017-12,,
1596,wuhan,g00160x00139,wuhan_station_9ef5d3424656,赵家条(地铁站),114.2916398,30.6202793,2017-12-26,2017-12,,
1597,wuhan,g00161x00137,wuhan_station_88eb4a7d3f2f,竹叶山站,114.2818328,30.6276506,2017-12-26,2017-12,,
1598,wuhan,g00165x00136,wuhan_station_1593d6160614,中一路站,114.2755941,30.6426542,2017-12-26,2017-12,,
1599,wuhan,g00167x00105,wuhan_station_08b2d906289a,三店(地铁站),114.115089,30.6513234,2017-12-26,2017-12,,
1600,wuhan,g00167x00136,wuhan_station_e1586f2b6456,塔子湖(地铁站),114.2749402,30.6550148,2017-12-26,2017-12,,
1601,wuhan,g00167x00140,wuhan_station_cc729bb83073,后湖大道站,114.2987419,30.652628,2017-12-26,2017-12,,
1602,wuhan,g00168x00142,wuhan_station_d22f0e7333ca,百步亭花园路(地铁站),114.3100201,30.656743,2017-12-26,2017-12,,
1603,wuhan,g00168x00146,wuhan_station_b20d5fe2fbc8,新荣(地铁站),114.3272699,30.6599268,2017-12-26,2017-12,,
1604,wuhan,g00170x00105,wuhan_station_b3e1d7154509,径河(地铁站),114.1151122,30.661318,2017-12-26,2017-12,,
1605,wuhan,g00171x00135,wuhan_station_603637fd5e89,宏图大道(地铁站),114.2723352,30.6727686,2017-12-26,2017-12,,
1606,wuhan,g00171x00148,wuhan_station_5c1713393cff,幸福湾(地铁站),114.3385885,30.674406,2017-12-26,2017-12,,
1607,wuhan,g00173x00136,wuhan_station_8e5e4fd7a5c1,金潭路(地铁站),114.2783098,30.6789661,2017-12-26,2017-12,,
1608,wuhan,g00173x00152,wuhan_station_d07011e629d4,朱家河(地铁站),114.3591132,30.6824128,2017-12-26,2017-12,,
1609,wuhan,g00174x00154,wuhan_station_4d59864bd96e,谌家矶(地铁站),114.3675708,30.6861233,2017-12-26,2017-12,,
1610,wuhan,g00177x00191,wuhan_station_2b81568d3e91,阳逻开发区(地铁站),114.5626777,30.7041789,2017-12-26,2017-12,,
1611,wuhan,g00178x00188,wuhan_station_1691c311e8c7,阳逻(地铁站),114.547913,30.7061218,2017-12-26,2017-12,,
1612,wuhan,g00178x00197,wuhan_station_dd0990cf687b,施岗(地铁站),114.5958513,30.7088273,2017-12-26,2017-12,,
1613,wuhan,g00179x00157,wuhan_station_e8ff5c323d82,青龙(地铁站),114.3848549,30.7076895,2017-12-26,2017-12,,
1614,wuhan,g00179x00165,wuhan_station_2275df6d49d8,武湖(地铁站),114.4244656,30.7092597,2017-12-26,2017-12,,
1615,wuhan,g00179x00174,wuhan_station_d8f7fe2b83ab,沙口(地铁站),114.472345,30.7115399,2017-12-26,2017-12,,
1616,wuhan,g00179x00181,wuhan_station_a1e4465cadcd,军民村(地铁站),114.5099892,30.7124383,2017-12-26,2017-12,,
1617,wuhan,g00179x00183,wuhan_station_c5efef91c7f4,武生院(地铁站),114.5204999,30.7110197,2017-12-26,2017-12,,
1618,wuhan,g00180x00161,wuhan_station_3658957763b2,高车(地铁站),114.4034868,30.7158244,2017-12-26,2017-12,,
1619,wuhan,g00180x00201,wuhan_station_1a73576d1370,金台(地铁站),114.614043,30.7162512,2017-12-26,2017-12,,
1620,hangzhou,g00251x00370,hangzhou_station_52cdb8a76196,丰潭路站,120.10444,30.28421,2017-12-27,2017-12,,
1621,hangzhou,g00252x00368,hangzhou_station_e88f436ca307,文新(地铁站),120.0933807,30.2915194,2017-12-27,2017-12,,
1622,hangzhou,g00255x00368,hangzhou_station_efd718791ea6,三坝(地铁站),120.0930865,30.3022872,2017-12-27,2017-12,,
1623,hangzhou,g00257x00368,hangzhou_station_7ad9304e41c2,虾龙圩(地铁站),120.0915675,30.3118531,2017-12-27,2017-12,,
1624,hangzhou,g00259x00367,hangzhou_station_7415556f7414,三墩(地铁站),120.0881953,30.3222983,2017-12-27,2017-12,,
1625,hangzhou,g00262x00366,hangzhou_station_5898195c956c,墩祥街(地铁站),120.0827927,30.3339326,2017-12-27,2017-12,,
1626,hangzhou,g00263x00366,hangzhou_station_3c163e579e7e,金家渡(地铁站),120.0791132,30.3413696,2017-12-27,2017-12,,
1627,hangzhou,g00266x00364,hangzhou_station_4b8541775c2b,白洋(地铁站),120.0680818,30.3534296,2017-12-27,2017-12,,
1628,hangzhou,g00268x00358,hangzhou_station_bdd62cbcf6cf,良渚(地铁站),120.0368663,30.3613207,2017-12-27,2017-12,,
1629,hangzhou,g00268x00360,hangzhou_station_b5345b0aab70,杜甫村(地铁站),120.0517386,30.3613306,2017-12-27,2017-12,,
1630,chongqing,g00335x00264,chongqing_station_cf0e275a1c6a,鲤鱼池(地铁站),106.548024,29.5757016,2017-12-28,2017-12,,
1631,chongqing,g00338x00253,chongqing_station_e96f89d776ab,大龙山(地铁站),106.4949373,29.5921902,2017-12-28,2017-12,,
1632,chongqing,g00340x00263,chongqing_station_efef7d2b0f1e,龙头寺公园(地铁站),106.5468965,29.6013981,2017-12-28,2017-12,,
1633,chongqing,g00343x00263,chongqing_station_a5b00011545e,重庆北站北广场(地铁站),106.5474567,29.6151011,2017-12-28,2017-12,,
1634,chongqing,g00344x00255,chongqing_station_67ba165a3a66,幸福广场(地铁站),106.5043727,29.6192793,2017-12-28,2017-12,,
1635,chongqing,g00346x00258,chongqing_station_37fd157711d1,人和(地铁站),106.5184594,29.6260832,2017-12-28,2017-12,,
1636,chongqing,g00347x00260,chongqing_station_5284d73bf8bc,和睦路(地铁站),106.529695,29.6324666,2017-12-28,2017-12,,
1637,chongqing,g00347x00266,chongqing_station_8dec7e3c5e12,民心佳园(地铁站),106.5639219,29.6294645,2017-12-28,2017-12,,
1638,chongqing,g00349x00270,chongqing_station_6b7ffa884465,三亚湾(地铁站),106.5810949,29.6412069,2017-12-28,2017-12,,
1639,chongqing,g00351x00259,chongqing_station_608291d6635d,重光站,106.526123,29.651622,2017-12-28,2017-12,,
1640,chongqing,g00354x00261,chongqing_station_0a1e7fe1d1c3,湖霞街站,106.53464,29.6626,2017-12-28,2017-12,,
1641,chongqing,g00354x00277,chongqing_station_959a68c6c0ec,环山公园(地铁站),106.6183947,29.661701,2017-12-28,2017-12,,
1642,chongqing,g00356x00263,chongqing_station_167d0d4711ce,丹鹤站,106.54686,29.67004,2017-12-28,2017-12,,
1643,chongqing,g00357x00265,chongqing_station_596700349c8d,园博中心(地铁站),106.5567325,29.6781229,2017-12-28,2017-12,,
1644,chongqing,g00357x00278,chongqing_station_1bf920e07c08,长河(地铁站),106.6256883,29.6768994,2017-12-28,2017-12,,
1645,chongqing,g00365x00283,chongqing_station_f7a38e9b41c9,江北机场T3航站楼站,106.65131,29.71008,2017-12-28,2017-12,,
1646,chongqing,g00367x00278,chongqing_station_9544c43e570e,渝北广场(地铁站),106.6260349,29.7213902,2017-12-28,2017-12,,
1647,chongqing,g00368x00267,chongqing_station_c40e81fa18c5,中央公园西(地铁站),106.5686975,29.7253473,2017-12-28,2017-12,,
1648,chongqing,g00368x00269,chongqing_station_95c26c3c1791,中央公园(地铁站),106.5798777,29.726524,2017-12-28,2017-12,,
1649,chongqing,g00368x00271,chongqing_station_e0f15a3416b0,中央公园东(地铁站),106.5885193,29.7264997,2017-12-28,2017-12,,
1650,chongqing,g00368x00274,chongqing_station_77623c0620d4,鹿山(地铁站),106.6046564,29.7234414,2017-12-28,2017-12,,
1651,guangzhou,g00138x00128,guangzhou_station_d763cbf1a0ab,南海神庙(地铁站),113.4919902,23.0858176,2017-12-28,2017-12,,
1652,guangzhou,g00140x00120,guangzhou_station_a9917fb4c66a,裕丰围(地铁站),113.4503484,23.097415,2017-12-28,2017-12,,
1653,guangzhou,g00140x00124,guangzhou_station_d7fcfa712330,双岗(地铁站),113.4689386,23.0970858,2017-12-28,2017-12,,
1654,guangzhou,g00191x00139,guangzhou_station_07ae29dab701,旺村(地铁站),113.546593,23.3260075,2017-12-28,2017-12,,
1655,guangzhou,g00193x00137,guangzhou_station_682620ddd4b7,何棠下(地铁站),113.5385102,23.3339225,2017-12-28,2017-12,,
1656,guangzhou,g00197x00086,guangzhou_station_60792c9bee43,高增(地铁站),113.2901216,23.3577333,2017-12-28,2017-12,,
1657,guangzhou,g00197x00133,guangzhou_station_daf16ec0f5f9,知识城(地铁站),113.5199627,23.3520585,2017-12-28,2017-12,,
1658,guangzhou,g00200x00130,guangzhou_station_9f7e963efa6d,枫下(地铁站),113.5030281,23.3656888,2017-12-28,2017-12,,
1659,guangzhou,g00202x00057,guangzhou_station_8320731165d0,飞鹅岭(地铁站),113.1496647,23.3808239,2017-12-28,2017-12,,
1660,guangzhou,g00202x00063,guangzhou_station_e769e4937ea5,花都汽车城(地铁站),113.1749511,23.3821968,2017-12-28,2017-12,,
1661,guangzhou,g00202x00069,guangzhou_station_10f522030cac,花城路(地铁站),113.2073764,23.3822006,2017-12-28,2017-12,,
1662,guangzhou,g00203x00127,guangzhou_station_ea531b240dea,新南(地铁站),113.4898871,23.3798196,2017-12-28,2017-12,,
1663,guangzhou,g00204x00070,guangzhou_station_8b251499a56c,花果山公园(地铁站),113.2130315,23.3897031,2017-12-28,2017-12,,
1664,guangzhou,g00205x00076,guangzhou_station_68c65b5091fd,莲塘(地铁站),113.2398075,23.3917025,2017-12-28,2017-12,,
1665,guangzhou,g00207x00071,guangzhou_station_54744430eb22,花都广场(地铁站),113.2172738,23.4038932,2017-12-28,2017-12,,
1666,guangzhou,g00208x00125,guangzhou_station_4642a65892df,红卫(地铁站),113.4820454,23.4018215,2017-12-28,2017-12,,
1667,guangzhou,g00211x00121,guangzhou_station_f3431c6127c3,新和(地铁站),113.4616234,23.4157605,2017-12-28,2017-12,,
1668,guiyang,g00112x00135,guiyang_station_aae9090d3282,北京路(地铁站),106.7024948,26.59647,2017-12-28,2017-12,,
1669,guiyang,g00117x00126,guiyang_station_a4e5d9d93f95,白鹭湖(地铁站),106.6580965,26.6232585,2017-12-28,2017-12,,
1670,guiyang,g00120x00125,guiyang_station_48d863d28f31,新寨(地铁站),106.6506975,26.6327058,2017-12-28,2017-12,,
1671,guiyang,g00123x00117,guiyang_station_38fc14a085ec,林城西路(地铁站),106.6139402,26.6489104,2017-12-28,2017-12,,
1672,guiyang,g00123x00123,guiyang_station_23c36d86ef46,国际生态会议中心(地铁站),106.6449552,26.6492748,2017-12-28,2017-12,,
1673,guiyang,g00124x00112,guiyang_station_d284b9f67e3d,老湾塘(地铁站),106.5866847,26.6520056,2017-12-28,2017-12,,
1674,guiyang,g00125x00110,guiyang_station_81658d2326c8,下麦西(地铁站),106.5764203,26.6587301,2017-12-28,2017-12,,
1675,nanning,g00130x00230,nanning_station_4675859ea2fe,玉洞(地铁站),108.3326345,22.7252992,2017-12-28,2017-12,,
1676,nanning,g00132x00229,nanning_station_b1f6e66e6b94,金象(地铁站),108.3282365,22.734069,2017-12-28,2017-12,,
1677,nanning,g00134x00228,nanning_station_d75eddcf800c,石子塘(地铁站),108.3203813,22.7439652,2017-12-28,2017-12,,
1678,nanning,g00136x00227,nanning_station_3878bf224229,建设路(地铁站),108.3143384,22.7546124,2017-12-28,2017-12,,
1679,nanning,g00139x00225,nanning_station_095b478d81d5,江南客运站(地铁站),108.3081501,22.7694243,2017-12-28,2017-12,,
1680,nanning,g00143x00225,nanning_station_d83a1594b623,石柱岭(地铁站),108.3075145,22.7843136,2017-12-28,2017-12,,
1681,nanning,g00144x00225,nanning_station_5727eabd5edf,亭洪路(地铁站),108.3074313,22.7916913,2017-12-28,2017-12,,
1682,nanning,g00148x00226,nanning_station_a26810ff4569,南宁剧场(地铁站),108.3096724,22.8069579,2017-12-28,2017-12,,
1683,nanning,g00151x00227,nanning_station_348d158d68e1,朝阳广场(地铁站),108.3168522,22.819859,2017-12-28,2017-12,,
1684,nanning,g00152x00227,nanning_station_a4d9ac66f638,火车站(地铁站),108.3123533,22.8276456,2017-12-28,2017-12,,
1685,nanning,g00158x00225,nanning_station_fc651ec10f9e,秀厢(地铁站),108.3027206,22.8513222,2017-12-28,2017-12,,
1686,nanning,g00160x00224,nanning_station_f1554e68654a,三十三中(地铁站),108.2982826,22.8607601,2017-12-28,2017-12,,
1687,nanning,g00162x00223,nanning_station_ee97db73fac7,苏卢(地铁站),108.2955984,22.8716683,2017-12-28,2017-12,,
1688,nanning,g00167x00223,nanning_station_10f03724d9cf,西津(地铁站),108.294505,22.8920479,2017-12-28,2017-12,,
1689,beijing,g00075x00121,beijing_station_df25bfd63cc0,饶乐府站,116.0001044,39.7000983,2017-12-30,2017-12,,
1690,beijing,g00076x00118,beijing_station_cdf6f8d604d7,房山城关(地铁站),115.98353,39.704899,2017-12-30,2017-12,,
1691,beijing,g00076x00123,beijing_station_db5b058d2cda,马各庄(地铁站),116.0104455,39.7038598,2017-12-30,2017-12,,
1692,beijing,g00077x00127,beijing_station_3d54742fe9b4,大石河东(地铁站),116.033723,39.7085242,2017-12-30,2017-12,,
1693,beijing,g00078x00131,beijing_station_a310dc562fb4,星城(地铁站),116.0550925,39.71233,2017-12-30,2017-12,,
1694,beijing,g00078x00134,beijing_station_3dbff28fee55,阎村(地铁站),116.0738661,39.7153564,2017-12-30,2017-12,,
1695,beijing,g00079x00116,beijing_station_f06844088f3a,燕山(地铁站),115.9673767,39.718498,2017-12-30,2017-12,,
1696,beijing,g00080x00135,beijing_station_394cf44e61d5,紫草坞(地铁站),116.0804175,39.723226,2017-12-30,2017-12,,
1697,beijing,g00081x00137,beijing_station_22f32000bbbe,阎村东(地铁站),116.0945166,39.7276445,2017-12-30,2017-12,,
1698,beijing,g00115x00202,beijing_station_e52c013bcae9,平乐园(地铁站),116.4712185,39.8839883,2017-12-30,2017-12,,
1699,beijing,g00117x00138,beijing_station_5ea0cda73d06,石厂(地铁站),116.0940129,39.8879818,2017-12-30,2017-12,,
1700,beijing,g00117x00140,beijing_station_323090c3a7e6,小园(地铁站),116.1081351,39.8890741,2017-12-30,2017-12,,
1701,beijing,g00118x00142,beijing_station_4412fe96681d,栗园庄(地铁站),116.1169588,39.8943961,2017-12-30,2017-12,,
1702,beijing,g00120x00142,beijing_station_9e6b591dc347,上岸(地铁站),116.1159268,39.9037527,2017-12-30,2017-12,,
1703,beijing,g00122x00142,beijing_station_4dd62165c07b,桥户营(地铁站),116.1195162,39.911001,2017-12-30,2017-12,,
1704,beijing,g00122x00144,beijing_station_12b2e482f011,四道桥(地铁站),116.1277331,39.9146577,2017-12-30,2017-12,,
1705,beijing,g00137x00160,beijing_station_f4167ba028a0,万安(地铁站),116.2259249,39.9827766,2017-12-30,2017-12,,
1706,beijing,g00137x00163,beijing_station_071f00bb0896,茶棚(地铁站),116.2420607,39.9808943,2017-12-30,2017-12,,
1707,beijing,g00138x00166,beijing_station_7c0d9076030d,颐和园西门(地铁站),116.2572081,39.9844746,2017-12-30,2017-12,,
1708,beijing,g00140x00156,beijing_station_b4ea7f4976d7,香山(地铁站),116.1983892,39.9928012,2017-12-30,2017-12,,
1709,beijing,g00140x00158,beijing_station_f4970a79992e,国家植物园(地铁站),116.2096437,39.9922972,2017-12-30,2017-12,,
1710,beijing,g00146x00169,beijing_station_ba5a49ca95f6,农大南路(地铁站),116.2762558,40.0201118,2017-12-30,2017-12,,
1711,shanghai,g00114x00053,shanghai_station_87383989472b,东方绿舟(地铁站),121.0150907,31.1005797,2017-12-30,2017-12,,
1712,shanghai,g00114x00059,shanghai_station_97929ea3483e,朱家角(地铁站),121.0444538,31.1025538,2017-12-30,2017-12,,
1713,shanghai,g00122x00065,shanghai_station_59295e1c28f6,淀山湖大道(地铁站),121.077535,31.1363536,2017-12-30,2017-12,,
1714,shanghai,g00127x00074,shanghai_station_7e77b36e4a32,青浦新城站,121.1211389,31.1606667,2017-12-30,2017-12,,
1715,shanghai,g00127x00086,shanghai_station_37339ec09ae7,赵巷(地铁站),121.1878015,31.1632478,2017-12-30,2017-12,,
1716,shanghai,g00128x00068,shanghai_station_4b169d7969fc,漕盈路(地铁站),121.0922786,31.1623411,2017-12-30,2017-12,,
1717,shanghai,g00128x00079,shanghai_station_9557758712c5,汇金路(地铁站),121.147107,31.1631474,2017-12-30,2017-12,,
1718,shanghai,g00128x00092,shanghai_station_3b51838ec779,嘉松中路(地铁站),121.2194846,31.1661418,2017-12-30,2017-12,,
1719,shanghai,g00130x00096,shanghai_station_6b62ad209f8c,徐泾北城(地铁站),121.2372464,31.177566,2017-12-30,2017-12,,
1720,shanghai,g00131x00098,shanghai_station_2ac57a160ed2,徐盈路(地铁站),121.2495538,31.1801486,2017-12-30,2017-12,,
1721,shanghai,g00133x00103,shanghai_station_3cc39624e349,蟠龙路(地铁站),121.274202,31.1883562,2017-12-30,2017-12,,
1722,shanghai,g00134x00106,shanghai_station_5260d26fd65f,诸光路站,121.2881056,31.1934972,2017-12-30,2017-12,,
1723,shanghai,g00134x00111,shanghai_station_991616995f10,虹桥火车站(地铁站),121.3143909,31.1959491,2017-12-30,2017-12,,
1724,shanghai,g00142x00156,shanghai_station_5561627d6aab,芳甸路(地铁站),121.5541822,31.2340127,2017-12-30,2017-12,,
1725,shanghai,g00147x00164,shanghai_station_5e5909e45313,台儿庄路(地铁站),121.5932548,31.2550174,2017-12-30,2017-12,,
1726,shanghai,g00148x00167,shanghai_station_e39cef2c6775,金桥站,121.606716,31.263056,2017-12-30,2017-12,,
1727,shanghai,g00149x00170,shanghai_station_069590f26d95,金吉路站,121.624716,31.266499,2017-12-30,2017-12,,
1728,shanghai,g00149x00175,shanghai_station_a68af53e75ee,顾唐路(地铁站),121.6522016,31.2681977,2017-12-30,2017-12,,
1729,shanghai,g00150x00177,shanghai_station_fb433006fa5d,民雷路(地铁站),121.6638392,31.2704359,2017-12-30,2017-12,,
1730,shanghai,g00151x00180,shanghai_station_27274a2257a8,曹路(地铁站),121.6788379,31.273368,2017-12-30,2017-12,,
1731,xiamen,g00036x00059,xiamen_station_eab6dd8bf78c,镇海路(地铁站),118.0778628,24.4531412,2017-12-31,2017-12,,
1732,xiamen,g00037x00060,xiamen_station_e6c806ac2936,中山公园(地铁站),118.0848757,24.4583255,2017-12-31,2017-12,,
1733,xiamen,g00038x00062,xiamen_station_1c64c51261bc,将军祠(地铁站),118.0948624,24.4634089,2017-12-31,2017-12,,
1734,xiamen,g00039x00063,xiamen_station_1dd2fef0e694,文灶(地铁站),118.0984702,24.4703467,2017-12-31,2017-12,,
1735,xiamen,g00041x00066,xiamen_station_be8f01466d4c,莲坂(地铁站),118.1132401,24.4787599,2017-12-31,2017-12,,
1736,xiamen,g00043x00067,xiamen_station_f8fe688c18d8,莲花路口(地铁站),118.1179074,24.4861413,2017-12-31,2017-12,,
1737,xiamen,g00046x00068,xiamen_station_caf22ef081af,乌石浦(地铁站),118.121458,24.5013983,2017-12-31,2017-12,,
1738,xiamen,g00048x00067,xiamen_station_d0de785c6781,塘边(地铁站),118.1176674,24.5089654,2017-12-31,2017-12,,
1739,xiamen,g00052x00066,xiamen_station_2336bd6a6ff1,殿前(地铁站),118.1112079,24.5275511,2017-12-31,2017-12,,
1740,xiamen,g00055x00066,xiamen_station_e67690a58a35,高崎(地铁站),118.1118709,24.54019,2017-12-31,2017-12,,
1741,xiamen,g00061x00061,xiamen_station_df144bf2f598,集美学村(地铁站),118.0874512,24.5665578,2017-12-31,2017-12,,
1742,xiamen,g00062x00056,xiamen_station_9cdd0604a877,园博苑(地铁站),118.0618778,24.5727334,2017-12-31,2017-12,,
1743,xiamen,g00064x00054,xiamen_station_4fd3cdbf99a6,杏锦路(地铁站),118.052409,24.5838773,2017-12-31,2017-12,,
1744,xiamen,g00064x00055,xiamen_station_2940a6700418,杏林村(地铁站),118.0565036,24.579711,2017-12-31,2017-12,,
1745,xiamen,g00067x00054,xiamen_station_1a55d86956e0,官任站,118.05354,24.597073,2017-12-31,2017-12,,
1746,xiamen,g00069x00053,xiamen_station_35e86b2319ec,诚毅广场(地铁站),118.0490905,24.6064066,2017-12-31,2017-12,,
1747,xiamen,g00072x00052,xiamen_station_371a525aba99,集美软件园(地铁站),118.0429865,24.6160643,2017-12-31,2017-12,,
1748,xiamen,g00073x00053,xiamen_station_33354885c2f9,集美大道(地铁站),118.0505869,24.6229193,2017-12-31,2017-12,,
1749,xiamen,g00074x00055,xiamen_station_53922bcd194d,天水路(地铁站),118.0611995,24.628675,2017-12-31,2017-12,,
1750,xiamen,g00077x00057,xiamen_station_f4d2df5d0d47,厦门北站,118.068683,24.639194,2017-12-31,2017-12,,
1751,xiamen,g00078x00056,xiamen_station_4b1d45f24f76,岩内(地铁站),118.0652662,24.6457848,2017-12-31,2017-12,,
1752,hangzhou,g00225x00377,hangzhou_station_3a0763db709d,杨家墩(地铁站),120.1441568,30.1701447,2018-01-09,2018-01,,
1753,hangzhou,g00227x00377,hangzhou_station_53ae81e16bc5,中医药大学(地铁站),120.1417214,30.1781224,2018-01-09,2018-01,,
1754,hangzhou,g00233x00378,hangzhou_station_68e87ee96a1b,水澄桥(地铁站),120.1472484,30.2064034,2018-01-09,2018-01,,
1755,hangzhou,g00234x00380,hangzhou_station_31c12d806879,复兴路(地铁站),120.1587422,30.2126357,2018-01-09,2018-01,,
1756,hangzhou,g00236x00383,hangzhou_station_e61857a5a58b,南星桥(地铁站),120.1727604,30.2196696,2018-01-09,2018-01,,
1757,chengdu,g00083x00229,chengdu_station_d31e11c72356,科学城(地铁站),104.0698215,30.3937386,2018-03-18,2018-03,,
1758,chengdu,g00086x00229,chengdu_station_d786a7d79a0e,興隆湖站,104.0718,30.4043,2018-03-18,2018-03,,
1759,chengdu,g00086x00230,chengdu_station_8683d6f10028,兴隆湖(地铁站),104.0738989,30.4076846,2018-03-18,2018-03,,
1760,chengdu,g00089x00230,chengdu_station_b01ec80a697e,广州路(地铁站),104.0747482,30.4210481,2018-03-18,2018-03,,
1761,chengdu,g00093x00230,chengdu_station_4936e4c08336,天府公园(地铁站),104.0752319,30.4354576,2018-03-18,2018-03,,
1762,chengdu,g00095x00229,chengdu_station_fd07c8c40f20,武汉路(地铁站),104.0709784,30.4448638,2018-03-18,2018-03,,
1763,chengdu,g00097x00229,chengdu_station_e9047f728ca8,麓湖(地铁站),104.0707821,30.4570082,2018-03-18,2018-03,,
1764,chengdu,g00100x00229,chengdu_station_3b982c437c69,红石公园(地铁站),104.0704961,30.4667361,2018-03-18,2018-03,,
1765,chengdu,g00103x00228,chengdu_station_e63251ab626a,广福(地铁站),104.0668194,30.4811728,2018-03-18,2018-03,,
1766,chengdu,g00106x00229,chengdu_station_ccc4ea3a3872,海昌路(地铁站),104.069073,30.4952512,2018-03-18,2018-03,,
1767,chengdu,g00108x00229,chengdu_station_23a4e96e4190,华阳(地铁站),104.0680123,30.5056385,2018-03-18,2018-03,,
1768,chengdu,g00108x00231,chengdu_station_f311140c399c,五根松(地铁站),104.0788455,30.504502,2018-03-18,2018-03,,
1769,shanghai,g00096x00149,shanghai_station_1888095e1e86,汇臻路(地铁站),121.5202307,31.0274454,2018-03-31,2018-03,,
1770,shanghai,g00098x00151,shanghai_station_f198aafbc003,东城一路(地铁站),121.5277898,31.0326076,2018-03-31,2018-03,,
1771,shanghai,g00100x00151,shanghai_station_a4a301a40143,浦航路站,121.5262821,31.0432005,2018-03-31,2018-03,,
1772,shanghai,g00101x00151,shanghai_station_c3306ebba726,闵瑞路(地铁站),121.5260127,31.0501587,2018-03-31,2018-03,,
1773,shanghai,g00103x00150,shanghai_station_ca03dac6c526,三鲁公路(地铁站),121.5230685,31.0582982,2018-03-31,2018-03,,
1774,shanghai,g00104x00147,shanghai_station_101bb857612f,沈杜公路(地铁站),121.5078991,31.0635713,2018-03-31,2018-03,,
1775,qingdao,g00158x00199,qingdao_station_1bc28a1951da,会展中心站 (青岛地铁),120.46932,36.10277,2018-04-23,2018-04,,
1776,qingdao,g00160x00200,qingdao_station_56aaff45e302,青岛二中(地铁站),120.4757452,36.1103197,2018-04-23,2018-04,,
1777,qingdao,g00163x00201,qingdao_station_15be61be827b,青岛科大(地铁站),120.4803662,36.1240157,2018-04-23,2018-04,,
1778,qingdao,g00166x00201,qingdao_station_3f2841b2c453,张村(地铁站),120.4805693,36.1410323,2018-04-23,2018-04,,
1779,qingdao,g00168x00201,qingdao_station_875754c160b0,枯桃(地铁站),120.4822374,36.1479236,2018-04-23,2018-04,,
1780,qingdao,g00172x00203,qingdao_station_1025a2b15fc7,海洋大学(地铁站),120.4898628,36.164945,2018-04-23,2018-04,,
1781,qingdao,g00176x00206,qingdao_station_1168b0d96308,世博园站,120.506585,36.185408,2018-04-23,2018-04,,
1782,qingdao,g00182x00210,qingdao_station_aa1f657a1141,北宅(地铁站),120.5299391,36.2137308,2018-04-23,2018-04,,
1783,qingdao,g00188x00215,qingdao_station_c7122aed9214,北九水(地铁站),120.5541698,36.2385326,2018-04-23,2018-04,,
1784,qingdao,g00198x00223,qingdao_station_e085e3429bcd,庙石(地铁站),120.6017604,36.2843639,2018-04-23,2018-04,,
1785,qingdao,g00202x00227,qingdao_station_6b6e25063ce5,浦里(地铁站),120.623466,36.3063087,2018-04-23,2018-04,,
1786,qingdao,g00212x00234,qingdao_station_9a45e6717c2d,鳌山卫(地铁站),120.6561708,36.3489243,2018-04-23,2018-04,,
1787,qingdao,g00216x00237,qingdao_station_e4d822d99b8b,山东大学(地铁站),120.6738459,36.3688874,2018-04-23,2018-04,,
1788,qingdao,g00220x00237,qingdao_station_6646eea19dca,蓝色硅谷(地铁站),120.6745357,36.3851051,2018-04-23,2018-04,,
1789,qingdao,g00224x00237,qingdao_station_58e4153003de,水泊(地铁站),120.6750226,36.4050845,2018-04-23,2018-04,,
1790,qingdao,g00227x00242,qingdao_station_a611d867f1e3,博览中心(地铁站),120.6996849,36.420915,2018-04-23,2018-04,,
1791,qingdao,g00233x00242,qingdao_station_6fa166a58a7e,温泉东(地铁站),120.6981094,36.4440418,2018-04-23,2018-04,,
1792,qingdao,g00237x00243,qingdao_station_ccb2b82c89a1,皋虞(地铁站),120.7059929,36.4639046,2018-04-23,2018-04,,
1793,qingdao,g00238x00247,qingdao_station_6b0a3f2a8407,臧村(地铁站),120.7276826,36.4677794,2018-04-23,2018-04,,
1794,tianjin,g00127x00111,tianjin_station_380735b935e1,解放南路(地铁站),117.227754,39.0398065,2018-04-26,2018-04,,
1795,tianjin,g00128x00108,tianjin_station_3bc20d77249b,梅江会展中心(地铁站),117.2114542,39.0433534,2018-04-26,2018-04,,
1796,tianjin,g00128x00113,tianjin_station_669ea9a213f3,洞庭路(地铁站),117.2396157,39.04265,2018-04-26,2018-04,,
1797,tianjin,g00128x00115,tianjin_station_b7740e642041,梅林路(地铁站),117.2485143,39.0438789,2018-04-26,2018-04,,
1798,tianjin,g00130x00108,tianjin_station_2b56c0fac6e5,梅江公园(地铁站),117.2112851,39.0513672,2018-04-26,2018-04,,
1799,tianjin,g00131x00108,tianjin_station_215aa24b7bbb,左江道(地铁站),117.2110469,39.0591722,2018-04-26,2018-04,,
1800,tianjin,g00133x00110,tianjin_station_f9fc75b1cd6a,梅江道(地铁站),117.2193405,39.0678441,2018-04-26,2018-04,,
1801,tianjin,g00136x00101,tianjin_station_35064a07939e,水上公园东路(地铁站),117.1667869,39.078457,2018-04-26,2018-04,,
1802,tianjin,g00137x00105,tianjin_station_5421ec24c9ba,天津宾馆(地铁站),117.1922464,39.0843196,2018-04-26,2018-04,,
1803,tianjin,g00137x00109,tianjin_station_73f2da6d57f5,尖山路(地铁站),117.2177281,39.0862573,2018-04-26,2018-04,,
1804,tianjin,g00138x00108,tianjin_station_80dd186b92eb,乐园道(地铁站),117.211065,39.0903,2018-04-26,2018-04,,
1805,nanjing,g00107x00149,nanjing_station_44d3c7033f7f,无想山(地铁站),119.0411637,31.6132827,2018-05-26,2018-05,,
1806,nanjing,g00110x00149,nanjing_station_84f1fc3a6f22,幸庄(地铁站),119.0407486,31.6264375,2018-05-26,2018-05,,
1807,nanjing,g00114x00148,nanjing_station_ab5df3faa73b,中山湖(地铁站),119.0399108,31.6485986,2018-05-26,2018-05,,
1808,nanjing,g00118x00148,nanjing_station_3a547dc65943,溧水(地铁站),119.0391962,31.6645377,2018-05-26,2018-05,,
1809,nanjing,g00123x00148,nanjing_station_60eba50f375d,卧龙湖(地铁站),119.0379275,31.6881479,2018-05-26,2018-05,,
1810,nanjing,g00134x00118,nanjing_station_591e1d801e28,空港新城江宁(地铁站),118.8826617,31.7398386,2018-05-26,2018-05,,
1811,nanjing,g00134x00138,nanjing_station_4bfc21988e20,空港新城溧水(地铁站),118.9840671,31.7358172,2018-05-26,2018-05,,
1812,nanjing,g00139x00128,nanjing_station_87154999850a,柘塘(地铁站),118.9328636,31.758869,2018-05-26,2018-05,,
1813,hangzhou,g00229x00378,hangzhou_station_24105102472d,联庄(地铁站),120.1473281,30.1889774,2018-06-06,2018-06,,
1814,guangzhou,g00201x00079,guangzhou_station_dec4bc5aa1d0,清塘(地铁站),113.257513,23.3748077,2018-06-30,2018-06,,
1815,changchun,g00180x00206,changchun_station_23546def6cf5,双丰(地铁站),125.1791432,43.8650179,2018-08-30,2018-08,,
1816,changchun,g00183x00224,changchun_station_9ab4c61400d8,建设广场(地铁站),125.2909125,43.8754839,2018-08-30,2018-08,,
1817,changchun,g00183x00230,changchun_station_dc4cd41d08a3,平阳街(地铁站),125.3272109,43.8759059,2018-08-30,2018-08,,
1818,changchun,g00184x00212,changchun_station_c445c9daa2fd,兴隆堡(地铁站),125.2177355,43.8814833,2018-08-30,2018-08,,
1819,changchun,g00184x00215,changchun_station_a03d5a9016c2,西环城路(地铁站),125.2340019,43.8817266,2018-08-30,2018-08,,
1820,changchun,g00184x00217,changchun_station_47fa71c2cef8,和平大街(地铁站),125.2481413,43.8818597,2018-08-30,2018-08,,
1821,changchun,g00184x00219,changchun_station_a78111b65c3c,万福街(地铁站),125.2593787,43.8819752,2018-08-30,2018-08,,
1822,changchun,g00184x00220,changchun_station_d838a653c6bc,景阳广场(地铁站),125.2697737,43.8802919,2018-08-30,2018-08,,
1823,changchun,g00184x00231,changchun_station_0858c79bfcee,南关(地铁站),125.3388196,43.8782996,2018-08-30,2018-08,,
1824,changchun,g00184x00237,changchun_station_c7d66b29e8de,东盛大街(地铁站),125.3700784,43.8798213,2018-08-30,2018-08,,
1825,changchun,g00184x00244,changchun_station_0dca7101a407,东方广场(地铁站),125.4191313,43.8793551,2018-08-30,2018-08,,
1826,wuhan,g00128x00141,wuhan_station_7dc1e7cffbca,板桥(地铁站),114.3080177,30.4767282,2018-10-01,2018-10,,
1827,wuhan,g00129x00170,wuhan_station_04cc9d8ee25b,光谷同济医院(地铁站),114.4610008,30.4876665,2018-10-01,2018-10,,
1828,wuhan,g00129x00179,wuhan_station_7fbd4092cb66,光谷六路(地铁站),114.5076254,30.4875618,2018-10-01,2018-10,,
1829,wuhan,g00129x00193,wuhan_station_c080c21823cc,未来一路(地铁站),114.5800917,30.4872529,2018-10-01,2018-10,,
1830,wuhan,g00129x00197,wuhan_station_9fbfa96432bb,未来三路(地铁站),114.600951,30.4891273,2018-10-01,2018-10,,
1831,wuhan,g00130x00141,wuhan_station_1adf17f509cd,湖工大站,114.3078559,30.4868868,2018-10-01,2018-10,,
1832,wuhan,g00130x00164,wuhan_station_dbf3309cacbb,武汉东站(地铁站),114.4262532,30.4892864,2018-10-01,2018-10,,
1833,wuhan,g00130x00167,wuhan_station_e69c86b3554f,湖口(地铁站),114.4432718,30.4902963,2018-10-01,2018-10,,
1834,wuhan,g00130x00173,wuhan_station_50d460e24026,光谷生物园(地铁站),114.4758748,30.4900492,2018-10-01,2018-10,,
1835,wuhan,g00130x00175,wuhan_station_7200e12005c4,光谷四路(地铁站),114.4867021,30.4916253,2018-10-01,2018-10,,
1836,wuhan,g00130x00181,wuhan_station_c2f461352b49,豹澥(地铁站),114.5177046,30.4912976,2018-10-01,2018-10,,
1837,wuhan,g00130x00184,wuhan_station_aac7626764cc,光谷七路(地铁站),114.5289355,30.4910387,2018-10-01,2018-10,,
1838,wuhan,g00130x00189,wuhan_station_8e06b81e228b,长岭山(地铁站),114.5580707,30.49028,2018-10-01,2018-10,,
1839,wuhan,g00130x00200,wuhan_station_25ffb1ec7013,左岭(地铁站),114.6156064,30.4907862,2018-10-01,2018-10,,
1840,wuhan,g00134x00141,wuhan_station_62e03023e4fa,建安街站,114.3083116,30.5053167,2018-10-01,2018-10,,
1841,wuhan,g00137x00141,wuhan_station_1a278270bae3,瑞安街(地铁站),114.3087491,30.5173291,2018-10-01,2018-10,,
1842,wuhan,g00140x00142,wuhan_station_165fedae6e98,武昌火车站(地铁站),114.3109933,30.5330359,2018-10-01,2018-10,,
1843,wuhan,g00143x00142,wuhan_station_9ddc11414725,小东门(地铁站),114.3130009,30.5474154,2018-10-01,2018-10,,
1844,wuhan,g00145x00142,wuhan_station_56a737b3154a,螃蟹岬(地铁站),114.3120167,30.5557354,2018-10-01,2018-10,,
1845,wuhan,g00147x00142,wuhan_station_9c801ba8e614,新河街(地铁站),114.3116515,30.5649598,2018-10-01,2018-10,,
1846,wuhan,g00150x00145,wuhan_station_5f686f82b4fa,湖北大学站,114.3234405,30.579682,2018-10-01,2018-10,,
1847,wuhan,g00155x00129,wuhan_station_d0cc476be31a,武汉商务区(地铁站),114.241038,30.5984366,2018-10-01,2018-10,,
1848,wuhan,g00155x00132,wuhan_station_d776a6f75990,王家墩东(地铁站),114.2578744,30.5967039,2018-10-01,2018-10,,
1849,wuhan,g00155x00134,wuhan_station_78345bd7bc8a,取水楼(地铁站),114.269239,30.6000835,2018-10-01,2018-10,,
1850,wuhan,g00155x00139,wuhan_station_866c38e0f66d,三阳路(地铁站),114.2959082,30.6011321,2018-10-01,2018-10,,
1851,wuhan,g00157x00127,wuhan_station_240c7bc2f73f,常码头(地铁站),114.2293559,30.6070862,2018-10-01,2018-10,,
1852,wuhan,g00157x00136,wuhan_station_3f8c81dadbe0,香港路(地铁站),114.2793461,30.6076706,2018-10-01,2018-10,,
1853,wuhan,g00160x00125,wuhan_station_0ae09738ffab,园博园(地铁站),114.2204243,30.6207693,2018-10-01,2018-10,,
1854,wuhan,g00164x00124,wuhan_station_40f47d37a097,园博园北(地铁站),114.2171468,30.6404211,2018-10-01,2018-10,,
1855,tianjin,g00128x00103,tianjin_station_f50c157b2d29,中医一附院(地铁站),117.1784367,39.0457717,2018-10-22,2018-10,,
1856,tianjin,g00133x00100,tianjin_station_c375dbcb335f,凌宾路(地铁站),117.1656633,39.0670099,2018-10-22,2018-10,,
1857,tianjin,g00134x00101,tianjin_station_6b6774cac1be,体育中心(地铁站),117.1661113,39.0736817,2018-10-22,2018-10,,
1858,tianjin,g00136x00102,tianjin_station_b283cb5bb85f,肿瘤医院(地铁站),117.1757136,39.0790782,2018-10-22,2018-10,,
1859,tianjin,g00139x00108,tianjin_station_58bf5a13a817,西南楼(地铁站),117.2097792,39.0941891,2018-10-22,2018-10,,
1860,tianjin,g00141x00109,tianjin_station_ed97801fd9f3,下瓦房站,117.216805,39.1044299,2018-10-22,2018-10,,
1861,tianjin,g00144x00113,tianjin_station_a1e1c9ed0ba0,津塘路(地铁站),117.2357862,39.116154,2018-10-22,2018-10,,
1862,tianjin,g00147x00113,tianjin_station_43d3d89a7b95,成林道(地铁站),117.2395798,39.1293248,2018-10-22,2018-10,,
1863,tianjin,g00150x00113,tianjin_station_90b16b213f43,靖江路(地铁站),117.2379426,39.1419659,2018-10-22,2018-10,,
1864,tianjin,g00152x00113,tianjin_station_ad72e708365f,幸福公园(地铁站),117.2379152,39.1531162,2018-10-22,2018-10,,
1865,tianjin,g00154x00113,tianjin_station_c7c851f6fc92,月牙河(地铁站),117.2395115,39.1637791,2018-10-22,2018-10,,
1866,tianjin,g00158x00111,tianjin_station_2622f346baf0,建昌道(地铁站),117.2283657,39.1786015,2018-10-22,2018-10,,
1867,tianjin,g00159x00109,tianjin_station_78ba4ad8234a,志成路(地铁站),117.2128436,39.1860724,2018-10-22,2018-10,,
1868,tianjin,g00159x00110,tianjin_station_ae1ac88f8d15,思源路(地铁站),117.2210562,39.1819636,2018-10-22,2018-10,,
1869,tianjin,g00160x00108,tianjin_station_bbbf1beeb0f4,张兴庄(地铁站),117.2085267,39.1908767,2018-10-22,2018-10,,
1870,tianjin,g00163x00106,tianjin_station_5dde4bcaa370,宜兴埠北(地铁站),117.1991187,39.2019677,2018-10-22,2018-10,,
1871,tianjin,g00164x00105,tianjin_station_4b34ffab6c5f,辽河北道(地铁站),117.1936849,39.2086686,2018-10-22,2018-10,,
1872,tianjin,g00166x00104,tianjin_station_b52456f41942,淮河道(地铁站),117.1861556,39.2174782,2018-10-22,2018-10,,
1873,tianjin,g00169x00102,tianjin_station_e7e5ac281d9c,职业大学(地铁站),117.1756233,39.2299085,2018-10-22,2018-10,,
1874,tianjin,g00171x00101,tianjin_station_e1bd842e62a9,北辰道(地铁站),117.1672904,39.2394947,2018-10-22,2018-10,,
1875,tianjin,g00174x00099,tianjin_station_6b4b250c47f3,丹河北道(地铁站),117.1572651,39.2512595,2018-10-22,2018-10,,
1876,urumqi,g00222x00147,urumqi_station_2fece7624ef0,八楼站,87.58167,43.83354,2018-10-25,2018-10,,
1877,urumqi,g00224x00146,urumqi_station_fd839940d8cf,新疆图书馆(地铁站),87.5717685,43.8394778,2018-10-25,2018-10,,
1878,urumqi,g00225x00145,urumqi_station_4f7dafbf9a7d,中营工(地铁站),87.5687707,43.8465567,2018-10-25,2018-10,,
1879,urumqi,g00228x00144,urumqi_station_4a9b3dd531bb,小西沟(地铁站),87.5633797,43.8590503,2018-10-25,2018-10,,
1880,urumqi,g00232x00142,urumqi_station_9a1217c71729,体育中心(地铁站),87.5522612,43.8792947,2018-10-25,2018-10,,
1881,urumqi,g00235x00141,urumqi_station_b9e68ecb568e,植物园(地铁站),87.5452159,43.8896512,2018-10-25,2018-10,,
1882,urumqi,g00236x00133,urumqi_station_702dc324d0af,大地窝堡(地铁站),87.4934286,43.8952184,2018-10-25,2018-10,,
1883,urumqi,g00237x00129,urumqi_station_bc275a75a7ab,国际机场(地铁站),87.471315,43.8995815,2018-10-25,2018-10,,
1884,urumqi,g00237x00140,urumqi_station_0fe5b6f01355,迎宾路口(地铁站),87.5389046,43.8988891,2018-10-25,2018-10,,
1885,urumqi,g00239x00139,urumqi_station_478754dafad8,三工(地铁站),87.5320128,43.9088969,2018-10-25,2018-10,,
1886,urumqi,g00240x00137,urumqi_station_2ac1dce1875a,宣仁墩(地铁站),87.5194456,43.9134035,2018-10-25,2018-10,,
1887,changchun,g00200x00229,changchun_station_57542ef59f5c,一二三中学(地铁站),125.3236473,43.9532134,2018-10-30,2018-10,,
1888,changchun,g00202x00228,changchun_station_7d296fa112ce,小南(地铁站),125.3234423,43.9627616,2018-10-30,2018-10,,
1889,changchun,g00204x00229,changchun_station_fa6b346bd736,小城子街(地铁站),125.3247537,43.9686316,2018-10-30,2018-10,,
1890,changchun,g00205x00233,changchun_station_898edc39db8c,北湖大桥(地铁站),125.3494493,43.9739321,2018-10-30,2018-10,,
1891,changchun,g00205x00234,changchun_station_b905e83a03da,北湖公园(地铁站),125.3611749,43.9739848,2018-10-30,2018-10,,
1892,changchun,g00205x00236,changchun_station_810332978983,和安街(地铁站),125.3708002,43.9738595,2018-10-30,2018-10,,
1893,changchun,g00207x00237,changchun_station_346259ae8478,光机路(地铁站),125.3779379,43.9832569,2018-10-30,2018-10,,
1894,changchun,g00209x00237,changchun_station_fb8cd6ddbd82,大学城路(地铁站),125.3779524,43.9923755,2018-10-30,2018-10,,
1895,changchun,g00210x00239,changchun_station_2f8c44aed52f,地理所(地铁站),125.3911133,43.995502,2018-10-30,2018-10,,
1896,changchun,g00210x00241,changchun_station_4a2d006f7998,奥林匹克公园(地铁站),125.4029921,43.997822,2018-10-30,2018-10,,
1897,changchun,g00212x00242,changchun_station_a70ace7608fb,广通路(地铁站),125.4110887,44.0064493,2018-10-30,2018-10,,
1898,guiyang,g00091x00136,guiyang_station_6987c2d013a1,小孟工业园(地铁站),106.7058715,26.5012287,2018-12-01,2018-12,,
1899,guiyang,g00093x00136,guiyang_station_00cd66992c85,清水江路(地铁站),106.7055417,26.5105565,2018-12-01,2018-12,,
1900,guiyang,g00097x00136,guiyang_station_f0e6c7a50015,珠江路(地铁站),106.7071522,26.5297145,2018-12-01,2018-12,,
1901,guiyang,g00099x00136,guiyang_station_4b9b275b2760,望城坡(地铁站),106.7085117,26.5400128,2018-12-01,2018-12,,
1902,guiyang,g00102x00134,guiyang_station_cea246cdcfe2,沙冲路(地铁站),106.6992617,26.5532696,2018-12-01,2018-12,,
1903,guiyang,g00106x00135,guiyang_station_892abd075614,河滨公园(地铁站),106.7040805,26.5727626,2018-12-01,2018-12,,
1904,guiyang,g00108x00136,guiyang_station_4d3243cdafd5,中山西路(地铁站),106.7060158,26.580677,2018-12-01,2018-12,,
1905,guiyang,g00110x00136,guiyang_station_13ed198eb866,喷水池(地铁站),106.7066112,26.587171,2018-12-01,2018-12,,
1906,guiyang,g00113x00134,guiyang_station_3b85f3fe2d90,八鸽岩(地铁站),106.6993688,26.6005302,2018-12-01,2018-12,,
1907,guiyang,g00117x00135,guiyang_station_622e9f8e7f1f,南垭路(地铁站),106.7013811,26.618831,2018-12-01,2018-12,,
1908,tianjin,g00130x00126,tianjin_station_d15bbd3a18cc,李楼(地铁站),117.3107841,39.0534275,2018-12-03,2018-12,,
1909,chongqing,g00334x00253,chongqing_station_d34373b0ab5d,大石坝(地铁站),106.4932012,29.5743829,2018-12-24,2018-12,,
1910,chengdu,g00120x00199,chengdu_station_9a6ec3d6fbf1,三里坝(地铁站),103.9124908,30.5563697,2018-12-26,2018-12,,
1911,chengdu,g00122x00200,chengdu_station_6f5383006db8,双流广场(地铁站),103.9181139,30.5670691,2018-12-26,2018-12,,
1912,chengdu,g00124x00201,chengdu_station_614fc97fc729,东升(地铁站),103.9232271,30.5740108,2018-12-26,2018-12,,
1913,chengdu,g00126x00203,chengdu_station_1a4000b0bcd6,迎春桥(地铁站),103.9328151,30.5834243,2018-12-26,2018-12,,
1914,chengdu,g00128x00203,chengdu_station_75e1962ccc59,航都大街(地铁站),103.9348178,30.5937754,2018-12-26,2018-12,,
1915,chengdu,g00131x00205,chengdu_station_b8df42e27845,龙桥路(地铁站),103.9420229,30.6066872,2018-12-26,2018-12,,
1916,chengdu,g00133x00210,chengdu_station_a8cf6c443742,双凤桥(地铁站),103.9670071,30.6186494,2018-12-26,2018-12,,
1917,chengdu,g00135x00217,chengdu_station_47a417d364ac,川藏立交(地铁站),104.0041362,30.6255145,2018-12-26,2018-12,,
1918,chengdu,g00136x00214,chengdu_station_f01ca1aeb1f7,武侯立交(地铁站),103.991139,30.6295774,2018-12-26,2018-12,,
1919,chengdu,g00166x00239,chengdu_station_5a1e9aace937,植物园(地铁站),104.1187608,30.7657146,2018-12-26,2018-12,,
1920,chengdu,g00167x00240,chengdu_station_c80c9d809d3c,金华寺东路(地铁站),104.1229123,30.7727671,2018-12-26,2018-12,,
1921,chengdu,g00170x00242,chengdu_station_b39433840315,三河场(地铁站),104.1363912,30.7870578,2018-12-26,2018-12,,
1922,chengdu,g00173x00245,chengdu_station_d4d6dfb39ebd,锦水河(地铁站),104.1508128,30.7998373,2018-12-26,2018-12,,
1923,chengdu,g00175x00246,chengdu_station_f63d554a40bf,团结新区(地铁站),104.1562803,30.8067774,2018-12-26,2018-12,,
1924,chengdu,g00177x00247,chengdu_station_1ba014021577,马超西路(地铁站),104.162238,30.8155426,2018-12-26,2018-12,,
1925,chengdu,g00178x00249,chengdu_station_456aaf2e0815,钟楼(地铁站),104.1728557,30.8233753,2018-12-26,2018-12,,
1926,chengdu,g00178x00251,chengdu_station_f575801a2c68,石油大学(地铁站),104.1841636,30.8211884,2018-12-26,2018-12,,
1927,chengdu,g00178x00253,chengdu_station_e176dd3831e4,成都医学院站,104.19222,30.8193,2018-12-26,2018-12,,
1928,qingdao,g00065x00088,qingdao_station_95c213ca249d,琅琊(地铁站),119.8700347,35.6710088,2018-12-26,2018-12,,
1929,qingdao,g00067x00081,qingdao_station_493751f2afff,贡口湾(地铁站),119.8322232,35.6767734,2018-12-26,2018-12,,
1930,qingdao,g00069x00068,qingdao_station_437029c58a6f,泊里(地铁站),119.7617928,35.6871615,2018-12-26,2018-12,,
1931,qingdao,g00069x00074,qingdao_station_36dff79b265f,董家口港(地铁站),119.7920375,35.6851768,2018-12-26,2018-12,,
1932,qingdao,g00069x00093,qingdao_station_f9d7ff825199,龙湾(地铁站),119.8970864,35.690331,2018-12-26,2018-12,,
1933,qingdao,g00083x00092,qingdao_station_82b6ade4d9e1,古镇口(地铁站),119.8886848,35.7510124,2018-12-26,2018-12,,
1934,qingdao,g00092x00098,qingdao_station_2a80ee2d0bcf,张家楼(地铁站),119.9212359,35.7940817,2018-12-26,2018-12,,
1935,qingdao,g00097x00109,qingdao_station_b46709cd4035,大珠山(地铁站),119.9840378,35.8157935,2018-12-26,2018-12,,
1936,qingdao,g00104x00112,qingdao_station_abb99c0878aa,世纪大道(地铁站),119.9971949,35.8496445,2018-12-26,2018-12,,
1937,qingdao,g00109x00115,qingdao_station_ad5e1c3412bf,双珠路站,120.01124,35.87127,2018-12-26,2018-12,,
1938,qingdao,g00113x00116,qingdao_station_f79c443548ac,凤凰山路(地铁站),120.0174192,35.8899694,2018-12-26,2018-12,,
1939,qingdao,g00113x00118,qingdao_station_0be49378de1b,隐珠(地铁站),120.0295553,35.892067,2018-12-26,2018-12,,
1940,qingdao,g00114x00124,qingdao_station_6a58f10d1e64,两河(地铁站),120.0614242,35.8939471,2018-12-26,2018-12,,
1941,qingdao,g00115x00127,qingdao_station_b0028c21a5c4,辛屯(地铁站),120.0817848,35.899544,2018-12-26,2018-12,,
1942,qingdao,g00117x00130,qingdao_station_0a1c4ac10842,朝阳山(地铁站),120.0966065,35.9080791,2018-12-26,2018-12,,
1943,qingdao,g00119x00133,qingdao_station_2e99fc057691,学院路(地铁站),120.1137778,35.9193658,2018-12-26,2018-12,,
1944,qingdao,g00120x00137,qingdao_station_3f4101cb74ad,灵山卫(地铁站),120.1331986,35.9255466,2018-12-26,2018-12,,
1945,qingdao,g00121x00142,qingdao_station_38957a07520a,积米崖(地铁站),120.1597099,35.9307901,2018-12-26,2018-12,,
1946,qingdao,g00126x00146,qingdao_station_8206fd62dedb,井冈山路(地铁站),120.1825043,35.9533035,2018-12-26,2018-12,,
1947,xian,g00112x00267,xian_station_09253a974927,神舟大道(地铁站),108.9788459,34.1440044,2018-12-26,2018-12,,
1948,xian,g00112x00270,xian_station_c590830105cd,航天東路站,108.99206,34.14403,2018-12-26,2018-12,,
1949,xian,g00112x00273,xian_station_91e0f6eb8732,航天新城(地铁站),109.0081881,34.1439718,2018-12-26,2018-12,,
1950,xian,g00114x00266,xian_station_b1dd5035d0ff,東長安街站,108.9698,34.15586,2018-12-26,2018-12,,
1951,xian,g00116x00266,xian_station_c2ad3da2d2f0,飛天路站,108.96978,34.1641,2018-12-26,2018-12,,
1952,xian,g00118x00266,xian_station_16b91bd0512b,航天大道(地铁站),108.9697249,34.172263,2018-12-26,2018-12,,
1953,xian,g00120x00266,xian_station_a08baf65166a,金滹沱(地铁站),108.9705298,34.1821157,2018-12-26,2018-12,,
1954,xian,g00124x00266,xian_station_1e0433371d98,曲江池西(地铁站),108.9702595,34.1988639,2018-12-26,2018-12,,
1955,xian,g00127x00265,xian_station_b4f6f8d1611e,大唐芙蓉園站,108.96618,34.21173,2018-12-26,2018-12,,
1956,xian,g00132x00264,xian_station_386e242a2be1,西安科技大学(地铁站),108.9590209,34.2346133,2018-12-26,2018-12,,
1957,xian,g00134x00264,xian_station_f75f32920f67,建筑科技大学·李家村(地铁站),108.9579681,34.2427889,2018-12-26,2018-12,,
1958,xian,g00136x00264,xian_station_6e3aad163256,和平门(地铁站),108.958621,34.251344,2018-12-26,2018-12,,
1959,xian,g00138x00264,xian_station_e2cf542e06f6,大差市站,108.95848,34.261,2018-12-26,2018-12,,
1960,xian,g00144x00266,xian_station_79868cec3581,含元殿(地铁站),108.966754,34.2891443,2018-12-26,2018-12,,
1961,xian,g00146x00266,xian_station_a3e038355071,大明宮站,108.96679,34.29827,2018-12-26,2018-12,,
1962,xian,g00149x00266,xian_station_bab282cae47c,大明宮北站,108.96676,34.30993,2018-12-26,2018-12,,
1963,xian,g00151x00266,xian_station_a8e5aaa3b34c,余家寨(地铁站),108.9683393,34.3186538,2018-12-26,2018-12,,
1964,xian,g00153x00266,xian_station_fa641f0fd325,百花村(地铁站),108.9668882,34.3279814,2018-12-26,2018-12,,
1965,xian,g00155x00266,xian_station_10588593af9f,常青路(地铁站),108.9668845,34.3369981,2018-12-26,2018-12,,
1966,xian,g00156x00259,xian_station_bc91166cc026,文景路(地铁站),108.9320803,34.3425398,2018-12-26,2018-12,,
1967,xian,g00156x00264,xian_station_384a4aa604d7,市中医医院(地铁站),108.9558385,34.3425249,2018-12-26,2018-12,,
1968,xian,g00158x00258,xian_station_4ecf8cd03afe,凤城九路(地铁站),108.9251398,34.3504246,2018-12-26,2018-12,,
1969,xian,g00160x00258,xian_station_8f8203af1343,凤城十二路(地铁站),108.9251121,34.3605885,2018-12-26,2018-12,,
1970,xian,g00162x00258,xian_station_e3f2474c4b79,元鼎路(地铁站),108.9250675,34.3687174,2018-12-26,2018-12,,
1971,chongqing,g00322x00265,chongqing_station_0311c5e8b515,南湖(地铁站),106.5534491,29.5196147,2018-12-28,2018-12,,
1972,chongqing,g00323x00263,chongqing_station_1f4f7045b51f,海峡路(地铁站),106.5426392,29.5212498,2018-12-28,2018-12,,
1973,chongqing,g00325x00245,chongqing_station_342bcbf20901,重庆图书馆(地铁站),106.4518186,29.5351356,2018-12-28,2018-12,,
1974,chongqing,g00326x00270,chongqing_station_a282f9875278,海棠溪(地铁站),106.5833741,29.5374486,2018-12-28,2018-12,,
1975,chongqing,g00331x00272,chongqing_station_abedf8299739,上新街(地铁站),106.5935081,29.558992,2018-12-28,2018-12,,
1976,chongqing,g00333x00246,chongqing_station_ce274a19bb18,重庆大学站,106.45973,29.57066,2018-12-28,2018-12,,
1977,chongqing,g00336x00249,chongqing_station_a5e4a9a6c517,玉带山(地铁站),106.4720204,29.5836971,2018-12-28,2018-12,,
1978,chongqing,g00336x00273,chongqing_station_a49879441d48,涂山(地铁站),106.5964422,29.578846,2018-12-28,2018-12,,
1979,chongqing,g00340x00251,chongqing_station_8a940bb77ae9,体育公园(地铁站),106.4837537,29.6012791,2018-12-28,2018-12,,
1980,chongqing,g00340x00265,chongqing_station_78ed2660159d,渝鲁(地铁站),106.5561284,29.5984709,2018-12-28,2018-12,,
1981,chongqing,g00341x00254,chongqing_station_488998feace4,动步公园(地铁站),106.501512,29.6066544,2018-12-28,2018-12,,
1982,chongqing,g00342x00256,chongqing_station_d57332b5be80,洪湖东路(地铁站),106.5087048,29.6103827,2018-12-28,2018-12,,
1983,chongqing,g00342x00281,chongqing_station_e234220054b1,太平冲(地铁站),106.6377878,29.6085731,2018-12-28,2018-12,,
1984,chongqing,g00342x00284,chongqing_station_fd73d91eed58,唐家沱(地铁站),106.6557444,29.6081872,2018-12-28,2018-12,,
1985,chongqing,g00343x00268,chongqing_station_b4a5c05cbef1,头塘(地铁站),106.5696319,29.6110777,2018-12-28,2018-12,,
1986,chongqing,g00345x00270,chongqing_station_4176c6fd85d7,保税港(地铁站),106.579997,29.6194801,2018-12-28,2018-12,,
1987,chongqing,g00346x00274,chongqing_station_cb6017f62577,寸滩(地铁站),106.6024545,29.6246904,2018-12-28,2018-12,,
1988,chongqing,g00346x00277,chongqing_station_87a44fbf097a,黑石子(地铁站),106.6172956,29.6275038,2018-12-28,2018-12,,
1989,guangzhou,g00134x00085,guangzhou_station_3eaa39899af2,石溪(地铁站),113.2806028,23.0706192,2018-12-28,2018-12,,
1990,guangzhou,g00180x00092,guangzhou_station_3e2ac061bf43,夏良(地铁站),113.3180742,23.2802459,2018-12-28,2018-12,,
1991,guangzhou,g00185x00097,guangzhou_station_02e4c1c8637a,太和站 (广州),113.3414,23.3014806,2018-12-28,2018-12,,
1992,guangzhou,g00196x00101,guangzhou_station_f50d06c9dcac,竹料(地铁站),113.3628142,23.3509425,2018-12-28,2018-12,,
1993,guangzhou,g00202x00108,guangzhou_station_a7c38042bf15,钟落潭(地铁站),113.395144,23.3780668,2018-12-28,2018-12,,
1994,guangzhou,g00206x00118,guangzhou_station_0b638a24905d,马沥(地铁站),113.4449073,23.3963427,2018-12-28,2018-12,,
1995,guangzhou,g00219x00126,guangzhou_station_9a2dde4f4b42,太平(地铁站),113.4865975,23.4546572,2018-12-28,2018-12,,
1996,guangzhou,g00225x00131,guangzhou_station_5c905134b884,神岗(地铁站),113.5123227,23.4778029,2018-12-28,2018-12,,
1997,guangzhou,g00231x00140,guangzhou_station_674ab7ac5239,赤草(地铁站),113.5550556,23.5039404,2018-12-28,2018-12,,
1998,guangzhou,g00237x00147,guangzhou_station_aff6b2ae5c9b,从化客运站(地铁站),113.5896173,23.5345412,2018-12-28,2018-12,,
1999,guangzhou,g00245x00148,guangzhou_station_3ca64ff59225,东风(地铁站),113.5956975,23.5690062,2018-12-28,2018-12,,
2000,wuhan,g00093x00144,wuhan_station_84ce3e553c13,青龙山地铁小镇(地铁站),114.3286959,30.3212974,2018-12-28,2018-12,,
2001,wuhan,g00099x00142,wuhan_station_29409c7eeb03,纸坊大街(地铁站),114.3191243,30.3472152,2018-12-28,2018-12,,
2002,wuhan,g00102x00142,wuhan_station_cdfeb3c3cf19,北华街(地铁站),114.3181168,30.3605401,2018-12-28,2018-12,,
2003,wuhan,g00105x00142,wuhan_station_d2d54d780c9e,谭鑫培公园(地铁站),114.3165902,30.372977,2018-12-28,2018-12,,
2004,wuhan,g00109x00142,wuhan_station_67bf7492c076,江夏客厅(地铁站),114.3162941,30.3915942,2018-12-28,2018-12,,
2005,wuhan,g00114x00142,wuhan_station_d6f5b6727214,大花岭(地铁站),114.3146557,30.4147657,2018-12-28,2018-12,,
2006,wuhan,g00120x00142,wuhan_station_87bc7c8db2d8,新路村(地铁站),114.3129599,30.4440293,2018-12-28,2018-12,,
2007,beijing,g00088x00197,beijing_station_6fba8a2b02ec,瀛海(地铁站),116.4428204,39.7593665,2018-12-30,2018-12,,
2008,beijing,g00090x00196,beijing_station_32f0053fc0bb,德茂(地铁站),116.4355916,39.7712739,2018-12-30,2018-12,,
2009,beijing,g00093x00193,beijing_station_91360cc0cd14,五福堂(地铁站),116.4176894,39.7836598,2018-12-30,2018-12,,
2010,beijing,g00096x00192,beijing_station_15972a69da1e,火箭万源(地铁站),116.4124056,39.7978952,2018-12-30,2018-12,,
2011,beijing,g00097x00190,beijing_station_5f71a88c3798,东高地(地铁站),116.4031982,39.803677,2018-12-30,2018-12,,
2012,beijing,g00099x00224,beijing_station_e189a62f4109,亦庄火车站(地铁站),116.5961376,39.8115733,2018-12-30,2018-12,,
2013,beijing,g00100x00189,beijing_station_147a9d180acf,和义(地铁站),116.395841,39.8134392,2018-12-30,2018-12,,
2014,beijing,g00104x00189,beijing_station_adf6113bf5f4,大红门南(地铁站),116.3948102,39.8353148,2018-12-30,2018-12,,
2015,beijing,g00108x00189,beijing_station_e9db400966cd,海户屯(地铁站),116.3940643,39.8504039,2018-12-30,2018-12,,
2016,beijing,g00110x00189,beijing_station_ce59b5a8e280,木樨园站,116.3936241,39.8586937,2018-12-30,2018-12,,
2017,beijing,g00110x00208,beijing_station_b55c65b404b1,垡头(地铁站),116.5058648,39.8595441,2018-12-30,2018-12,,
2018,beijing,g00111x00189,beijing_station_d8acd2a6d318,永定门外(地铁站),116.3930144,39.8662841,2018-12-30,2018-12,,
2019,beijing,g00115x00189,beijing_station_14ada710120a,天桥(地铁站),116.3924716,39.8805175,2018-12-30,2018-12,,
2020,beijing,g00119x00242,beijing_station_824a9d0638dc,北运河东(地铁站),116.7010352,39.902075,2018-12-30,2018-12,,
2021,beijing,g00124x00148,beijing_station_256a7b342e44,金安桥(地铁站),116.1563807,39.921972,2018-12-30,2018-12,,
2022,beijing,g00124x00191,beijing_station_2e042a8926c5,中国美术馆(地铁站),116.4045547,39.9227548,2018-12-30,2018-12,,
2023,beijing,g00125x00153,beijing_station_d8e65250a0be,杨庄(地铁站),116.1808665,39.926569,2018-12-30,2018-12,,
2024,beijing,g00125x00164,beijing_station_bc4c6c5eb137,田村(地铁站),116.2468824,39.9282862,2018-12-30,2018-12,,
2025,beijing,g00126x00156,beijing_station_76a8f18d4af2,西黄村(地铁站),116.2002599,39.9324853,2018-12-30,2018-12,,
2026,beijing,g00126x00160,beijing_station_36c8167f3cfd,廖公庄(地铁站),116.2212404,39.9311962,2018-12-30,2018-12,,
2027,shanghai,g00072x00144,shanghai_station_71f285fb4107,奉贤新城(地铁站),121.4918721,30.9160992,2018-12-30,2018-12,,
2028,shanghai,g00075x00143,shanghai_station_8d397537b37c,金海湖(地铁站),121.4880733,30.9309681,2018-12-30,2018-12,,
2029,shanghai,g00076x00137,shanghai_station_1539be5f4c8f,环城东路(地铁站),121.458674,30.9332483,2018-12-30,2018-12,,
2030,shanghai,g00076x00141,shanghai_station_007df43d031f,望园路站,121.478341,30.93419,2018-12-30,2018-12,,
2031,shanghai,g00078x00135,shanghai_station_6c53e42ece7c,奉浦大道(地铁站),121.4444151,30.9440969,2018-12-30,2018-12,,
2032,shanghai,g00083x00133,shanghai_station_44206083a4bf,萧塘(地铁站),121.4372702,30.9679025,2018-12-30,2018-12,,
2033,shanghai,g00089x00132,shanghai_station_49dba73cf4bd,西渡(地铁站),121.4278349,30.9913362,2018-12-30,2018-12,,
2034,shanghai,g00092x00130,shanghai_station_681abc0f2876,江川路(地铁站),121.4188542,31.0073944,2018-12-30,2018-12,,
2035,shanghai,g00129x00143,shanghai_station_ba5f4310910f,长清路(地铁站),121.4840564,31.17602,2018-12-30,2018-12,,
2036,shanghai,g00129x00144,shanghai_station_f2491fbe80c0,成山路(地铁站),121.4918866,31.172548,2018-12-30,2018-12,,
2037,shanghai,g00129x00147,shanghai_station_efffe740ecab,东明路(地铁站),121.5064808,31.1747255,2018-12-30,2018-12,,
2038,shanghai,g00130x00150,shanghai_station_06eedbb12937,华鹏路(地铁站),121.5222337,31.1783985,2018-12-30,2018-12,,
2039,shanghai,g00130x00153,shanghai_station_6668ae5d13bc,下南路(地铁站),121.5358979,31.1814507,2018-12-30,2018-12,,
2040,shanghai,g00130x00156,shanghai_station_79a85994a0ec,陈春路(地铁站),121.5539494,31.1772899,2018-12-30,2018-12,,
2041,shanghai,g00130x00165,shanghai_station_2560dd106e09,中科路(地铁站),121.5982684,31.181089,2018-12-30,2018-12,,
2042,shanghai,g00131x00155,shanghai_station_8b17b0c7101e,北蔡(地铁站),121.5477576,31.1823119,2018-12-30,2018-12,,
2043,shanghai,g00131x00167,shanghai_station_cf2667206e70,学林路站,121.61,31.1855556,2018-12-30,2018-12,,
2044,shanghai,g00132x00170,shanghai_station_a65de5b774b2,张江路站,121.625,31.1913889,2018-12-30,2018-12,,
2045,chongqing,g00343x00259,chongqing_station_ed418efa33df,民安大道(地铁站),106.5246446,29.6114903,2019-01-11,2019-01,,
2046,wenzhou,g00207x00259,wenzhou_station_26f41d809378,奥体中心(地铁站),120.806889,27.9188067,2019-01-23,2019-01,,
2047,wenzhou,g00210x00212,wenzhou_station_3b347e202490,桐岭(地铁站),120.5648649,27.9242605,2019-01-23,2019-01,,
2048,wenzhou,g00211x00254,wenzhou_station_d2bfd96db652,瑶溪(地铁站),120.778981,27.9337043,2019-01-23,2019-01,,
2049,wenzhou,g00214x00213,wenzhou_station_fa18e753bfbd,潘桥(地铁站),120.5699707,27.9442677,2019-01-23,2019-01,,
2050,wenzhou,g00216x00254,wenzhou_station_f67876c6ca81,科技城(地铁站),120.780297,27.9578848,2019-01-23,2019-01,,
2051,wenzhou,g00217x00250,wenzhou_station_35d2c3a6379f,龙腾路(地铁站),120.7587689,27.9618432,2019-01-23,2019-01,,
2052,wenzhou,g00220x00215,wenzhou_station_3c1cddb55a31,动车南站(地铁站),120.5799531,27.9704254,2019-01-23,2019-01,,
2053,wenzhou,g00220x00240,wenzhou_station_ce2ac4315a87,三垟湿地(地铁站),120.7098468,27.9762256,2019-01-23,2019-01,,
2054,wenzhou,g00221x00228,wenzhou_station_0532c4aa44ff,德政(地铁站),120.6459891,27.9791998,2019-01-23,2019-01,,
2055,wenzhou,g00222x00223,wenzhou_station_5475ab5e8636,新桥(地铁站),120.6236509,27.9808029,2019-01-23,2019-01,,
2056,wenzhou,g00222x00232,wenzhou_station_6b6bb3bc3a57,龙霞路(地铁站),120.665738,27.9825578,2019-01-23,2019-01,,
2057,wenzhou,g00222x00237,wenzhou_station_0d136adeaa95,惠民路(地铁站),120.6928492,27.9828209,2019-01-23,2019-01,,
2058,changchun,g00190x00228,changchun_station_da61d727e7cb,长春站(地铁站),125.3174887,43.9067816,2019-01-26,2019-01,,
2059,tianjin,g00177x00097,tianjin_station_66da42792201,北辰科技园北(地铁站),117.1433437,39.2668314,2019-01-31,2019-01,,
2060,wuhan,g00119x00163,wuhan_station_512dc20986d9,藏龙东街(地铁站),114.4241535,30.4393667,2019-02-19,2019-02,,
2061,wuhan,g00119x00165,wuhan_station_9352e2edb06e,佛祖岭(地铁站),114.4342965,30.4410258,2019-02-19,2019-02,,
2062,wuhan,g00121x00162,wuhan_station_e9f73b7e070d,秀湖(地铁站),114.4155175,30.4500762,2019-02-19,2019-02,,
2063,wuhan,g00124x00161,wuhan_station_d338bc136e3b,金融港北(地铁站),114.4148974,30.4642882,2019-02-19,2019-02,,
2064,wuhan,g00128x00163,wuhan_station_ef841f3158c5,黄龙山路(地铁站),114.424679,30.4798431,2019-02-19,2019-02,,
2065,wuhan,g00133x00164,wuhan_station_6d1870a10c20,佳园路(地铁站),114.4254004,30.5023466,2019-02-19,2019-02,,
2066,wuhan,g00134x00159,wuhan_station_8325b047cfce,珞雄路站,114.398229,30.509035,2019-02-19,2019-02,,
2067,wuhan,g00134x00162,wuhan_station_8ecbe8e4e2d8,光谷大道(地铁站),114.4182995,30.5088507,2019-02-19,2019-02,,
2068,wuhan,g00135x00161,wuhan_station_3bd8a569caa4,华中科技大学(地铁站),114.4087068,30.5097183,2019-02-19,2019-02,,
2069,jinan,g00134x00125,jinan_station_5e4a9dd1ac6b,创新谷(地铁站),116.7992786,36.5099968,2019-04-01,2019-04,,
2070,jinan,g00139x00124,jinan_station_36953dbb5fb0,园博园(地铁站),116.794156,36.5359447,2019-04-01,2019-04,,
2071,jinan,g00143x00125,jinan_station_0873b15c61f1,大学城(地铁站),116.797956,36.5521694,2019-04-01,2019-04,,
2072,jinan,g00165x00141,jinan_station_e16f2a06cb10,大杨(地铁站),116.8906568,36.6500563,2019-04-01,2019-04,,
2073,harbin,g00356x00183,harbin_station_b6e6b775e8e8,新疆大街(地铁站),126.6270538,45.6039349,2019-04-10,2019-04,,
2074,harbin,g00358x00185,harbin_station_ca42f912b251,渤海路(地铁站),126.6418844,45.6133906,2019-04-10,2019-04,,
2075,harbin,g00362x00184,harbin_station_604e904a7a7c,镜泊路(地铁站),126.6309645,45.6302168,2019-04-10,2019-04,,
2076,harbin,g00368x00182,harbin_station_32704f962ca8,同江路(地铁站),126.6187977,45.6542959,2019-04-10,2019-04,,
2077,fuzhou,g00232x00183,fuzhou_station_333c9061fc3e,董屿·福建师大(地铁站),119.2025072,26.0444143,2019-04-26,2019-04,,
2078,fuzhou,g00232x00184,fuzhou_station_1d6be78531b7,厚庭(地铁站),119.2101427,26.0444264,2019-04-26,2019-04,,
2079,fuzhou,g00233x00190,fuzhou_station_ba184c139d16,桔园洲(地铁站),119.2380214,26.0499903,2019-04-26,2019-04,,
2080,fuzhou,g00234x00191,fuzhou_station_0e50ea2a11d3,洪湾(地铁站),119.245311,26.0505086,2019-04-26,2019-04,,
2081,fuzhou,g00234x00194,fuzhou_station_c2638ecaa916,金山(地铁站),119.2575687,26.0505686,2019-04-26,2019-04,,
2082,fuzhou,g00234x00196,fuzhou_station_c43d2aa724c1,金祥(地铁站),119.2663574,26.0516328,2019-04-26,2019-04,,
2083,fuzhou,g00235x00216,fuzhou_station_15ca1ab18a76,鼓山(地铁站),119.3701236,26.056267,2019-04-26,2019-04,,
2084,fuzhou,g00236x00182,fuzhou_station_1480a046ea07,福州大学(地铁站),119.1986745,26.0614742,2019-04-26,2019-04,,
2085,fuzhou,g00237x00198,fuzhou_station_b85589f1ea76,祥坂(地铁站),119.2812382,26.0638566,2019-04-26,2019-04,,
2086,fuzhou,g00237x00200,fuzhou_station_677628a40cad,宁化(地铁站),119.2885489,26.0657488,2019-04-26,2019-04,,
2087,fuzhou,g00238x00181,fuzhou_station_ae90e93416f0,金屿(地铁站),119.1951787,26.0704458,2019-04-26,2019-04,,
2088,fuzhou,g00238x00214,fuzhou_station_b97a8b8f12c7,上洋(地铁站),119.3581177,26.0694771,2019-04-26,2019-04,,
2089,fuzhou,g00239x00201,fuzhou_station_2cd418676570,西洋(地铁站),119.2920888,26.0747605,2019-04-26,2019-04,,
2090,fuzhou,g00239x00211,fuzhou_station_7a10685ec2a4,前屿(地铁站),119.3454578,26.0749378,2019-04-26,2019-04,,
2091,fuzhou,g00240x00179,fuzhou_station_2fa75f616bec,上街(地铁站),119.1824548,26.0787897,2019-04-26,2019-04,,
2092,fuzhou,g00240x00204,fuzhou_station_d943fd4323bc,水部(地铁站),119.3093384,26.0795012,2019-04-26,2019-04,,
2093,fuzhou,g00240x00209,fuzhou_station_834d0e732741,五里亭(地铁站),119.3353956,26.0772875,2019-04-26,2019-04,,
2094,fuzhou,g00242x00176,fuzhou_station_ee38ee2f903f,沙堤(地铁站),119.1691175,26.0888467,2019-04-26,2019-04,,
2095,fuzhou,g00246x00171,fuzhou_station_705d1b34dfa9,苏洋(地铁站),119.1468041,26.1062805,2019-04-26,2019-04,,
2096,zhengzhou,g00125x00182,zhengzhou_station_0513be248513,後河蘆站,113.614,34.7217,2019-05-20,2019-05,,
2097,zhengzhou,g00125x00187,zhengzhou_station_0462475abb2e,市第二人民醫院站,113.6381,34.7216,2019-05-20,2019-05,,
2098,zhengzhou,g00125x00189,zhengzhou_station_7a2809e2c3ac,京广南路站,113.6509,34.7214,2019-05-20,2019-05,,
2099,zhengzhou,g00125x00191,zhengzhou_station_aa10675bfcc4,冯庄(地铁站),113.6617872,34.7215717,2019-05-20,2019-05,,
2100,zhengzhou,g00126x00195,zhengzhou_station_a764e14e9711,城东南路(地铁站),113.684071,34.7219353,2019-05-20,2019-05,,
2101,zhengzhou,g00126x00201,zhengzhou_station_d880008eabf4,七里河(地铁站),113.7159091,34.7219669,2019-05-20,2019-05,,
2102,zhengzhou,g00126x00203,zhengzhou_station_fff737b890b6,中原福塔(地铁站),113.72598,34.7219732,2019-05-20,2019-05,,
2103,zhengzhou,g00126x00206,zhengzhou_station_70aa4fca0580,福塔东(地铁站),113.7407593,34.721073,2019-05-20,2019-05,,
2104,zhengzhou,g00127x00181,zhengzhou_station_32c5ab5302b7,桐淮(地铁站),113.6075323,34.7298508,2019-05-20,2019-05,,
2105,zhengzhou,g00129x00181,zhengzhou_station_5cb846e95730,陇海西路(地铁站),113.6075305,34.7374843,2019-05-20,2019-05,,
2106,zhengzhou,g00131x00181,zhengzhou_station_a56c39011502,市中心医院(地铁站),113.6076523,34.7481237,2019-05-20,2019-05,,
2107,zhengzhou,g00131x00210,zhengzhou_station_5141b0e45027,省骨科医院(地铁站),113.7677067,34.7468597,2019-05-20,2019-05,,
2108,zhengzhou,g00132x00210,zhengzhou_station_a97701ea0b35,康宁街(地铁站),113.7676922,34.7514801,2019-05-20,2019-05,,
2109,zhengzhou,g00135x00183,zhengzhou_station_2efc4b59b452,月季公園站,113.6167,34.7668,2019-05-20,2019-05,,
2110,zhengzhou,g00136x00186,zhengzhou_station_593c144cd1b4,沙口路(地铁站),113.6343602,34.7716796,2019-05-20,2019-05,,
2111,zhengzhou,g00137x00188,zhengzhou_station_ad7a69ca0897,海灘寺站,113.6438,34.7752,2019-05-20,2019-05,,
2112,zhengzhou,g00137x00191,zhengzhou_station_5c047de596ed,郑州人民医院(地铁站),113.6610937,34.7756891,2019-05-20,2019-05,,
2113,zhengzhou,g00137x00196,zhengzhou_station_287178133d65,省人民医院(地铁站),113.6871735,34.7756763,2019-05-20,2019-05,,
2114,zhengzhou,g00137x00210,zhengzhou_station_79905d19a5b5,金水东路(地铁站),113.7647173,34.7702538,2019-05-20,2019-05,,
2115,zhengzhou,g00138x00198,zhengzhou_station_7b425df16a07,姚砦站,113.7022,34.7758,2019-05-20,2019-05,,
2116,zhengzhou,g00138x00200,zhengzhou_station_be8904bec700,眾意西路站,113.7127,34.7773,2019-05-20,2019-05,,
2117,zhengzhou,g00138x00202,zhengzhou_station_878acd93a6ea,中央商务区(地铁站),113.7231137,34.7788986,2019-05-20,2019-05,,
2118,zhengzhou,g00138x00206,zhengzhou_station_285167f58953,儿童医院站,113.7452,34.7769,2019-05-20,2019-05,,
2119,zhengzhou,g00138x00209,zhengzhou_station_e425fce4a696,祭城(地铁站),113.7604321,34.7776783,2019-05-20,2019-05,,
2120,shenyang,g00137x00177,shenyang_station_c6d7048fde68,曹仲(地铁站),123.3552917,41.7298454,2019-05-25,2019-05,,
2121,shenyang,g00137x00187,shenyang_station_c715cdb0c5a6,榆树台(地铁站),123.4154678,41.7273682,2019-05-25,2019-05,,
2122,shenyang,g00138x00190,shenyang_station_8eea427b4fa6,彩霞街(地铁站),123.4351852,41.731712,2019-05-25,2019-05,,
2123,shenyang,g00139x00198,shenyang_station_931b6306bad5,朗日街(地铁站),123.4790806,41.7388983,2019-05-25,2019-05,,
2124,shenyang,g00140x00195,shenyang_station_408b2377fa4a,天成街(地铁站),123.4618976,41.7412438,2019-05-25,2019-05,,
2125,shenyang,g00144x00174,shenyang_station_470e3919ab1b,吉力湖街(地铁站),123.3392047,41.7586087,2019-05-25,2019-05,,
2126,shenyang,g00150x00178,shenyang_station_9deef23bd354,兴华公园(地铁站),123.3597431,41.785215,2019-05-25,2019-05,,
2127,shenyang,g00153x00180,shenyang_station_066d81c9c07e,北二路(地铁站),123.3726331,41.8022712,2019-05-25,2019-05,,
2128,shenyang,g00162x00181,shenyang_station_f2876c997362,怒江公园(地铁站),123.3827956,41.839809,2019-05-25,2019-05,,
2129,changsha,g00088x00254,changsha_station_28ea325c5009,杜家坪(地铁站),113.0879025,28.1446662,2019-05-26,2019-05,,
2130,changsha,g00090x00247,changsha_station_e51024c1fde3,平阳(地铁站),113.0512582,28.1553722,2019-05-26,2019-05,,
2131,changsha,g00091x00237,changsha_station_998b109fe167,赤岗岭(地铁站),112.9997867,28.163025,2019-05-26,2019-05,,
2132,changsha,g00091x00240,changsha_station_530ffcf391f2,树木岭(地铁站),113.0157738,28.1596364,2019-05-26,2019-05,,
2133,changsha,g00091x00242,changsha_station_68a45e5c9d5f,圭塘(地铁站),113.0253272,28.1607671,2019-05-26,2019-05,,
2134,changsha,g00091x00246,changsha_station_94fe94bd27f5,粟塘(地铁站),113.046591,28.1608564,2019-05-26,2019-05,,
2135,changsha,g00097x00225,changsha_station_5a0ddbcdb65a,湖南师大(地铁站),112.9426904,28.1897518,2019-05-26,2019-05,,
2136,changsha,g00102x00227,changsha_station_2657ec00a68b,望月湖(地铁站),112.9504466,28.2100868,2019-05-26,2019-05,,
2137,changsha,g00105x00227,changsha_station_f6a5965565d8,六沟垅(地铁站),112.9488281,28.2245266,2019-05-26,2019-05,,
2138,changsha,g00107x00226,changsha_station_e2ccc585a050,观沙岭(地铁站),112.9469905,28.2340306,2019-05-26,2019-05,,
2139,changsha,g00110x00227,changsha_station_5f85ccace729,茶子山(地铁站),112.9540272,28.2461285,2019-05-26,2019-05,,
2140,changsha,g00112x00227,changsha_station_8d88704f6bfc,福元大桥西(地铁站),112.9532377,28.2567021,2019-05-26,2019-05,,
2141,changsha,g00115x00225,changsha_station_cebfe6065ea9,汉王陵公园(地铁站),112.9420606,28.2712099,2019-05-26,2019-05,,
2142,changsha,g00118x00222,changsha_station_d8f0fb949bf4,湘江新城(地铁站),112.9282644,28.2852167,2019-05-26,2019-05,,
2143,changsha,g00119x00221,changsha_station_3361399fd33a,月亮岛西(地铁站),112.9241045,28.2907899,2019-05-26,2019-05,,
2144,nanning,g00130x00240,nanning_station_c2bc1c61e962,平良立交(地铁站),108.3796634,22.7286761,2019-06-06,2019-06,,
2145,nanning,g00133x00240,nanning_station_574dade30e55,五象湖(地铁站),108.3802423,22.7416829,2019-06-06,2019-06,,
2146,nanning,g00136x00240,nanning_station_b1f296cb4350,庆歌路(地铁站),108.3793074,22.7529413,2019-06-06,2019-06,,
2147,nanning,g00137x00239,nanning_station_7e1dd966e22d,广西规划馆(地铁站),108.3737271,22.7598571,2019-06-06,2019-06,,
2148,nanning,g00141x00239,nanning_station_8bd66c37aed1,市博物馆(地铁站),108.3720259,22.7777991,2019-06-06,2019-06,,
2149,nanning,g00145x00237,nanning_station_e42423c282ae,青秀山(地铁站),108.3645439,22.795245,2019-06-06,2019-06,,
2150,nanning,g00146x00236,nanning_station_462aab93c116,青竹立交(地铁站),108.3603294,22.8019404,2019-06-06,2019-06,,
2151,nanning,g00149x00238,nanning_station_db45ae48d81a,金湖广场(地铁站),108.368426,22.8154252,2019-06-06,2019-06,,
2152,nanning,g00152x00237,nanning_station_64f76ad520ec,滨湖路(地铁站),108.3654091,22.8275945,2019-06-06,2019-06,,
2153,nanning,g00153x00236,nanning_station_1df2a952cf89,东葛路(地铁站),108.3558705,22.8327829,2019-06-06,2019-06,,
2154,nanning,g00155x00235,nanning_station_b3c436f2f5df,长堽路(地铁站),108.3527102,22.8394713,2019-06-06,2019-06,,
2155,nanning,g00161x00235,nanning_station_f17aecc89122,兴桂路(地铁站),108.3524491,22.8671902,2019-06-06,2019-06,,
2156,nanning,g00163x00232,nanning_station_bd93939e4e59,邕武路(地铁站),108.3361787,22.8782722,2019-06-06,2019-06,,
2157,nanning,g00163x00234,nanning_station_5142b34ab91c,大鸡村(地铁站),108.3469221,22.8752382,2019-06-06,2019-06,,
2158,nanning,g00164x00217,nanning_station_ccd3e74ec375,科园大道(地铁站),108.2653791,22.8811418,2019-06-06,2019-06,,
2159,nanning,g00164x00220,nanning_station_1344b0a9fe9a,创业路(地铁站),108.2799903,22.8816444,2019-06-06,2019-06,,
2160,nanning,g00164x00227,nanning_station_4f0d4059e934,北湖北路(地铁站),108.3128198,22.8787663,2019-06-06,2019-06,,
2161,nanning,g00164x00230,nanning_station_944d08348bb1,秀峰路(地铁站),108.3272398,22.8809451,2019-06-06,2019-06,,
2162,nanning,g00165x00223,nanning_station_9cefa35f35e3,安吉客运站(地铁站),108.2938905,22.8825397,2019-06-06,2019-06,,
2163,lanzhou,g00118x00242,lanzhou_station_46f176c423c5,焦家湾(地铁站),103.9054322,36.0387202,2019-06-23,2019-06,,
2164,lanzhou,g00119x00238,lanzhou_station_9e10d8c1719d,省气象局(地铁站),103.8811579,36.0420354,2019-06-23,2019-06,,
2165,lanzhou,g00119x00240,lanzhou_station_17e7306b1f15,拱星墩(地铁站),103.8930884,36.039519,2019-06-23,2019-06,,
2166,lanzhou,g00121x00233,lanzhou_station_5f3e7252d38f,兰州大学(地铁站),103.8542291,36.0503246,2019-06-23,2019-06,,
2167,lanzhou,g00122x00230,lanzhou_station_ba5a54337198,东方红广场(地铁站),103.8400381,36.0535349,2019-06-23,2019-06,,
2168,lanzhou,g00124x00222,lanzhou_station_5f74ac6d5bd6,小西湖(地铁站),103.7938107,36.0637814,2019-06-23,2019-06,,
2169,lanzhou,g00124x00223,lanzhou_station_221858b0de6c,文化宫(地铁站),103.8027224,36.0614061,2019-06-23,2019-06,,
2170,lanzhou,g00125x00217,lanzhou_station_7294fb967eac,西站什字(地铁站),103.7670081,36.0687281,2019-06-23,2019-06,,
2171,lanzhou,g00125x00219,lanzhou_station_2a76687a17d2,七里河(地铁站),103.7787686,36.0666492,2019-06-23,2019-06,,
2172,lanzhou,g00126x00212,lanzhou_station_3a83556dca3a,土门墩(地铁站),103.7406651,36.0732814,2019-06-23,2019-06,,
2173,lanzhou,g00126x00214,lanzhou_station_5ec50a196b9f,兰州西站北广场(地铁站),103.7498418,36.070444,2019-06-23,2019-06,,
2174,lanzhou,g00131x00201,lanzhou_station_c18b25ad28a3,奥体中心(地铁站),103.675659,36.0908505,2019-06-23,2019-06,,
2175,lanzhou,g00131x00206,lanzhou_station_7c7b0ace4b6a,兰州海关(地铁站),103.7070188,36.094759,2019-06-23,2019-06,,
2176,lanzhou,g00132x00205,lanzhou_station_3afc65e3be6e,兰州城市学院(省科技馆)(地铁站),103.6986903,36.0991566,2019-06-23,2019-06,,
2177,hangzhou,g00252x00351,hangzhou_station_870bbdfb76de,良睦路(地铁站),120.0026536,30.288115,2019-06-24,2019-06,,
2178,hangzhou,g00253x00354,hangzhou_station_8ce2ab8de343,永福(地铁站),120.0223049,30.2939522,2019-06-24,2019-06,,
2179,hangzhou,g00253x00364,hangzhou_station_69c025ff8f7f,浙大紫金港(地铁站),120.0718904,30.2964452,2019-06-24,2019-06,,
2180,hangzhou,g00254x00358,hangzhou_station_727761dabdbd,五常(地铁站),120.0401009,30.298609,2019-06-24,2019-06,,
2181,hangzhou,g00254x00362,hangzhou_station_713e07ed256c,蒋村(地铁站),120.0625377,30.2971291,2019-06-24,2019-06,,
2182,hangzhou,g00255x00371,hangzhou_station_1c3be75be1b7,萍水街(地铁站),120.1079493,30.3050773,2019-06-24,2019-06,,
2183,hangzhou,g00256x00372,hangzhou_station_c07fd985a187,和睦(地铁站),120.1145822,30.3108195,2019-06-24,2019-06,,
2184,hangzhou,g00258x00378,hangzhou_station_75a215e2f01a,拱宸桥东(地铁站),120.1432588,30.3193727,2019-06-24,2019-06,,
2185,hangzhou,g00258x00380,hangzhou_station_47f634278f21,善贤(地铁站),120.1559691,30.3198119,2019-06-24,2019-06,,
2186,hangzhou,g00259x00375,hangzhou_station_d2a048f930dd,大运河(地铁站),120.1265802,30.3215658,2019-06-24,2019-06,,
2187,shijiazhuang,g00155x00220,shijiazhuang_station_3860c949d347,西庄(地铁站),114.6222106,38.0806467,2019-06-26,2019-06,,
2188,shijiazhuang,g00157x00220,shijiazhuang_station_83f88ea06eaa,东庄(地铁站),114.6216219,38.093406,2019-06-26,2019-06,,
2189,shijiazhuang,g00164x00218,shijiazhuang_station_f438f7e545ab,会展中心(地铁站),114.6084849,38.1231322,2019-06-26,2019-06,,
2190,shijiazhuang,g00166x00219,shijiazhuang_station_8c9f5234333e,商务中心(地铁站),114.6150143,38.1319274,2019-06-26,2019-06,,
2191,shijiazhuang,g00169x00219,shijiazhuang_station_c8f14cf7b14a,园博园(地铁站),114.6152177,38.1436654,2019-06-26,2019-06,,
2192,shijiazhuang,g00171x00219,shijiazhuang_station_548de84a7266,福泽站,114.61531,38.15361,2019-06-26,2019-06,,
2193,urumqi,g00206x00152,urumqi_station_219a44e46bb9,三屯碑(地铁站),87.6079076,43.7602115,2019-06-28,2019-06,,
2194,urumqi,g00208x00152,urumqi_station_a7fbbec2514f,新疆大学(地铁站),87.6112185,43.7682687,2019-06-28,2019-06,,
2195,urumqi,g00210x00152,urumqi_station_d35d4bd978e0,二道桥(地铁站),87.6140313,43.7786811,2019-06-28,2019-06,,
2196,urumqi,g00215x00153,urumqi_station_8a78c1f1c052,北门(地铁站),87.6182185,43.8003112,2019-06-28,2019-06,,
2197,urumqi,g00218x00152,urumqi_station_559e68e6e406,新兴街(地铁站),87.6121474,43.8124102,2019-06-28,2019-06,,
2198,urumqi,g00219x00152,urumqi_station_715179a612a0,南湖广场(地铁站),87.6106244,43.820723,2019-06-28,2019-06,,
2199,urumqi,g00222x00152,urumqi_station_93e6c7c31dc5,南湖北路(地铁站),87.6096306,43.8316299,2019-06-28,2019-06,,
2200,urumqi,g00223x00150,urumqi_station_2a341a198eaf,王家梁(地铁站),87.6003535,43.8358094,2019-06-28,2019-06,,
2201,nanchang,g00129x00119,nanchang_station_c04cb3a4c477,辛家庵(地铁站),115.9347132,28.6626858,2019-06-30,2019-06,,
2202,nanchang,g00130x00114,nanchang_station_3bad9fbbc4dc,丁公路南(地铁站),115.9075839,28.6666119,2019-06-30,2019-06,,
2203,nanchang,g00130x00116,nanchang_station_745e6191d428,南昌火车站(地铁站),115.9162322,28.6665501,2019-06-30,2019-06,,
2204,nanchang,g00130x00117,nanchang_station_a148c2acb3d5,顺外(地铁站),115.9232802,28.6670456,2019-06-30,2019-06,,
2205,nanchang,g00131x00113,nanchang_station_8b1d7ea297d9,永叔路(地铁站),115.900493,28.6701791,2019-06-30,2019-06,,
2206,nanchang,g00134x00112,nanchang_station_10c38dbdc1c3,福州路(地铁站),115.8984453,28.6840102,2019-06-30,2019-06,,
2207,nanchang,g00135x00112,nanchang_station_beea93b653b9,青山路口(地铁站),115.8967491,28.6899187,2019-06-30,2019-06,,
2208,nanchang,g00136x00110,nanchang_station_ab91527f048b,阳明公园(地铁站),115.8864387,28.6913155,2019-06-30,2019-06,,
2209,nanchang,g00137x00103,nanchang_station_45db07eb00bf,雅苑路(地铁站),115.852483,28.6953844,2019-06-30,2019-06,,
2210,nanchang,g00137x00105,nanchang_station_c8f51aa02bcd,红谷中大道(地铁站),115.8621229,28.6950404,2019-06-30,2019-06,,
2211,ningbo,g00248x00147,ningbo_station_dc1d05b56b70,句章路(地铁站),121.5267817,29.7994557,2019-06-30,2019-06,,
2212,ningbo,g00255x00151,ningbo_station_6c8d8381f8ab,四明中路(地铁站),121.5464428,29.8305643,2019-06-30,2019-06,,
2213,ningbo,g00259x00156,ningbo_station_ad63a5a19968,仇毕(地铁站),121.5712671,29.8479516,2019-06-30,2019-06,,
2214,ningbo,g00263x00157,ningbo_station_e6e085ae631e,樱花公园(地铁站),121.5773198,29.8670545,2019-06-30,2019-06,,
2215,ningbo,g00269x00158,ningbo_station_6be358ca00bc,中兴大桥南(地铁站),121.5837573,29.8927558,2019-06-30,2019-06,,
2216,ningbo,g00272x00157,ningbo_station_9640d16cf9c0,大通桥(地铁站),121.5773197,29.9063874,2019-06-30,2019-06,,
2217,chongqing,g00324x00270,chongqing_station_a29ffe50347f,罗家坝(地铁站),106.5792201,29.5291275,2019-07-01,2019-07,,
2218,chongqing,g00338x00271,chongqing_station_f77a47068cbd,弹子石(地铁站),106.5887313,29.5887752,2019-07-01,2019-07,,
2219,zhengzhou,g00129x00168,zhengzhou_station_3f8b0f92218c,奥体中心(地铁站),113.5338695,34.7397986,2019-09-19,2019-09,,
2220,zhengzhou,g00131x00168,zhengzhou_station_e32929e07579,市委党校(地铁站),113.5351155,34.7490723,2019-09-19,2019-09,,
2221,changzhou,g00130x00171,changzhou_station_83eb8077be63,南夏墅(地铁站),119.9473732,31.63436,2019-09-21,2019-09,,
2222,changzhou,g00133x00171,changzhou_station_10be71b3fca2,阳湖路(地铁站),119.946134,31.6475999,2019-09-21,2019-09,,
2223,changzhou,g00139x00170,changzhou_station_8345598820a2,科教城南(地铁站),119.9427864,31.6764568,2019-09-21,2019-09,,
2224,changzhou,g00143x00170,changzhou_station_996d93e0110b,科教城北(地铁站),119.942936,31.6902313,2019-09-21,2019-09,,
2225,changzhou,g00145x00170,changzhou_station_8f77f551313a,延政大道(地铁站),119.9435623,31.6999378,2019-09-21,2019-09,,
2226,changzhou,g00146x00170,changzhou_station_39a006314127,长虹路(地铁站),119.9438332,31.7078479,2019-09-21,2019-09,,
2227,changzhou,g00148x00170,changzhou_station_41e47177cc02,新天地公园(地铁站),119.9440483,31.714465,2019-09-21,2019-09,,
2228,changzhou,g00150x00170,changzhou_station_89bb4db4a462,湖塘(地铁站),119.9442891,31.7244805,2019-09-21,2019-09,,
2229,changzhou,g00153x00170,changzhou_station_283f483c6677,聚湖路(地铁站),119.9442621,31.7366128,2019-09-21,2019-09,,
2230,changzhou,g00156x00172,changzhou_station_2adb77a7ef0d,茶山(地铁站),119.9524892,31.7520638,2019-09-21,2019-09,,
2231,changzhou,g00159x00172,changzhou_station_37056f99d609,清凉寺(地铁站),119.9554288,31.7628092,2019-09-21,2019-09,,
2232,changzhou,g00160x00172,changzhou_station_f56e6659ef94,同济桥(地铁站),119.957055,31.7705213,2019-09-21,2019-09,,
2233,changzhou,g00162x00173,changzhou_station_ff0c34a311fb,文化宫站 (常州),119.95949,31.77695,2019-09-21,2019-09,,
2234,changzhou,g00164x00174,changzhou_station_2ce13760f269,博爱路(地铁站),119.9636072,31.7844346,2019-09-21,2019-09,,
2235,changzhou,g00165x00175,changzhou_station_29bdc31a0f7f,常州火车站(地铁站),119.9694995,31.7889444,2019-09-21,2019-09,,
2236,changzhou,g00168x00175,changzhou_station_8d28b7e6e8ae,市民广场(地铁站),119.9703461,31.8048706,2019-09-21,2019-09,,
2237,changzhou,g00170x00176,changzhou_station_7a133df890cc,奥体中心(地铁站),119.9768706,31.8131584,2019-09-21,2019-09,,
2238,changzhou,g00172x00177,changzhou_station_6400249f4189,河海(地铁站),119.9807639,31.8230697,2019-09-21,2019-09,,
2239,changzhou,g00176x00176,changzhou_station_34044d385914,环球港(地铁站),119.9759314,31.8414982,2019-09-21,2019-09,,
2240,changzhou,g00179x00173,changzhou_station_7f7c8583a7c6,北郊中学(地铁站),119.9628645,31.8561361,2019-09-21,2019-09,,
2241,changzhou,g00179x00175,changzhou_station_6f02511a52d3,外国语学校(地铁站),119.9722693,31.8533579,2019-09-21,2019-09,,
2242,changzhou,g00180x00171,changzhou_station_a9e8e620d391,常州北站 (地铁),119.95108,31.85676,2019-09-21,2019-09,,
2243,changzhou,g00181x00170,changzhou_station_9364cbdf6dfc,新桥(地铁站),119.9497461,31.8651658,2019-09-21,2019-09,,
2244,changzhou,g00184x00171,changzhou_station_5f3630904245,旅游学校(地铁站),119.9529056,31.8762349,2019-09-21,2019-09,,
2245,changzhou,g00187x00172,changzhou_station_da4fe371c5d1,新龙(地铁站),119.9564587,31.8895171,2019-09-21,2019-09,,
2246,changzhou,g00190x00172,changzhou_station_cbda538d8ffa,森林公园(地铁站),119.9604236,31.902337,2019-09-21,2019-09,,
2247,wuhan,g00145x00103,wuhan_station_d8ee27c28577,集贤(地铁站),114.1065649,30.5523868,2019-09-25,2019-09,,
2248,wuhan,g00146x00105,wuhan_station_0f14d1354c89,新天(地铁站),114.1206432,30.5545101,2019-09-25,2019-09,,
2249,wuhan,g00147x00099,wuhan_station_50c9804b256c,知音(地铁站),114.0860249,30.5591392,2019-09-25,2019-09,,
2250,wuhan,g00148x00096,wuhan_station_51fdffc09099,新农(地铁站),114.0690506,30.5628263,2019-09-25,2019-09,,
2251,wuhan,g00149x00093,wuhan_station_40d6e69e085e,凤凰路(地铁站),114.0545949,30.565735,2019-09-25,2019-09,,
2252,wuhan,g00151x00087,wuhan_station_b396e5dd38a0,临嶂大道(地铁站),114.0229172,30.5741809,2019-09-25,2019-09,,
2253,wuhan,g00151x00089,wuhan_station_2aee4a34e734,蔡甸广场(地铁站),114.0360339,30.5754111,2019-09-25,2019-09,,
2254,wuhan,g00153x00080,wuhan_station_2a8b49570c11,柏林(地铁站),113.9893054,30.5847151,2019-09-25,2019-09,,
2255,wuhan,g00153x00083,wuhan_station_3e0b78eddc07,新庙村(地铁站),114.0037543,30.5822692,2019-09-25,2019-09,,
2256,beijing,g00033x00191,beijing_station_b4083ba76a6d,大兴机场站,116.4107117,39.5124922,2019-09-26,2019-09,,
2257,beijing,g00082x00183,beijing_station_845ef5700949,大兴新城(地铁站),116.3593316,39.7342192,2019-09-26,2019-09,,
2258,xian,g00149x00234,xian_station_18d598f34163,沣东自贸园(地铁站),108.7920555,34.3087165,2019-09-26,2019-09,,
2259,xian,g00150x00230,xian_station_71734fd48e00,上林路站,108.77304,34.31458,2019-09-26,2019-09,,
2260,xian,g00151x00227,xian_station_bb3346ab9ed2,北槐站,108.7584,34.31866,2019-09-26,2019-09,,
2261,xian,g00152x00225,xian_station_54859a83b193,沣河森林公园站,108.7481,34.3216,2019-09-26,2019-09,,
2262,harbin,g00365x00183,harbin_station_fbad3cadbabc,瓦盆窑(地铁站),126.6275315,45.6434711,2019-09-28,2019-09,,
2263,ningbo,g00241x00142,ningbo_station_14f8919fb757,明辉路(地铁站),121.5011053,29.7667539,2019-09-28,2019-09,,
2264,ningbo,g00241x00145,ningbo_station_a271a35b0a82,狮山(地铁站),121.5147709,29.766444,2019-09-28,2019-09,,
2265,ningbo,g00243x00146,ningbo_station_363e1e1fab52,姜山(地铁站),121.5233278,29.7731618,2019-09-28,2019-09,,
2266,shenzhen,g00169x00066,shenzhen_station_28ed4ee0ebeb,荔湾(地铁站),113.8886151,22.5008745,2019-09-28,2019-09,,
2267,shenzhen,g00173x00066,shenzhen_station_64e1678271c6,前湾公园(地铁站),113.8846763,22.5191594,2019-09-28,2019-09,,
2268,shenzhen,g00174x00067,shenzhen_station_eb90af137c5e,前湾(地铁站),113.8905857,22.5248736,2019-09-28,2019-09,,
2269,shenzhen,g00176x00067,shenzhen_station_4eb2028ec74d,桂湾(地铁站),113.8930713,22.5352267,2019-09-28,2019-09,,
2270,wenzhou,g00206x00263,wenzhou_station_5867f0486342,永中(地铁站),120.8239835,27.9117211,2019-09-28,2019-09,,
2271,wenzhou,g00208x00287,wenzhou_station_76c96dadebe0,双瓯大道(地铁站),120.9468924,27.9232193,2019-09-28,2019-09,,
2272,wenzhou,g00210x00284,wenzhou_station_029c3f1ed583,瓯华(地铁站),120.9309489,27.9339016,2019-09-28,2019-09,,
2273,wenzhou,g00213x00281,wenzhou_station_5bc3ef773d5a,瓯江口(地铁站),120.9159912,27.9437734,2019-09-28,2019-09,,
2274,wenzhou,g00215x00275,wenzhou_station_59a2daf0f1ae,灵昆(地铁站),120.8881392,27.9565417,2019-09-28,2019-09,,
2275,wuxi,g00089x00166,wuxi_station_2143f0b5e2d7,南泉站,120.267,31.4387611,2019-09-28,2019-09,,
2276,wuxi,g00091x00167,wuxi_station_c5f66369f535,万达城站,120.2703111,31.4495611,2019-09-28,2019-09,,
2277,xuzhou,g00137x00157,xuzhou_station_76e372e740dd,路窝(地铁站),117.0951975,34.2427034,2019-09-28,2019-09,,
2278,xuzhou,g00138x00160,xuzhou_station_68818aa8480c,杏山子(地铁站),117.1141804,34.2499152,2019-09-28,2019-09,,
2279,xuzhou,g00139x00186,xuzhou_station_02ebdd9f2cdb,医科大学(地铁站),117.2538961,34.2546021,2019-09-28,2019-09,,
2280,xuzhou,g00140x00164,xuzhou_station_acbfde8402e7,韩山(地铁站),117.1358845,34.2566811,2019-09-28,2019-09,,
2281,xuzhou,g00140x00166,xuzhou_station_397cae370177,工农路(地铁站),117.1449993,34.2601305,2019-09-28,2019-09,,
2282,xuzhou,g00141x00169,xuzhou_station_7d28894ea1db,苏堤路(地铁站),117.1625735,34.2645745,2019-09-28,2019-09,,
2283,xuzhou,g00141x00171,xuzhou_station_6e4931499dc3,徐医附院(地铁站),117.1730901,34.2647751,2019-09-28,2019-09,,
2284,xuzhou,g00141x00180,xuzhou_station_041e33eac3d1,铜山路(地铁站),117.2212777,34.2638128,2019-09-28,2019-09,,
2285,xuzhou,g00141x00192,xuzhou_station_85f84f41d577,金龙湖(地铁站),117.2845018,34.2639094,2019-09-28,2019-09,,
2286,xuzhou,g00142x00173,xuzhou_station_1f3ef1d63861,彭城广场(地铁站),117.1815246,34.2649245,2019-09-28,2019-09,,
2287,xuzhou,g00142x00174,xuzhou_station_f5817c7c598e,民主北路(地铁站),117.1907483,34.2665957,2019-09-28,2019-09,,
2288,xuzhou,g00142x00177,xuzhou_station_ab4667183f24,子房山(地铁站),117.2052226,34.2675269,2019-09-28,2019-09,,
2289,xuzhou,g00142x00195,xuzhou_station_f546748d72aa,徐州东站(地铁站),117.3004434,34.2678426,2019-09-28,2019-09,,
2290,xian,g00167x00234,xian_station_d68fed7f9ddd,摆旗寨站,108.79204,34.39153,2019-09-29,2019-09,,
2291,xian,g00167x00240,xian_station_5df2fd74d67c,长陵站 (地铁),108.82447,34.39134,2019-09-29,2019-09,,
2292,xian,g00167x00257,xian_station_4c3410a7b7f1,渭河南(地铁站),108.9186032,34.3939759,2019-09-29,2019-09,,
2293,xian,g00169x00243,xian_station_13c4a4e5552c,秦汉新城站,108.84367,34.3996,2019-09-29,2019-09,,
2294,xian,g00171x00248,xian_station_96a273383ba8,秦宫站,108.86688,34.40712,2019-09-29,2019-09,,
2295,xian,g00174x00235,xian_station_02f9739e462c,艺术中心站,108.79515,34.42063,2019-09-29,2019-09,,
2296,xian,g00176x00234,xian_station_79ec0e737e16,空港新城站,108.79393,34.43069,2019-09-29,2019-09,,
2297,xian,g00178x00228,xian_station_066e0bc2531b,机场西（T1、T2、T3）站,108.756594,34.439894,2019-09-29,2019-09,,
2298,wuhan,g00117x00137,wuhan_station_b1eb64bf5564,军运村(地铁站),114.2896065,30.4298249,2019-11-06,2019-11,,
2299,wuhan,g00119x00138,wuhan_station_136eb364f12e,黄家湖地铁小镇(地铁站),114.2926272,30.4392111,2019-11-06,2019-11,,
2300,wuhan,g00125x00142,wuhan_station_41c1b0ac69fe,野芷湖(地铁站),114.3140475,30.4633545,2019-11-06,2019-11,,
2301,zhengzhou,g00148x00217,zhengzhou_station_4afbf20bdf77,河南大学新区(地铁站),113.8065897,34.821706,2019-11-21,2019-11,,
2302,shenzhen,g00171x00071,shenzhen_station_dbe702084fc6,南油西(地铁站),113.9135441,22.5121228,2019-12-08,2019-12,,
2303,shenzhen,g00172x00068,shenzhen_station_dc6e65099592,怡海(地铁站),113.8988958,22.5179877,2019-12-08,2019-12,,
2304,shenzhen,g00172x00070,shenzhen_station_f4f5e206dd80,荔林(地铁站),113.9082697,22.514955,2019-12-08,2019-12,,
2305,shenzhen,g00173x00067,shenzhen_station_c5dcd22d2de1,梦海(地铁站),113.8939399,22.5219794,2019-12-08,2019-12,,
2306,chongqing,g00338x00250,chongqing_station_e1af4befdd1c,南桥寺(地铁站),106.4785331,29.5930085,2019-12-15,2019-12,,
2307,qingdao,g00154x00173,qingdao_station_51792d36114c,泰山路(地铁站),120.3281221,36.0824664,2019-12-16,2019-12,,
2308,qingdao,g00154x00175,qingdao_station_69fb4210ff26,利津路(地铁站),120.3413489,36.0820139,2019-12-16,2019-12,,
2309,qingdao,g00154x00177,qingdao_station_f15d73079b4b,台东(地铁站),120.3490118,36.0819567,2019-12-16,2019-12,,
2310,guangzhou,g00147x00101,guangzhou_station_992b0ee9d393,天河公园站,113.35736,23.12772,2019-12-20,2019-12,,
2311,guangzhou,g00148x00106,guangzhou_station_0288f5188a56,棠东(地铁站),113.3842213,23.1334188,2019-12-20,2019-12,,
2312,guangzhou,g00151x00110,guangzhou_station_9bc66f1be953,大观南路(地铁站),113.4014221,23.1470635,2019-12-20,2019-12,,
2313,guangzhou,g00155x00109,guangzhou_station_1f87161ffe5a,天河智慧城(地铁站),113.3976569,23.1657557,2019-12-20,2019-12,,
2314,guangzhou,g00156x00115,guangzhou_station_119a78278cf4,神舟路(地铁站),113.4262486,23.1677125,2019-12-20,2019-12,,
2315,guangzhou,g00156x00118,guangzhou_station_794b9d168abf,科学城(地铁站),113.4440529,23.1683182,2019-12-20,2019-12,,
2316,guangzhou,g00161x00124,guangzhou_station_88ab1c4c937e,水西站,113.4733957,23.1900825,2019-12-20,2019-12,guangzhou_station_f2f07845eff9,2020
2317,guangzhou,g00166x00126,guangzhou_station_49feef5e5aab,长平(地铁站),113.4843551,23.212958,2019-12-20,2019-12,,
2318,suzhou,g00127x00150,suzhou_station_bffb196e0241,石湖北(地铁站),120.5826232,31.2609701,2019-12-25,2019-12,,
2319,suzhou,g00128x00152,suzhou_station_fe8dfb0cceee,新郭(地铁站),120.5923304,31.26491,2019-12-25,2019-12,,
2320,suzhou,g00128x00156,suzhou_station_2c1d19afb7c7,盘蠡路(地铁站),120.6103755,31.2688532,2019-12-25,2019-12,,
2321,suzhou,g00129x00149,suzhou_station_a99d5d1c6dd0,横塘(地铁站),120.573011,31.2685771,2019-12-25,2019-12,,
2322,suzhou,g00129x00161,suzhou_station_99f945d61005,迎春路(地铁站),120.6361534,31.2698272,2019-12-25,2019-12,,
2323,suzhou,g00129x00164,suzhou_station_cbac2d32c81c,北港路(地铁站),120.6523203,31.2720428,2019-12-25,2019-12,,
2324,suzhou,g00131x00148,suzhou_station_dbb5afc24ae9,横山(地铁站),120.5710965,31.2792358,2019-12-25,2019-12,,
2325,suzhou,g00131x00167,suzhou_station_1269a89be61f,墅浦路北(地铁站),120.6697598,31.2821796,2019-12-25,2019-12,,
2326,suzhou,g00133x00168,suzhou_station_fde18a522bec,东振路(地铁站),120.6720872,31.2906466,2019-12-25,2019-12,,
2327,suzhou,g00134x00147,suzhou_station_78826ed96927,沙金桥(地铁站),120.5650025,31.2929872,2019-12-25,2019-12,,
2328,suzhou,g00135x00143,suzhou_station_796fae167884,狮子山(地铁站),120.5445165,31.2967452,2019-12-25,2019-12,,
2329,suzhou,g00135x00145,suzhou_station_244386493a3e,狮山路(地铁站),120.5550421,31.2955445,2019-12-25,2019-12,,
2330,suzhou,g00137x00143,suzhou_station_c92735baad43,何山(地铁站),120.5423796,31.3079313,2019-12-25,2019-12,,
2331,suzhou,g00139x00168,suzhou_station_e34b46aebae0,东方之门(地铁站),120.6746156,31.3188908,2019-12-25,2019-12,,
2332,suzhou,g00140x00142,suzhou_station_cd40eebeffb1,马运路(地铁站),120.5351802,31.3197535,2019-12-25,2019-12,,
2333,suzhou,g00141x00168,suzhou_station_69a13324d41c,烟雨桥(地铁站),120.6735253,31.3258323,2019-12-25,2019-12,,
2334,suzhou,g00142x00140,suzhou_station_1078ca31edb4,铜墩(地铁站),120.5272255,31.3292252,2019-12-25,2019-12,,
2335,suzhou,g00143x00167,suzhou_station_50070e29bcdd,倪浜(地铁站),120.6691527,31.3353842,2019-12-25,2019-12,,
2336,suzhou,g00145x00140,suzhou_station_6e2a7d5922fa,长亭(地铁站),120.5254141,31.3437863,2019-12-25,2019-12,,
2337,suzhou,g00145x00171,suzhou_station_d12954a56dfc,跨塘(地铁站),120.6894129,31.3445355,2019-12-25,2019-12,,
2338,suzhou,g00147x00177,suzhou_station_3e5392ea3f2f,方湾街(地铁站),120.7216661,31.3525439,2019-12-25,2019-12,,
2339,suzhou,g00147x00180,suzhou_station_c38a42e68f9f,丰和路(地铁站),120.7348476,31.3553842,2019-12-25,2019-12,,
2340,suzhou,g00148x00139,suzhou_station_6b55a4a23140,文昌路(地铁站),120.5200652,31.3572983,2019-12-25,2019-12,,
2341,suzhou,g00148x00183,suzhou_station_00690d874dc6,双马街(地铁站),120.7492344,31.3602244,2019-12-25,2019-12,,
2342,suzhou,g00149x00187,suzhou_station_949e439e22ae,戈巷街(地铁站),120.7736137,31.3651267,2019-12-25,2019-12,,
2343,suzhou,g00149x00189,suzhou_station_ec263a64b152,唯亭站,120.7846,31.3664,2019-12-25,2019-12,,
2344,suzhou,g00150x00140,suzhou_station_03d198f33b28,惠昌路(地铁站),120.5247161,31.3630471,2019-12-25,2019-12,,
2345,suzhou,g00152x00139,suzhou_station_5e9654706436,苏州新区火车站(地铁站),120.5207783,31.3746248,2019-12-25,2019-12,,
2346,xiamen,g00042x00050,xiamen_station_dd36482e3fe5,海沧商务中心(地铁站),118.0344423,24.4836093,2019-12-25,2019-12,,
2347,xiamen,g00042x00059,xiamen_station_b28ef60127ee,建业路(地铁站),118.0786206,24.4806815,2019-12-25,2019-12,,
2348,xiamen,g00042x00061,xiamen_station_089180f3c1ad,湖滨中路(地铁站),118.0897678,24.4831534,2019-12-25,2019-12,,
2349,xiamen,g00042x00080,xiamen_station_cf40e4840a7d,软件园二期(地铁站),118.1803552,24.4832823,2019-12-25,2019-12,,
2350,xiamen,g00043x00052,xiamen_station_9c5384e7bab9,海沧湾公园(地铁站),118.0453444,24.4873444,2019-12-25,2019-12,,
2351,xiamen,g00043x00058,xiamen_station_c54155c48d71,邮轮中心(地铁站),118.0721807,24.4876147,2019-12-25,2019-12,,
2352,xiamen,g00043x00065,xiamen_station_b4e13a506da1,育秀东路(地铁站),118.108096,24.4881667,2019-12-25,2019-12,,
2353,xiamen,g00043x00075,xiamen_station_d394f2371758,古地石(地铁站),118.158783,24.4883648,2019-12-25,2019-12,,
2354,xiamen,g00043x00077,xiamen_station_a33fba301f35,岭兜(地铁站),118.1690228,24.4870448,2019-12-25,2019-12,,
2355,xiamen,g00043x00081,xiamen_station_47b71c6606d8,何厝(地铁站),118.1878788,24.4879744,2019-12-25,2019-12,,
2356,xiamen,g00044x00049,xiamen_station_a9f97f75c064,海沧行政中心(地铁站),118.028195,24.490263,2019-12-25,2019-12,,
2357,xiamen,g00044x00072,xiamen_station_98702a57a612,后埔(地铁站),118.1409321,24.492445,2019-12-25,2019-12,,
2358,xiamen,g00044x00073,xiamen_station_bbf74349c503,蔡塘(地铁站),118.148593,24.4898585,2019-12-25,2019-12,,
2359,xiamen,g00045x00048,xiamen_station_6ffc6a9e72c1,马青路(地铁站),118.0252087,24.4966108,2019-12-25,2019-12,,
2360,xiamen,g00045x00068,xiamen_station_ad4cf80dcece,吕厝(地铁站),118.1230172,24.4933449,2019-12-25,2019-12,,
2361,xiamen,g00045x00070,xiamen_station_1090ce762883,江头(地铁站),118.132988,24.4950011,2019-12-25,2019-12,,
2362,xiamen,g00045x00081,xiamen_station_b8c631d27680,观音山(地铁站),118.1879984,24.4963179,2019-12-25,2019-12,,
2363,xiamen,g00047x00081,xiamen_station_09cfa916101d,东宅(地铁站),118.1881123,24.5020489,2019-12-25,2019-12,,
2364,xiamen,g00048x00082,xiamen_station_9b0f48a977aa,两岸金融中心(地铁站),118.1892014,24.5082356,2019-12-25,2019-12,,
2365,xiamen,g00049x00081,xiamen_station_b3db4f0228ca,五通(地铁站),118.1847616,24.5143877,2019-12-25,2019-12,,
2366,xiamen,g00050x00079,xiamen_station_4e7e80c2acbe,湿地公园(地铁站),118.1787617,24.5192375,2019-12-25,2019-12,,
2367,xiamen,g00052x00045,xiamen_station_8e1afcfdfb51,翁角路(地铁站),118.0096322,24.5289281,2019-12-25,2019-12,,
2368,xiamen,g00052x00077,xiamen_station_27f35f67af32,钟宅(地铁站),118.1681929,24.5266707,2019-12-25,2019-12,,
2369,xiamen,g00053x00043,xiamen_station_57bb15e7d054,新垵(地铁站),118.0010948,24.5336082,2019-12-25,2019-12,,
2370,xiamen,g00055x00041,xiamen_station_0cff50c04740,新阳大道(地铁站),117.9905036,24.540038,2019-12-25,2019-12,,
2371,xiamen,g00061x00032,xiamen_station_9ebea1936d18,东孚(地铁站),117.9428372,24.5693354,2019-12-25,2019-12,,
2372,xiamen,g00064x00029,xiamen_station_951fcd3deba4,天竺山(地铁站),117.9321562,24.5816782,2019-12-25,2019-12,,
2373,hefei,g00198x00114,hefei_station_a5bf6f2f444f,幸福坝(地铁站),117.1751643,31.7529382,2019-12-26,2019-12,,
2374,hefei,g00199x00116,hefei_station_e20b3064b22c,安大磬苑校区(地铁站),117.1867815,31.7613301,2019-12-26,2019-12,,
2375,hefei,g00201x00118,hefei_station_b5076e127f70,工大翡翠湖校区(地铁站),117.1995622,31.7673024,2019-12-26,2019-12,,
2376,hefei,g00203x00119,hefei_station_d37073624492,大学城北(地铁站),117.2043601,31.7769826,2019-12-26,2019-12,,
2377,hefei,g00204x00119,hefei_station_0575fa7d52f1,繁华大道(地铁站),117.2043746,31.7831946,2019-12-26,2019-12,,
2378,hefei,g00206x00119,hefei_station_5410fbfa3c5b,安医大二附院(地铁站),117.2043768,31.792075,2019-12-26,2019-12,,
2379,hefei,g00209x00120,hefei_station_aff08b33ff9b,省博物院(地铁站),117.2100477,31.8028749,2019-12-26,2019-12,,
2380,hefei,g00211x00120,hefei_station_d6b5dbcb7b9b,图书馆(地铁站),117.2100229,31.8110893,2019-12-26,2019-12,,
2381,hefei,g00212x00122,hefei_station_c9ca2698ff1a,合肥大剧院(地铁站),117.2182412,31.816365,2019-12-26,2019-12,,
2382,hefei,g00226x00126,hefei_station_4b050c490c5d,杏花村(地铁站),117.2401211,31.882527,2019-12-26,2019-12,,
2383,hefei,g00227x00142,hefei_station_7e9ff25bf754,竹丝滩(地铁站),117.3253444,31.8871173,2019-12-26,2019-12,,
2384,hefei,g00227x00145,hefei_station_3850ac6cfe89,方庙(地铁站),117.3382641,31.8869,2019-12-26,2019-12,,
2385,hefei,g00227x00146,hefei_station_96c604c92b9e,窦桥湾(地铁站),117.3466744,31.8868882,2019-12-26,2019-12,,
2386,hefei,g00228x00128,hefei_station_a365893aec14,四泉桥(地铁站),117.2510654,31.8886056,2019-12-26,2019-12,,
2387,hefei,g00228x00130,hefei_station_1c746acb18d0,郑河(地铁站),117.2624657,31.8887783,2019-12-26,2019-12,,
2388,hefei,g00228x00132,hefei_station_219913d1624e,海棠(地铁站),117.2728841,31.8896554,2019-12-26,2019-12,,
2389,hefei,g00228x00136,hefei_station_92cd46d0a04a,淮南路(地铁站),117.2907644,31.8892511,2019-12-26,2019-12,,
2390,hefei,g00228x00138,hefei_station_27cf38c43d41,鸭林冲(地铁站),117.3021584,31.8898233,2019-12-26,2019-12,,
2391,hefei,g00230x00148,hefei_station_2ecd305903b7,勤劳村(地铁站),117.3557339,31.8992494,2019-12-26,2019-12,,
2392,hefei,g00233x00149,hefei_station_90270216016d,文浍苑(地铁站),117.3626586,31.9114675,2019-12-26,2019-12,,
2393,hefei,g00235x00150,hefei_station_87440a6f64ca,幼儿师范(地铁站),117.3667795,31.923287,2019-12-26,2019-12,,
2394,hefei,g00236x00152,hefei_station_cee1575bc639,职教城(地铁站),117.3774143,31.9269544,2019-12-26,2019-12,,
2395,hefei,g00236x00155,hefei_station_346963b192b5,职教城东(地铁站),117.3918106,31.9269791,2019-12-26,2019-12,,
2396,hefei,g00236x00157,hefei_station_160a304dcbb1,相城路(地铁站),117.4021817,31.9269502,2019-12-26,2019-12,,
2397,chengdu,g00088x00173,chengdu_station_489a725ef781,新平站,103.77939,30.41117,2019-12-27,2019-12,,
2398,chengdu,g00089x00175,chengdu_station_2a10b4669119,刘家碾(地铁站),103.7891495,30.4179158,2019-12-27,2019-12,,
2399,chengdu,g00089x00177,chengdu_station_17012fd9d864,儒林路(地铁站),103.8008907,30.4190385,2019-12-27,2019-12,,
2400,chengdu,g00091x00179,chengdu_station_b93dc433d2fe,五津(地铁站),103.8111568,30.4263917,2019-12-27,2019-12,,
2401,chengdu,g00095x00188,chengdu_station_8a0a20bb32fd,花桥(地铁站),103.8551634,30.444482,2019-12-27,2019-12,,
2402,chengdu,g00098x00219,chengdu_station_3f7830ccc140,龙马路(地铁站),104.0171654,30.4602446,2019-12-27,2019-12,,
2403,chengdu,g00100x00191,chengdu_station_7811f45d2dea,新津站(地铁站),103.8711626,30.4657804,2019-12-27,2019-12,,
2404,chengdu,g00101x00220,chengdu_station_5ef871249e37,怡心湖(地铁站),104.0243919,30.4737559,2019-12-27,2019-12,,
2405,chengdu,g00105x00192,chengdu_station_718beb9b447c,花源(地铁站),103.878838,30.4881671,2019-12-27,2019-12,,
2406,chengdu,g00105x00222,chengdu_station_fd7f6b3242da,南湖立交(地铁站),104.0306905,30.4910204,2019-12-27,2019-12,,
2407,chengdu,g00107x00222,chengdu_station_a0600213dfdd,二江寺(地铁站),104.0333027,30.5021546,2019-12-27,2019-12,,
2408,chengdu,g00110x00223,chengdu_station_8d03336b1d06,警官学院(地铁站),104.0372541,30.5148291,2019-12-27,2019-12,,
2409,chengdu,g00112x00194,chengdu_station_3f33042c9695,黄水(地铁站),103.8892697,30.5218002,2019-12-27,2019-12,,
2410,chengdu,g00113x00224,chengdu_station_2d652b2969ba,骑龙(地铁站),104.0418961,30.5280762,2019-12-27,2019-12,,
2411,chengdu,g00116x00197,chengdu_station_20fdd2259167,应天寺(地铁站),103.9026102,30.5385401,2019-12-27,2019-12,,
2412,chengdu,g00116x00224,chengdu_station_7fda790923f4,民乐(地铁站),104.0440634,30.5428496,2019-12-27,2019-12,,
2413,chengdu,g00117x00199,chengdu_station_b5308474af47,双流西站(地铁站),103.9151798,30.5460955,2019-12-27,2019-12,,
2414,chengdu,g00119x00224,chengdu_station_5b8e3f14a2ff,大源(地铁站),104.0437688,30.5523251,2019-12-27,2019-12,,
2415,chengdu,g00122x00224,chengdu_station_5b2417bc717a,锦城湖(地铁站),104.0436774,30.5662525,2019-12-27,2019-12,,
2416,chengdu,g00126x00225,chengdu_station_a74515efd965,交子大道站,104.04787,30.58428,2019-12-27,2019-12,,
2417,chengdu,g00129x00225,chengdu_station_fc0ad639a19c,石羊立交(地铁站),104.0483705,30.5976561,2019-12-27,2019-12,,
2418,chengdu,g00136x00223,chengdu_station_8a1401deab13,科园(地铁站),104.0353925,30.6305335,2019-12-27,2019-12,,
2419,chengdu,g00144x00223,chengdu_station_f67b92bb723a,中医大·省医院站,104.0381944,30.6687222,2019-12-27,2019-12,,
2420,chengdu,g00147x00223,chengdu_station_32499b0b933a,抚琴站,104.03918,30.67908,2019-12-27,2019-12,,
2421,chengdu,g00148x00225,chengdu_station_191844ef58eb,花牌坊站,104.04626,30.68602,2019-12-27,2019-12,,
2422,chengdu,g00152x00228,chengdu_station_36946ff2a644,赛云台站,104.06404,30.70333,2019-12-27,2019-12,,
2423,chengdu,g00153x00228,chengdu_station_cf58b3a94d32,五块石(地铁站),104.0620466,30.7097796,2019-12-27,2019-12,,
2424,chengdu,g00155x00227,chengdu_station_25dfb3ad619e,福宁路(地铁站),104.0573289,30.7169417,2019-12-27,2019-12,,
2425,chengdu,g00159x00227,chengdu_station_22393069075a,泉水路(地铁站),104.0558794,30.7327685,2019-12-27,2019-12,,
2426,chengdu,g00161x00227,chengdu_station_78a523844c77,陆家桥(地铁站),104.0565753,30.7444135,2019-12-27,2019-12,,
2427,chengdu,g00163x00227,chengdu_station_418c8a55e97b,皇花园(地铁站),104.0572214,30.7547172,2019-12-27,2019-12,,
2428,chengdu,g00165x00227,chengdu_station_2c6c750c6be8,石犀公园站,104.057268,30.7626611,2019-12-27,2019-12,,
2429,chengdu,g00168x00229,chengdu_station_bffbe01cbdbb,大丰站,104.06449,30.77397,2019-12-27,2019-12,,
2430,chengdu,g00168x00230,chengdu_station_8bc857ea3c81,杜家碾站,104.07209,30.77386,2019-12-27,2019-12,,
2431,chengdu,g00168x00232,chengdu_station_cf6806d27e6c,九道堰站,104.08021,30.7739,2019-12-27,2019-12,,
2432,chengdu,g00169x00233,chengdu_station_e30690f88464,幸福桥(地铁站),104.0857196,30.7792937,2019-12-27,2019-12,,
2433,chengdu,g00172x00233,chengdu_station_b546184b360b,北部商贸城(地铁站),104.0864174,30.7934239,2019-12-27,2019-12,,
2434,chengdu,g00176x00233,chengdu_station_2a72c1f3a233,廖家湾(地铁站),104.0884133,30.8106849,2019-12-27,2019-12,,
2435,chengdu,g00177x00234,chengdu_station_9150fa7dbff6,柏水场(地铁站),104.0916843,30.8178272,2019-12-27,2019-12,,
2436,chengdu,g00179x00235,chengdu_station_77c82ef8fe0f,华桂路(地铁站),104.0957646,30.8274406,2019-12-27,2019-12,,
2437,beijing,g00107x00215,beijing_station_85126e04b06e,黄厂(地铁站),116.5479351,39.8479011,2019-12-28,2019-12,,
2438,beijing,g00109x00218,beijing_station_7d5a9a0ddfc5,郎辛庄(地铁站),116.5640309,39.8554428,2019-12-28,2019-12,,
2439,beijing,g00109x00223,beijing_station_e37a01ec0705,黑庄户(地铁站),116.5933392,39.8576887,2019-12-28,2019-12,,
2440,beijing,g00109x00240,beijing_station_4db0551399fc,花庄(地铁站),116.6895084,39.8555498,2019-12-28,2019-12,,
2441,beijing,g00110x00229,beijing_station_adcab26116b4,万盛西(地铁站),116.6263392,39.8622672,2019-12-28,2019-12,,
2442,beijing,g00110x00233,beijing_station_7ff02edc497e,万盛东(地铁站),116.6514975,39.8623895,2019-12-28,2019-12,,
2443,beijing,g00110x00235,beijing_station_fab2eda31915,群芳(地铁站),116.664873,39.8623881,2019-12-28,2019-12,,
2444,beijing,g00110x00238,beijing_station_1d698ee09daa,高楼金(地铁站),116.6783827,39.8620014,2019-12-28,2019-12,,
2445,beijing,g00117x00200,beijing_station_50f816fb396c,双井(地铁站),116.4576025,39.8920292,2019-12-28,2019-12,,
2446,guangzhou,g00141x00078,guangzhou_station_5f7f7970c935,同福西(地铁站),113.2470495,23.1043808,2019-12-28,2019-12,,
2447,guiyang,g00125x00108,guiyang_station_367818de8cd3,窦官(地铁站),106.5656275,26.6570788,2019-12-28,2019-12,,
2448,jinan,g00161x00181,jinan_station_d90040c14512,孟家庄(地铁站),117.1139492,36.6329068,2019-12-28,2019-12,,
2449,jinan,g00167x00179,jinan_station_786502609698,奥体中心(地铁站),117.1052391,36.6594517,2019-12-28,2019-12,,
2450,jinan,g00169x00179,jinan_station_73baf73e516b,安成街(地铁站),117.10372,36.6680067,2019-12-28,2019-12,,
2451,jinan,g00171x00179,jinan_station_98fc2c9b50de,丁家庄(地铁站),117.10366,36.6771939,2019-12-28,2019-12,,
2452,jinan,g00177x00178,jinan_station_448f9f03284d,八涧堡(地铁站),117.0972585,36.7045254,2019-12-28,2019-12,,
2453,tianjin,g00121x00141,tianjin_station_ab47ce854046,东沽路(地铁站),117.4018465,39.011301,2019-12-28,2019-12,,
2454,tianjin,g00123x00138,tianjin_station_4c0f21ff104c,国瑞路(地铁站),117.3842011,39.0208213,2019-12-28,2019-12,,
2455,tianjin,g00124x00137,tianjin_station_d854317c9624,国家会展中心(地铁站),117.3776661,39.0276272,2019-12-28,2019-12,,
2456,tianjin,g00128x00133,tianjin_station_71a6c96b3f8d,高庄子(地铁站),117.3542963,39.0420075,2019-12-28,2019-12,,
2457,zhengzhou,g00157x00180,zhengzhou_station_8fdd5a8bfe23,惠济区政府站,113.6067,34.86719,2019-12-28,2019-12,,
2458,zhengzhou,g00157x00192,zhengzhou_station_5c3cf7093e34,金达路(地铁站),113.6726281,34.8634547,2019-12-28,2019-12,,
2459,zhengzhou,g00158x00177,zhengzhou_station_28c53e46bda7,贾河(地铁站),113.5872267,34.8682066,2019-12-28,2019-12,,
2460,zhengzhou,g00158x00183,zhengzhou_station_6e639b6bae59,毛庄(地铁站),113.6201871,34.8676057,2019-12-28,2019-12,,
2461,zhengzhou,g00158x00186,zhengzhou_station_0d4b5000de2d,黄河迎宾馆(地铁站),113.6384263,34.8691665,2019-12-28,2019-12,,
2462,hohhot,g00285x00200,hohhot_station_482a15c8fa48,伊利健康谷(地铁站),111.568354,40.7836097,2019-12-29,2019-12,,
2463,hohhot,g00287x00203,hohhot_station_b2c3b024854a,西二环路(地铁站),111.5854596,40.7938134,2019-12-29,2019-12,,
2464,hohhot,g00289x00205,hohhot_station_6b604fb6d34f,孔家营(地铁站),111.597999,40.798683,2019-12-29,2019-12,,
2465,hohhot,g00290x00207,hohhot_station_3cc506288bf4,呼钢南路(地铁站),111.6101275,40.8037313,2019-12-29,2019-12,,
2466,hohhot,g00291x00209,hohhot_station_05f374081000,西龙王庙(地铁站),111.6252841,40.8100441,2019-12-29,2019-12,,
2467,hohhot,g00292x00211,hohhot_station_54cda225a01e,乌兰夫纪念馆(地铁站),111.6348724,40.814114,2019-12-29,2019-12,,
2468,hohhot,g00293x00213,hohhot_station_bad7f7a975ba,附属医院(地铁站),111.6488232,40.8175805,2019-12-29,2019-12,,
2469,hohhot,g00293x00215,hohhot_station_f756167220e1,新华广场(地铁站),111.6612931,40.8195374,2019-12-29,2019-12,,
2470,hohhot,g00294x00217,hohhot_station_3d8dcec3ed8a,人民会堂(地铁站),111.6694461,40.8219998,2019-12-29,2019-12,,
2471,hohhot,g00294x00219,hohhot_station_955be29add5e,将军衙署(地铁站),111.6831762,40.8249707,2019-12-29,2019-12,,
2472,hohhot,g00295x00221,hohhot_station_b5114aafc27f,艺术学院(地铁站),111.692856,40.827512,2019-12-29,2019-12,,
2473,hohhot,g00296x00222,hohhot_station_ab8a093b7968,东影路(地铁站),111.7019966,40.8295824,2019-12-29,2019-12,,
2474,hohhot,g00296x00224,hohhot_station_84374cb763d0,内蒙古展览馆(地铁站),111.7135993,40.8321427,2019-12-29,2019-12,,
2475,hohhot,g00297x00226,hohhot_station_33682ffe389a,内蒙古博物院(地铁站),111.724958,40.8346356,2019-12-29,2019-12,,
2476,hohhot,g00297x00229,hohhot_station_2f0adf878db9,市政府(地铁站),111.7403476,40.8380175,2019-12-29,2019-12,,
2477,hohhot,g00299x00232,hohhot_station_64f64dfef031,呼和浩特东站(地铁站),111.7602109,40.8459569,2019-12-29,2019-12,,
2478,hohhot,g00299x00235,hohhot_station_96f0bfc242ad,后不塔气(地铁站),111.7745092,40.8468675,2019-12-29,2019-12,,
2479,hohhot,g00300x00238,hohhot_station_f99507bf6349,什兰岱(地铁站),111.7938129,40.8507934,2019-12-29,2019-12,,
2480,hohhot,g00301x00240,hohhot_station_9aa0cd84d701,白塔西(地铁站),111.8049148,40.853377,2019-12-29,2019-12,,
2481,hohhot,g00302x00242,hohhot_station_6b9b10f06be2,坝堰(机场)(地铁站),111.8177482,40.856354,2019-12-29,2019-12,,
2482,beijing,g00150x00175,beijing_station_84f9fe0541c2,清河站,116.3091722,40.0398639,2019-12-30,2019-12,,
2483,chongqing,g00319x00246,chongqing_station_94086c6a6edb,二郎(地铁站),106.4582047,29.5076596,2019-12-30,2019-12,,
2484,chongqing,g00322x00248,chongqing_station_c3f6eed71d8c,彩云湖(地铁站),106.4679043,29.5186849,2019-12-30,2019-12,,
2485,chongqing,g00324x00252,chongqing_station_77b84df37d90,陈家坪(地铁站),106.4856136,29.5265709,2019-12-30,2019-12,,
2486,chongqing,g00324x00254,chongqing_station_81e5df801fb1,奥体中心(地铁站),106.4983695,29.5261792,2019-12-30,2019-12,,
2487,chongqing,g00343x00202,chongqing_station_59427a3f8b7f,璧山站,106.228829,29.614882,2019-12-30,2019-12,chongqing_station_f4710910c6fe,2021
2488,shijiazhuang,g00151x00193,shijiazhuang_station_fda27cdc189a,市庄站,114.47124,38.06306,2020-01-20,2020-01,,
2489,shijiazhuang,g00154x00193,shijiazhuang_station_ec9d2b1bd460,柏林庄(地铁站),114.4723662,38.0748087,2020-01-20,2020-01,,
2490,shijiazhuang,g00155x00188,shijiazhuang_station_6ddd6e9eab1b,西三庄(地铁站),114.4420246,38.0786018,2020-01-20,2020-01,,
2491,shijiazhuang,g00155x00191,shijiazhuang_station_ad620525b098,高柱(地铁站),114.4570664,38.0783731,2020-01-20,2020-01,,
2492,hangzhou,g00225x00408,hangzhou_station_e49630687d62,双桥站,120.304174,30.175449,2020-04-23,2020-04,,
2493,hangzhou,g00226x00412,hangzhou_station_9630dc04ec51,姑娘桥(地铁站),120.3257874,30.1783609,2020-04-23,2020-04,,
2494,hangzhou,g00227x00402,hangzhou_station_2dbd1c0083c8,育才北路(地铁站),120.2714473,30.1832434,2020-04-23,2020-04,,
2495,hangzhou,g00227x00404,hangzhou_station_4e378ded9236,通惠中路(地铁站),120.2807142,30.1829212,2020-04-23,2020-04,,
2496,hangzhou,g00228x00387,hangzhou_station_df579089fe89,聚才路(地铁站),120.1942433,30.1848402,2020-04-23,2020-04,,
2497,hangzhou,g00228x00396,hangzhou_station_f909c7f4c6ea,博奥路(地铁站),120.2396908,30.1847966,2020-04-23,2020-04,,
2498,hangzhou,g00231x00386,hangzhou_station_b52152c0b5d6,长河(地铁站),120.1893669,30.1996535,2020-04-23,2020-04,,
2499,hangzhou,g00235x00290,hangzhou_station_a43f0f784013,九州街(地铁站),119.6912551,30.204612,2020-04-23,2020-04,,
2500,hangzhou,g00238x00382,hangzhou_station_e1a277320494,候潮门(地铁站),120.1685161,30.2284251,2020-04-23,2020-04,,
2501,hangzhou,g00241x00292,hangzhou_station_c62f08d8b77d,临安广场(地铁站),119.7014885,30.2303313,2020-04-23,2020-04,,
2502,hangzhou,g00241x00383,hangzhou_station_059ee2eee31b,江城路(地铁站),120.1735821,30.2409357,2020-04-23,2020-04,,
2503,hangzhou,g00243x00335,hangzhou_station_77554184f059,中泰(地铁站),119.9248983,30.2456615,2020-04-23,2020-04,,
2504,hangzhou,g00244x00299,hangzhou_station_32fbf0eaea7e,农林大学(地铁站),119.733431,30.2470163,2020-04-23,2020-04,,
2505,hangzhou,g00244x00330,hangzhou_station_b9d42f9dccfb,南湖(地铁站),119.8950473,30.2494223,2020-04-23,2020-04,,
2506,hangzhou,g00244x00340,hangzhou_station_e4bd08eac62e,禹航路(地铁站),119.9509748,30.2513369,2020-04-23,2020-04,,
2507,hangzhou,g00244x00384,hangzhou_station_c9ff9114a5d0,万安桥(地铁站),120.1757995,30.2552787,2020-04-23,2020-04,,
2508,hangzhou,g00245x00326,hangzhou_station_a2864fdc8bcf,南峰(地铁站),119.8737285,30.2524128,2020-04-23,2020-04,,
2509,hangzhou,g00246x00343,hangzhou_station_31b306a7ca2f,凤新路(地铁站),119.9642371,30.2626822,2020-04-23,2020-04,,
2510,hangzhou,g00246x00348,hangzhou_station_91d68d57b65b,绿汀路(地铁站),119.9874004,30.2626218,2020-04-23,2020-04,,
2511,hangzhou,g00247x00302,hangzhou_station_35270f399187,青山湖(地铁站),119.7507767,30.2582572,2020-04-23,2020-04,,
2512,hangzhou,g00247x00315,hangzhou_station_66eaed3beda1,青山湖科技城(地铁站),119.8204007,30.2595711,2020-04-23,2020-04,,
2513,hangzhou,g00248x00306,hangzhou_station_22fbdcdcd14a,八百里(地铁站),119.7717387,30.2634659,2020-04-23,2020-04,,
2514,hangzhou,g00248x00343,hangzhou_station_1b4a4dac24b2,金星(地铁站),119.9619346,30.2675948,2020-04-23,2020-04,,
2515,hangzhou,g00249x00349,hangzhou_station_c1942910b323,葛巷(地铁站),119.9941401,30.2728144,2020-04-23,2020-04,,
2516,hangzhou,g00250x00349,hangzhou_station_4426b822532d,创景路(地铁站),119.9933545,30.2805741,2020-04-23,2020-04,,
2517,hangzhou,g00253x00384,hangzhou_station_8f38c02ad89c,杭氧(地铁站),120.1742874,30.2979098,2020-04-23,2020-04,,
2518,hangzhou,g00256x00383,hangzhou_station_caa7e8c60eb0,东新园(地铁站),120.1712132,30.3106885,2020-04-23,2020-04,,
2519,hangzhou,g00258x00382,hangzhou_station_5ba8b0a127ad,西文街(地铁站),120.1652799,30.3183814,2020-04-23,2020-04,,
2520,shenyang,g00146x00198,shenyang_station_53eebd4078ba,江东街(地铁站),123.4818988,41.7671593,2020-04-29,2020-04,,
2521,shenyang,g00150x00197,shenyang_station_472ba8f0f27c,万莲(地铁站),123.4772785,41.7878399,2020-04-29,2020-04,,
2522,shenyang,g00157x00197,shenyang_station_c04136a3a49b,东北大马路(地铁站),123.4758783,41.8183161,2020-04-29,2020-04,,
2523,shenyang,g00159x00179,shenyang_station_f416cc22d9c2,塔湾街(地铁站),123.3681819,41.8273355,2020-04-29,2020-04,,
2524,shenyang,g00159x00196,shenyang_station_f2212ce829db,合作街(地铁站),123.46794,41.827022,2020-04-29,2020-04,,
2525,shenyang,g00160x00177,shenyang_station_af956f89ed76,向工街(地铁站),123.357734,41.8334188,2020-04-29,2020-04,,
2526,shenyang,g00160x00188,shenyang_station_2025b8c63252,中医药大学(地铁站),123.4228862,41.8313196,2020-04-29,2020-04,,
2527,shenyang,g00164x00176,shenyang_station_4c63b4db2a1d,元江街(地铁站),123.3503028,41.8489313,2020-04-29,2020-04,,
2528,shenyang,g00167x00175,shenyang_station_e56950f9ff95,丁香湖(地铁站),123.3422265,41.8615132,2020-04-29,2020-04,,
2529,ningbo,g00279x00176,ningbo_station_4ddadcedc07a,五里牌(地铁站),121.673266,29.9407595,2020-05-30,2020-05,,
2530,ningbo,g00282x00179,ningbo_station_728be5b075be,枫园(地铁站),121.6892639,29.9523288,2020-05-30,2020-05,,
2531,ningbo,g00282x00181,ningbo_station_b5ba2746cc0b,聪园路(地铁站),121.7011721,29.9539624,2020-05-30,2020-05,,
2532,changsha,g00077x00243,changsha_station_572a9f6afde5,毛竹塘站,113.031,28.0981,2020-06-28,2020-06,,
2533,changsha,g00078x00221,changsha_station_19e28a0f9725,山塘(地铁站),112.9203914,28.1022887,2020-06-28,2020-06,,
2534,changsha,g00081x00224,changsha_station_415471f541dc,洋湖湿地(地铁站),112.9333073,28.1181898,2020-06-28,2020-06,,
2535,changsha,g00082x00244,changsha_station_cde84e2ebb53,板塘冲(地铁站),113.0336643,28.1195356,2020-06-28,2020-06,,
2536,changsha,g00084x00225,changsha_station_1dcfe1eca50d,洋湖新城(地铁站),112.9397344,28.1321958,2020-06-28,2020-06,,
2537,changsha,g00085x00243,changsha_station_21bff3caa122,大塘站,113.03069,28.13437,2020-06-28,2020-06,,
2538,changsha,g00089x00242,changsha_station_274cb5a18549,木桥(地铁站),113.0251425,28.151968,2020-06-28,2020-06,,
2539,changsha,g00090x00224,changsha_station_7215614a4a28,中南大学(地铁站),112.9322584,28.1576868,2020-06-28,2020-06,,
2540,changsha,g00093x00234,changsha_station_93f3423ad21d,东塘站,112.98778,28.17292,2020-06-28,2020-06,,
2541,changsha,g00093x00241,changsha_station_13d2b1595d12,高桥南(地铁站),113.0239081,28.1703075,2020-06-28,2020-06,,
2542,changsha,g00094x00236,changsha_station_6d117b421592,桂花公园(地铁站),112.9958416,28.1738266,2020-06-28,2020-06,,
2543,changsha,g00095x00237,changsha_station_5ca3cc02789c,阿弥岭(地铁站),113.0024456,28.1779048,2020-06-28,2020-06,,
2544,changsha,g00097x00238,changsha_station_0324394b396a,朝阳村(地铁站),113.0051028,28.1898123,2020-06-28,2020-06,,
2545,changsha,g00097x00242,changsha_station_0abaa84d6cae,芙蓉区政府(地铁站),113.0246302,28.1885765,2020-06-28,2020-06,,
2546,changsha,g00102x00237,changsha_station_c8701b3b0c24,烈士公园东(地铁站),113.0032937,28.2114504,2020-06-28,2020-06,,
2547,changsha,g00102x00242,changsha_station_316edadba760,火炬村(地铁站),113.0254636,28.2117139,2020-06-28,2020-06,,
2548,changsha,g00105x00237,changsha_station_e78984463d38,丝茅冲站,113.00139,28.22702,2020-06-28,2020-06,,
2549,changsha,g00107x00237,changsha_station_bff9fc89b1f0,四方坪站,113.00139,28.23413,2020-06-28,2020-06,,
2550,changsha,g00107x00243,changsha_station_a6d70db9969b,马栏山(地铁站),113.0350177,28.234899,2020-06-28,2020-06,,
2551,changsha,g00109x00238,changsha_station_e37f8b407263,雅雀湖(地铁站),113.0081555,28.240634,2020-06-28,2020-06,,
2552,changsha,g00109x00242,changsha_station_77f0d3d68533,长沙大学(地铁站),113.0253642,28.2441892,2020-06-28,2020-06,,
2553,changsha,g00110x00244,changsha_station_1a21b2d98a32,月湖公园北(地铁站),113.0364287,28.2454166,2020-06-28,2020-06,,
2554,changsha,g00110x00247,changsha_station_79ecc5bb4069,湘龙(地铁站),113.0551309,28.248883,2020-06-28,2020-06,,
2555,changsha,g00111x00245,changsha_station_ff6a43e1f035,白茅铺(地铁站),113.0429408,28.2535289,2020-06-28,2020-06,,
2556,changsha,g00111x00252,changsha_station_fe635586a090,星沙(地铁站),113.0810143,28.2487729,2020-06-28,2020-06,,
2557,changsha,g00111x00256,changsha_station_d10b101468a6,松雅湖(南)(地铁站),113.0981717,28.2485848,2020-06-28,2020-06,,
2558,changsha,g00111x00257,changsha_station_c0d4178a8d5b,星沙文体中心(地铁站),113.1056953,28.2486189,2020-06-28,2020-06,,
2559,changsha,g00111x00260,changsha_station_9d4cdff89a95,螺丝塘(地铁站),113.1172929,28.248645,2020-06-28,2020-06,,
2560,changsha,g00111x00262,changsha_station_a2230be60339,广生(地铁站),113.1297229,28.2481358,2020-06-28,2020-06,,
2561,changsha,g00114x00246,changsha_station_ce421e28e7d9,土桥站 (长沙地铁),113.0502,28.2669,2020-06-28,2020-06,,
2562,changsha,g00118x00248,changsha_station_d8493aea593e,水渡河(地铁站),113.0581159,28.2830319,2020-06-28,2020-06,,
2563,hangzhou,g00225x00406,hangzhou_station_6b40eaae4147,火车南站(地铁站),120.2928517,30.1750894,2020-06-30,2020-06,,
2564,hangzhou,g00251x00376,hangzhou_station_f7c3da1f0f58,下宁桥(地铁站),120.1353917,30.2856282,2020-06-30,2020-06,,
2565,guangzhou,g00166x00127,guangzhou_station_987dda7e6d33,地铁长平站,113.48545,23.21335,2020-07-01,2020-07,,
2566,guangzhou,g00167x00131,guangzhou_station_aa8c125506f1,岭头站,113.50709,23.21988,2020-07-01,2020-07,,
2567,guangzhou,g00167x00133,guangzhou_station_47b0ef8073fd,岭头东站,113.51672,23.21684,2020-07-01,2020-07,,
2568,shenzhen,g00180x00108,shenzhen_station_d20e1297113b,体育中心(地铁站),114.0909782,22.5573534,2020-08-18,2020-08,,
2569,shenzhen,g00185x00103,shenzhen_station_378052ba09fa,翰岭(地铁站),114.0637678,22.5768765,2020-08-18,2020-08,,
2570,shenzhen,g00189x00100,shenzhen_station_49def091753f,梅林关(地铁站),114.0486279,22.5963857,2020-08-18,2020-08,,
2571,shenzhen,g00191x00101,shenzhen_station_e6c9f8b09012,雅宝(地铁站),114.0551824,22.6061456,2020-08-18,2020-08,,
2572,shenzhen,g00200x00092,shenzhen_station_2167f29f8ab3,上芬(地铁站),114.0115945,22.6431987,2020-08-18,2020-08,,
2573,shenzhen,g00202x00103,shenzhen_station_d55c082e7143,华为(地铁站),114.062041,22.6531329,2020-08-18,2020-08,,
2574,shenzhen,g00203x00090,shenzhen_station_b1a9ab0309bc,元芬(地铁站),114.000123,22.6591628,2020-08-18,2020-08,,
2575,shenzhen,g00203x00104,shenzhen_station_c3f0ecfcaf82,岗头(地铁站),114.0667615,22.6597475,2020-08-18,2020-08,,
2576,shenzhen,g00203x00105,shenzhen_station_bd06aa4141c9,雪象(地铁站),114.0736719,22.6597895,2020-08-18,2020-08,,
2577,shenzhen,g00206x00087,shenzhen_station_fecf233dc4ff,阳台山东(地铁站),113.9866185,22.6707683,2020-08-18,2020-08,,
2578,shenzhen,g00206x00114,shenzhen_station_04a50e80e981,木古(地铁站),114.1173707,22.6728536,2020-08-18,2020-08,,
2579,shenzhen,g00207x00114,shenzhen_station_2d26bb1aae7a,华南城(地铁站),114.1171479,22.6786471,2020-08-18,2020-08,,
2580,shenzhen,g00209x00114,shenzhen_station_f4cd1686653b,禾花(地铁站),114.1159592,22.6886975,2020-08-18,2020-08,,
2581,shenzhen,g00210x00079,shenzhen_station_304c90a850e5,官田(地铁站),113.9447688,22.686234,2020-08-18,2020-08,,
2582,shenzhen,g00211x00077,shenzhen_station_600a75e4d496,上屋(地铁站),113.9349131,22.691853,2020-08-18,2020-08,,
2583,shenzhen,g00211x00115,shenzhen_station_71b6069b2cab,平湖(地铁站),114.1207082,22.6963424,2020-08-18,2020-08,,
2584,shenzhen,g00219x00075,shenzhen_station_ccdb12d654b0,长圳(地铁站),113.9260495,22.7293332,2020-08-18,2020-08,,
2585,shenzhen,g00224x00075,shenzhen_station_a33606cd4068,凤凰城(地铁站),113.9279518,22.7504254,2020-08-18,2020-08,,
2586,shenzhen,g00227x00078,shenzhen_station_c9e66e1dc41c,光明大街(地铁站),113.9378241,22.7649372,2020-08-18,2020-08,,
2587,shenzhen,g00229x00078,shenzhen_station_785336d91271,光明(地铁站),113.9403473,22.7746714,2020-08-18,2020-08,,
2588,shenzhen,g00230x00074,shenzhen_station_90b3b2b4c9ef,楼村(地铁站),113.9185311,22.7789044,2020-08-18,2020-08,,
2589,shenzhen,g00230x00076,shenzhen_station_88ab8998c7ca,科学公园(地铁站),113.9292329,22.78045,2020-08-18,2020-08,,
2590,shanghai,g00159x00109,shanghai_station_c25b6c852974,陈翔公路(地铁站),121.3022847,31.3084184,2020-08-25,2020-08,,
2591,shijiazhuang,g00131x00196,shijiazhuang_station_f115ddcc348f,嘉华路(地铁站),114.4923042,37.9734883,2020-08-26,2020-08,,
2592,shijiazhuang,g00133x00196,shijiazhuang_station_b78472a0dae2,南位(地铁站),114.4904204,37.9819095,2020-08-26,2020-08,,
2593,shijiazhuang,g00135x00196,shijiazhuang_station_40bd2068dad7,仓丰路留村站,114.48821,37.99114,2020-08-26,2020-08,,
2594,shijiazhuang,g00137x00195,shijiazhuang_station_e541569b388f,塔坛(地铁站),114.4865986,37.9991838,2020-08-26,2020-08,,
2595,shijiazhuang,g00139x00194,shijiazhuang_station_250823f5b51b,石家庄站(地铁站),114.4805416,38.0092932,2020-08-26,2020-08,,
2596,shijiazhuang,g00141x00197,shijiazhuang_station_dae8b796a716,元村(地铁站),114.4947867,38.0148455,2020-08-26,2020-08,,
2597,shijiazhuang,g00141x00199,shijiazhuang_station_bec5d3bde273,欧韵公园(地铁站),114.5047172,38.0185198,2020-08-26,2020-08,,
2598,shijiazhuang,g00143x00199,shijiazhuang_station_fbc533ae8c7e,槐中路(地铁站),114.5061158,38.0279509,2020-08-26,2020-08,,
2599,shijiazhuang,g00145x00199,shijiazhuang_station_d563d271e413,裕华路(地铁站),114.5059553,38.0349739,2020-08-26,2020-08,,
2600,shijiazhuang,g00148x00199,shijiazhuang_station_c29eefd15c0f,长安公园(地铁站),114.5058111,38.0493796,2020-08-26,2020-08,,
2601,shijiazhuang,g00150x00199,shijiazhuang_station_c5a84615efef,建和桥站,114.50567,38.05843,2020-08-26,2020-08,,
2602,shijiazhuang,g00153x00199,shijiazhuang_station_84f08f78c07b,义堂(地铁站),114.5057391,38.0723682,2020-08-26,2020-08,,
2603,shijiazhuang,g00156x00200,shijiazhuang_station_97edf616aab1,庄窠·铁道大学(地铁站),114.511777,38.0842511,2020-08-26,2020-08,,
2604,shijiazhuang,g00157x00201,shijiazhuang_station_70679d63c73a,柳辛庄(地铁站),114.5153693,38.0907256,2020-08-26,2020-08,,
2605,nanning,g00157x00235,nanning_station_0d8e3dae0371,东沟岭(地铁站),108.3507669,22.8480303,2020-09-10,2020-09,,
2606,kunming,g00120x00153,kunming_station_974fff0ebd56,牛头山(地铁站),102.8128982,24.8568455,2020-09-23,2020-09,,
2607,kunming,g00121x00150,kunming_station_db87884d9f3c,祥丰街(地铁站),102.8013255,24.8606039,2020-09-23,2020-09,,
2608,kunming,g00123x00160,kunming_station_528a2914b25b,吴家营(地铁站),102.8469679,24.8691901,2020-09-23,2020-09,,
2609,kunming,g00125x00149,kunming_station_8397f727147a,可乐村(地铁站),102.7952569,24.8770734,2020-09-23,2020-09,,
2610,kunming,g00127x00148,kunming_station_92b5a201b9ff,古城(地铁站),102.7912884,24.8848466,2020-09-23,2020-09,,
2611,kunming,g00129x00147,kunming_station_f38675eb6fab,梅子村(地铁站),102.7844158,24.8957101,2020-09-23,2020-09,,
2612,kunming,g00139x00148,kunming_station_82d8478c150c,塔密(地铁站),102.78626,24.9403609,2020-09-23,2020-09,,
2613,kunming,g00141x00147,kunming_station_e8b9bed75441,广卫(地铁站),102.7840948,24.9517697,2020-09-23,2020-09,,
2614,kunming,g00145x00147,kunming_station_72c3d7de5681,玉缘路(地铁站),102.7850171,24.9675728,2020-09-23,2020-09,,
2615,kunming,g00148x00147,kunming_station_d774cddecf49,羊甫头(地铁站),102.7842381,24.9808751,2020-09-23,2020-09,,
2616,kunming,g00151x00147,kunming_station_aec563663508,朱家村(地铁站),102.7824532,24.996269,2020-09-23,2020-09,,
2617,kunming,g00154x00146,kunming_station_3310b31dcfdd,牛街庄(地铁站),102.7780588,25.0083396,2020-09-23,2020-09,,
2618,kunming,g00156x00143,kunming_station_b4c4597c63e0,和甸营(地铁站),102.7610582,25.0179524,2020-09-23,2020-09,,
2619,kunming,g00158x00140,kunming_station_a8513c0c54de,菊华(地铁站),102.7483782,25.0275264,2020-09-23,2020-09,,
2620,kunming,g00159x00139,kunming_station_9c929bb43b5f,东郊路(地铁站),102.7395773,25.0307256,2020-09-23,2020-09,,
2621,kunming,g00160x00137,kunming_station_12bb6d3b2f02,岔街(地铁站),102.7317821,25.03446,2020-09-23,2020-09,,
2622,kunming,g00160x00139,kunming_station_63448f17af90,菊花村(地铁站),102.7419083,25.0327497,2020-09-23,2020-09,,
2623,kunming,g00164x00137,kunming_station_fbdb16b0857d,白龙路(地铁站),102.7333148,25.052567,2020-09-23,2020-09,,
2624,kunming,g00166x00132,kunming_station_70187bc2c084,小菜园(地铁站),102.7045723,25.0634642,2020-09-23,2020-09,,
2625,kunming,g00167x00127,kunming_station_0cb7dcb11dae,金鼎山北路(地铁站),102.6836081,25.0671492,2020-09-23,2020-09,,
2626,kunming,g00169x00125,kunming_station_2cdb269edf83,小屯(地铁站),102.6720736,25.0752572,2020-09-23,2020-09,,
2627,kunming,g00170x00123,kunming_station_ec297bf17c10,海屯路(地铁站),102.6629802,25.0791021,2020-09-23,2020-09,,
2628,kunming,g00173x00121,kunming_station_26592a4c626c,大河埂(地铁站),102.6538958,25.0928527,2020-09-23,2020-09,,
2629,kunming,g00175x00122,kunming_station_d32a3374447f,金川路(地铁站),102.6560743,25.1021288,2020-09-23,2020-09,,
2630,chengdu,g00065x00276,chengdu_station_cb1780fa4d01,三岔(地铁站),104.3147625,30.3139447,2020-09-27,2020-09,,
2631,chengdu,g00087x00235,chengdu_station_0984f62c41c9,兴隆(地铁站),104.1001212,30.4119485,2020-09-27,2020-09,,
2632,chengdu,g00123x00229,chengdu_station_1f96595b889c,锦城广场东(地铁站),104.0669071,30.5708689,2020-09-27,2020-09,,
2633,ningbo,g00221x00131,ningbo_station_54f18795eba3,大成东路(地铁站),121.4451027,29.6748141,2020-09-27,2020-09,,
2634,ningbo,g00229x00131,ningbo_station_e209c9e72563,南渡(地铁站),121.4428756,29.7110949,2020-09-27,2020-09,,
2635,ningbo,g00232x00131,ningbo_station_94f65cd9799a,琎琳(地铁站),121.443969,29.7244145,2020-09-27,2020-09,,
2636,ningbo,g00237x00132,ningbo_station_67039a9d830d,方桥(地铁站),121.4479347,29.7479766,2020-09-27,2020-09,,
2637,ningbo,g00241x00139,ningbo_station_174535ccf3c2,朝阳(地铁站),121.4846149,29.7674735,2020-09-27,2020-09,,
2638,lanzhou,g00123x00227,lanzhou_station_415eefa28b3f,省政府(地铁站),103.8249264,36.0584859,2020-09-28,2020-09,,
2639,hohhot,g00279x00222,hohhot_station_a8ebe2f70763,帅家营(地铁站),111.7001214,40.7542587,2020-10-01,2020-10,,
2640,hohhot,g00279x00226,hohhot_station_ba936a897330,喇嘛营(地铁站),111.7244394,40.7543116,2020-10-01,2020-10,,
2641,hohhot,g00279x00229,hohhot_station_2a3c84d68d29,阿尔山路(地铁站),111.7409099,40.754086,2020-10-01,2020-10,,
2642,hohhot,g00280x00220,hohhot_station_2e012b44eff0,内大南校区(地铁站),111.6856352,40.7578216,2020-10-01,2020-10,,
2643,hohhot,g00282x00219,hohhot_station_fe3323b0780d,锡林公园(地铁站),111.680643,40.7695587,2020-10-01,2020-10,,
2644,hohhot,g00284x00218,hohhot_station_e3620cfab547,五里营(地铁站),111.6781006,40.7760744,2020-10-01,2020-10,,
2645,hohhot,g00286x00218,hohhot_station_6f3010c80a56,水上公园(地铁站),111.6745396,40.7850651,2020-10-01,2020-10,,
2646,hohhot,g00288x00217,hohhot_station_e68498d774b3,诺和木勒(地铁站),111.6727726,40.797217,2020-10-01,2020-10,,
2647,hohhot,g00290x00217,hohhot_station_d1b5dc3020ee,大学西街(地铁站),111.6688669,40.8046826,2020-10-01,2020-10,,
2648,hohhot,g00292x00216,hohhot_station_f29404e4cd60,中山路(地铁站),111.6642081,40.8139743,2020-10-01,2020-10,,
2649,hohhot,g00295x00215,hohhot_station_fd25b0de6d55,呼和浩特站(地铁站),111.6589004,40.8281721,2020-10-01,2020-10,,
2650,hohhot,g00297x00214,hohhot_station_bb49ffe48a7f,公主府(地铁站),111.6554856,40.8344396,2020-10-01,2020-10,,
2651,hohhot,g00300x00213,hohhot_station_f4fe668ff7b0,呼和浩特体育场(地铁站),111.6492968,40.8488294,2020-10-01,2020-10,,
2652,hohhot,g00301x00215,hohhot_station_4fb69a00c17f,内蒙古体育馆(地铁站),111.6574617,40.8546404,2020-10-01,2020-10,,
2653,hohhot,g00301x00217,hohhot_station_fcc4077eeb57,成吉思汗广场(地铁站),111.6694874,40.8561521,2020-10-01,2020-10,,
2654,hohhot,g00302x00219,hohhot_station_fe482d0feee2,毫沁营(地铁站),111.6838521,40.8579958,2020-10-01,2020-10,,
2655,hohhot,g00302x00222,hohhot_station_e4e89ad9ea9e,成吉思汗公园(地铁站),111.6978847,40.8601406,2020-10-01,2020-10,,
2656,hohhot,g00302x00224,hohhot_station_306bae4af59e,一家村(地铁站),111.7116857,40.8579859,2020-10-01,2020-10,,
2657,hohhot,g00302x00226,hohhot_station_c5efaaaa08ac,丝绸之路大道(地铁站),111.7255153,40.8575986,2020-10-01,2020-10,,
2658,hohhot,g00303x00229,hohhot_station_11cf9e37379d,北山公园(地铁站),111.7402715,40.8611427,2020-10-01,2020-10,,
2659,hohhot,g00303x00231,hohhot_station_20812530da6b,百合路(地铁站),111.7517253,40.8637725,2020-10-01,2020-10,,
2660,hohhot,g00304x00232,hohhot_station_0573fc633db5,新店(地铁站),111.7589582,40.8658949,2020-10-01,2020-10,,
2661,hohhot,g00304x00234,hohhot_station_c5bcf210afc5,塔利东路(地铁站),111.7702445,40.8680058,2020-10-01,2020-10,,
2662,shenzhen,g00170x00100,shenzhen_station_061b0547dad1,福保(地铁站),114.0514728,22.5108941,2020-10-28,2020-10,,
2663,shenzhen,g00180x00134,shenzhen_station_25738ff4ef46,沙头角(地铁站),114.2183074,22.5572005,2020-10-28,2020-10,,
2664,shenzhen,g00180x00137,shenzhen_station_247e4206c0bf,海山(地铁站),114.2328768,22.5583988,2020-10-28,2020-10,,
2665,shenzhen,g00181x00126,shenzhen_station_69887c0de1c3,梧桐山南(地铁站),114.178262,22.5606418,2020-10-28,2020-10,,
2666,shenzhen,g00182x00124,shenzhen_station_e63b8c369589,莲塘(地铁站),114.1693216,22.5668925,2020-10-28,2020-10,,
2667,shenzhen,g00182x00139,shenzhen_station_127055dae94a,盐田港西(地铁站),114.2420729,22.5653998,2020-10-28,2020-10,,
2668,shenzhen,g00186x00139,shenzhen_station_69b27e743de0,深外高中(地铁站),114.2396796,22.5866451,2020-10-28,2020-10,,
2669,shenzhen,g00187x00141,shenzhen_station_028148874cdc,盐田路(地铁站),114.2508271,22.5918193,2020-10-28,2020-10,,
2670,shenzhen,g00207x00097,shenzhen_station_33fc49d790dc,清湖北(地铁站),114.0353211,22.6748213,2020-10-28,2020-10,,
2671,shenzhen,g00210x00097,shenzhen_station_fa10368d731d,竹村(地铁站),114.0352123,22.6894591,2020-10-28,2020-10,,
2672,shenzhen,g00212x00097,shenzhen_station_e46ce48306f7,茜坑(地铁站),114.0359882,22.6999826,2020-10-28,2020-10,,
2673,shenzhen,g00216x00100,shenzhen_station_f250b8ff23e8,观澜(地铁站),114.0496496,22.7178647,2020-10-28,2020-10,,
2674,shenzhen,g00218x00107,shenzhen_station_12d709c7dd2a,牛湖(地铁站),114.084114,22.7272581,2020-10-28,2020-10,,
2675,wuxi,g00102x00191,wuxi_station_9962fe5dbb0e,长江南路(地铁站),120.3985261,31.4991557,2020-10-28,2020-10,,
2676,wuxi,g00103x00197,wuxi_station_8a8e6a7dd47c,硕放机场(地铁站),120.4261476,31.5043669,2020-10-28,2020-10,,
2677,wuxi,g00105x00188,wuxi_station_f7a3fa80f472,周泾巷(地铁站),120.3808825,31.5154863,2020-10-28,2020-10,,
2678,wuxi,g00108x00186,wuxi_station_0baea1c97b48,高浪东路(地铁站),120.3713518,31.5251124,2020-10-28,2020-10,,
2679,wuxi,g00114x00182,wuxi_station_48c7d89a93a2,新光路(地铁站),120.3478003,31.5512146,2020-10-28,2020-10,,
2680,wuxi,g00116x00180,wuxi_station_31c6931e44af,太湖花园(地铁站),120.3393195,31.5608696,2020-10-28,2020-10,,
2681,wuxi,g00117x00179,wuxi_station_bfb03dfb2419,叙丰(地铁站),120.3325012,31.5680707,2020-10-28,2020-10,,
2682,wuxi,g00119x00178,wuxi_station_4558892db878,东风站,120.32804,31.57553,2020-10-28,2020-10,,
2683,wuxi,g00123x00172,wuxi_station_2130739ab255,北栅口(地铁站),120.2924648,31.5928522,2020-10-28,2020-10,,
2684,wuxi,g00123x00176,wuxi_station_40365072870f,广瑞(地铁站),120.3138203,31.5907841,2020-10-28,2020-10,,
2685,wuxi,g00124x00166,wuxi_station_a8abfa4adeea,盛岸(地铁站),120.2652255,31.5942613,2020-10-28,2020-10,,
2686,wuxi,g00124x00169,wuxi_station_b92682ff59cb,吴桥(地铁站),120.281376,31.5957838,2020-10-28,2020-10,,
2687,wuxi,g00125x00156,wuxi_station_d361fd3626fc,苏庙(地铁站),120.2114227,31.5987073,2020-10-28,2020-10,,
2688,wuxi,g00125x00159,wuxi_station_5e13e7e42a4b,钱桥(地铁站),120.2250638,31.5984344,2020-10-28,2020-10,,
2689,wuxi,g00125x00162,wuxi_station_7fea499b6dad,龙山梢(地铁站),120.2395037,31.6023781,2020-10-28,2020-10,,
2690,wuxi,g00125x00164,wuxi_station_fc1615184fd6,石门路(地铁站),120.254513,31.5993191,2020-10-28,2020-10,,
2691,nanning,g00129x00234,nanning_station_bb547dc0a139,东风路(地铁站),108.3483487,22.7221547,2020-11-23,2020-11,,
2692,nanning,g00129x00235,nanning_station_c794f6f371f3,玉岭路(地铁站),108.3561817,22.7242576,2020-11-23,2020-11,,
2693,nanning,g00130x00238,nanning_station_dc7af21800bd,那福路(地铁站),108.3694724,22.727672,2020-11-23,2020-11,,
2694,nanning,g00130x00243,nanning_station_07229cb84523,坛泽(地铁站),108.3922559,22.7289585,2020-11-23,2020-11,,
2695,nanning,g00136x00245,nanning_station_d1e6625b6cd1,良庆大桥南(地铁站),108.4023873,22.756673,2020-11-23,2020-11,,
2696,nanning,g00136x00247,nanning_station_2aebf560d184,良庆圩(地铁站),108.4138891,22.7556685,2020-11-23,2020-11,,
2697,nanning,g00136x00249,nanning_station_be9e19459765,楞塘村(地铁站),108.4243916,22.756964,2020-11-23,2020-11,,
2698,nanning,g00138x00215,nanning_station_91311cb8548c,那历村(地铁站),108.2549743,22.7636425,2020-11-23,2020-11,,
2699,nanning,g00138x00219,nanning_station_21940cb87a7e,金阳路(地铁站),108.277534,22.7636786,2020-11-23,2020-11,,
2700,nanning,g00138x00223,nanning_station_07cffa04f578,通源路(地铁站),108.2959385,22.7613648,2020-11-23,2020-11,,
2701,nanning,g00138x00226,nanning_station_68551d420a31,大沙田(地铁站),108.3127799,22.7636036,2020-11-23,2020-11,,
2702,nanning,g00138x00228,nanning_station_b1dd6cc62058,金象大道(地铁站),108.3190319,22.7635448,2020-11-23,2020-11,,
2703,nanning,g00138x00231,nanning_station_410161cb169c,五象岭(地铁站),108.3339918,22.7640282,2020-11-23,2020-11,,
2704,nanning,g00138x00243,nanning_station_816286e9a81a,体育中心东(地铁站),108.3951186,22.7634447,2020-11-23,2020-11,,
2705,nanning,g00139x00211,nanning_station_1dc8f29fe11a,洪运路(地铁站),108.2381462,22.7683854,2020-11-23,2020-11,,
2706,nanning,g00139x00239,nanning_station_db557bb36cba,总部基地(地铁站),108.3721821,22.7703103,2020-11-23,2020-11,,
2707,nanning,g00139x00241,nanning_station_5be79cf8ae04,飞龙路(地铁站),108.3821075,22.7690842,2020-11-23,2020-11,,
2708,nanning,g00139x00242,nanning_station_b32bcd21d355,体育中心西(地铁站),108.3884231,22.7680121,2020-11-23,2020-11,,
2709,nanning,g00140x00236,nanning_station_be2b9f052abd,玉象路(地铁站),108.3593824,22.771059,2020-11-23,2020-11,,
2710,guangzhou,g00145x00077,guangzhou_station_f3c1792d3afc,华林寺(地铁站),113.2419089,23.1205241,2020-11-26,2020-11,,
2711,guangzhou,g00153x00075,guangzhou_station_b6112e642c3b,鹅掌坦(地铁站),113.2304736,23.159484,2020-11-26,2020-11,,
2712,guangzhou,g00155x00074,guangzhou_station_7cc307098652,同德(地铁站),113.2293756,23.1661878,2020-11-26,2020-11,,
2713,guangzhou,g00156x00075,guangzhou_station_5921af076e1f,上步(地铁站),113.2304296,23.1736386,2020-11-26,2020-11,,
2714,guangzhou,g00159x00075,guangzhou_station_2e875addd50f,聚龙(地铁站),113.2333941,23.1837692,2020-11-26,2020-11,,
2715,guangzhou,g00160x00076,guangzhou_station_f9a948a18528,石潭(地铁站),113.2356813,23.1904995,2020-11-26,2020-11,,
2716,guangzhou,g00163x00076,guangzhou_station_32fcb30f1f7d,小坪(地铁站),113.2377229,23.2031705,2020-11-26,2020-11,,
2717,guangzhou,g00165x00074,guangzhou_station_bd383117f444,石井(地铁站),113.2264648,23.2137445,2020-11-26,2020-11,,
2718,guangzhou,g00168x00071,guangzhou_station_a3fd889b88ef,亭岗(地铁站),113.2146173,23.2252452,2020-11-26,2020-11,,
2719,xuzhou,g00129x00190,xuzhou_station_ba1746198480,市行政中心(地铁站),117.274629,34.2087876,2020-11-28,2020-11,,
2720,xuzhou,g00129x00192,xuzhou_station_56c5dd1205b3,汉源大道(地铁站),117.2857549,34.2086286,2020-11-28,2020-11,,
2721,xuzhou,g00129x00194,xuzhou_station_9a525b8da333,新元大道(地铁站),117.2963614,34.2084762,2020-11-28,2020-11,,
2722,xuzhou,g00129x00196,xuzhou_station_e7ae626c3df9,新城区东(地铁站),117.3096316,34.2084447,2020-11-28,2020-11,,
2723,xuzhou,g00130x00180,xuzhou_station_aed9ba6cfa4d,百果园(地铁站),117.2207435,34.2145982,2020-11-28,2020-11,,
2724,xuzhou,g00130x00183,xuzhou_station_8960e5dc2a15,拖龙山(地铁站),117.2369596,34.2131207,2020-11-28,2020-11,,
2725,xuzhou,g00130x00187,xuzhou_station_5a8aa01ab29f,大龙湖(地铁站),117.2584762,34.2115112,2020-11-28,2020-11,,
2726,xuzhou,g00135x00175,xuzhou_station_2235f08f9655,淮塔(地铁站),117.1955103,34.2371839,2020-11-28,2020-11,,
2727,xuzhou,g00137x00174,xuzhou_station_291ad7ac6ecd,中心医院(地铁站),117.187744,34.2429201,2020-11-28,2020-11,,
2728,xuzhou,g00140x00174,xuzhou_station_2f9d57b5803e,户部山(地铁站),117.1858023,34.2584187,2020-11-28,2020-11,,
2729,xuzhou,g00144x00172,xuzhou_station_0e6db823e5da,庆云桥(地铁站),117.1798187,34.2746584,2020-11-28,2020-11,,
2730,xuzhou,g00149x00174,xuzhou_station_66c193800322,奔腾大道(地铁站),117.185605,34.297022,2020-11-28,2020-11,,
2731,xuzhou,g00154x00174,xuzhou_station_2dfdd5e4ad65,李沃(地铁站),117.1865963,34.3200862,2020-11-28,2020-11,,
2732,xuzhou,g00157x00173,xuzhou_station_c4d917204b16,客运北站(地铁站),117.1827296,34.3326724,2020-11-28,2020-11,,
2733,zhengzhou,g00096x00223,zhengzhou_station_596cce9c4b29,港区北(地铁站),113.8319556,34.5861307,2020-12-12,2020-12,,
2734,chengdu,g00070x00302,chengdu_station_df86010c58bc,天府机场北站,104.4526,30.33698,2020-12-18,2020-12,,
2735,chengdu,g00091x00224,chengdu_station_c508f68190a9,松林(地铁站),104.0441264,30.4283573,2020-12-18,2020-12,,
2736,chengdu,g00091x00227,chengdu_station_df7ed73f82bd,秦皇寺站,104.0594,30.4269,2020-12-18,2020-12,,
2737,chengdu,g00091x00229,chengdu_station_f3c478aeb659,西博城(地铁站),104.0718879,30.4268358,2020-12-18,2020-12,,
2738,chengdu,g00092x00232,chengdu_station_e0c46d9e9791,天府商务区(地铁站),104.0837341,30.432494,2020-12-18,2020-12,,
2739,chengdu,g00093x00221,chengdu_station_688d8250815f,钓鱼嘴(地铁站),104.0301266,30.4389828,2020-12-18,2020-12,,
2740,chengdu,g00094x00232,chengdu_station_8070ad884419,杭州路(地铁站),104.0867994,30.4413626,2020-12-18,2020-12,,
2741,chengdu,g00095x00214,chengdu_station_9c0d96465d6e,兰家沟(地铁站),103.9943283,30.4459546,2020-12-18,2020-12,,
2742,chengdu,g00095x00217,chengdu_station_e8f14d368427,回龙(地铁站),104.0095452,30.4472142,2020-12-18,2020-12,,
2743,chengdu,g00096x00233,chengdu_station_5de33170463a,昌公堰(地铁站),104.0918142,30.450939,2020-12-18,2020-12,,
2744,chengdu,g00100x00235,chengdu_station_e5c3dee49738,沈阳路(地铁站),104.0989706,30.4698133,2020-12-18,2020-12,,
2745,chengdu,g00104x00235,chengdu_station_af67627e8964,麓山大道(地铁站),104.1008838,30.4854875,2020-12-18,2020-12,,
2746,chengdu,g00106x00234,chengdu_station_b674f3ec3269,万安(地铁站),104.0969166,30.4973217,2020-12-18,2020-12,,
2747,chengdu,g00108x00234,chengdu_station_1dd6e2db7163,蒲草塘(地铁站),104.0959154,30.5040888,2020-12-18,2020-12,,
2748,chengdu,g00109x00235,chengdu_station_c4e01fac7752,龙灯山(地铁站),104.0986767,30.5114758,2020-12-18,2020-12,,
2749,chengdu,g00111x00234,chengdu_station_e5afde800774,新川路(地铁站),104.0979665,30.5181137,2020-12-18,2020-12,,
2750,chengdu,g00112x00234,chengdu_station_8001bd3fcf01,新通大道(地铁站),104.0959085,30.5243757,2020-12-18,2020-12,,
2751,chengdu,g00114x00234,chengdu_station_de948258b128,观东(地铁站),104.0958361,30.5333659,2020-12-18,2020-12,,
2752,chengdu,g00116x00234,chengdu_station_1c501488bef4,陆肖(地铁站),104.0958288,30.5402407,2020-12-18,2020-12,,
2753,chengdu,g00118x00211,chengdu_station_fbb249d25772,莲花(地铁站),103.9771001,30.548823,2020-12-18,2020-12,,
2754,chengdu,g00119x00213,chengdu_station_2f0afb51d8fa,文星(地铁站),103.9882968,30.5532465,2020-12-18,2020-12,,
2755,chengdu,g00119x00234,chengdu_station_635a24edf2d0,张家寺(地铁站),104.0958432,30.5525746,2020-12-18,2020-12,,
2756,chengdu,g00120x00217,chengdu_station_298fea9c6dec,川大江安校区(地铁站),104.0047668,30.5578409,2020-12-18,2020-12,,
2757,chengdu,g00120x00234,chengdu_station_a368fa040d1f,中和(地铁站),104.0935365,30.5609949,2020-12-18,2020-12,,
2758,chengdu,g00124x00225,chengdu_station_24f1d2159202,锦城大道站,104.0479,30.57766,2020-12-18,2020-12,,
2759,chengdu,g00124x00228,chengdu_station_b5a5f6be2d30,孵化园站,104.06192,30.57767,2020-12-18,2020-12,,
2760,chengdu,g00124x00229,chengdu_station_bcb3c48ef6c1,心岛站,104.06991,30.57823,2020-12-18,2020-12,,
2761,chengdu,g00125x00217,chengdu_station_025961144d0e,顺风站,104.00883,30.57945,2020-12-18,2020-12,,
2762,chengdu,g00125x00231,chengdu_station_e6ef0d7f59ed,金融城东站,104.08188,30.5816,2020-12-18,2020-12,,
2763,chengdu,g00126x00220,chengdu_station_b0af4b8413e2,三元站,104.02405,30.58372,2020-12-18,2020-12,,
2764,chengdu,g00127x00221,chengdu_station_3018c856c7dd,石羊(地铁站),104.0287085,30.5879953,2020-12-18,2020-12,,
2765,chengdu,g00128x00218,chengdu_station_8fc17180e4f2,太平寺(地铁站),104.0097989,30.5939058,2020-12-18,2020-12,,
2766,chengdu,g00129x00222,chengdu_station_963224cacac4,庆安(地铁站),104.0315648,30.6009049,2020-12-18,2020-12,,
2767,chengdu,g00130x00234,chengdu_station_be2c2368a654,琉三路(地铁站),104.095633,30.6027725,2020-12-18,2020-12,,
2768,chengdu,g00131x00222,chengdu_station_b2280cffe439,殷家林(地铁站),104.0319253,30.6084351,2020-12-18,2020-12,,
2769,chengdu,g00132x00213,chengdu_station_6e3ae4a50826,簇桥(地铁站),103.9876556,30.6103056,2020-12-18,2020-12,,
2770,chengdu,g00134x00222,chengdu_station_4b548bd2c1e9,高朋大道(地铁站),104.032473,30.6200221,2020-12-18,2020-12,,
2771,chengdu,g00134x00223,chengdu_station_8b3075e66494,九兴大道(地铁站),104.0374257,30.6231685,2020-12-18,2020-12,,
2772,chengdu,g00134x00232,chengdu_station_3cf2109416d4,东湖公园(地铁站),104.0851203,30.6218645,2020-12-18,2020-12,,
2773,chengdu,g00134x00234,chengdu_station_05629f3509e8,东光(地铁站),104.095953,30.621991,2020-12-18,2020-12,,
2774,chengdu,g00135x00213,chengdu_station_351c5a9aee6f,武青南路(地铁站),103.9828295,30.6257678,2020-12-18,2020-12,,
2775,chengdu,g00135x00225,chengdu_station_7b12c4678960,芳草街(地铁站),104.0498753,30.6284989,2020-12-18,2020-12,,
2776,chengdu,g00135x00228,chengdu_station_3f6f2368fbbb,倪家桥站,104.0644444,30.6272222,2020-12-18,2020-12,,
2777,chengdu,g00135x00230,chengdu_station_4979c0ca6b01,川大望江校区站,104.07307,30.62759,2020-12-18,2020-12,,
2778,chengdu,g00135x00235,chengdu_station_41e9f80c074f,净居寺站,104.10188,30.62483,2020-12-18,2020-12,,
2779,chengdu,g00136x00224,chengdu_station_be2dd039e8a3,永丰(地铁站),104.0444394,30.6306334,2020-12-18,2020-12,,
2780,chengdu,g00137x00233,chengdu_station_7e22dcd1e668,顺江路(地铁站),104.0904182,30.637977,2020-12-18,2020-12,,
2781,chengdu,g00137x00237,chengdu_station_e4310e7a1ff8,东大路(地铁站),104.109634,30.6362283,2020-12-18,2020-12,,
2782,chengdu,g00138x00200,chengdu_station_132ad9109f9c,九江北(地铁站),103.9193985,30.6372991,2020-12-18,2020-12,,
2783,chengdu,g00139x00208,chengdu_station_82cf282f0501,白佛桥站,103.9610528,30.6437095,2020-12-18,2020-12,,
2784,chengdu,g00140x00211,chengdu_station_47599ef5d214,机投桥(地铁站),103.9759039,30.6486804,2020-12-18,2020-12,,
2785,chengdu,g00140x00234,chengdu_station_41a2a33d07ee,牛王庙(地铁站),104.0919991,30.6474267,2020-12-18,2020-12,,
2786,chengdu,g00140x00237,chengdu_station_113cb2e8716b,双桥路(地铁站),104.1107389,30.6493824,2020-12-18,2020-12,,
2787,chengdu,g00141x00234,chengdu_station_5d9884dec843,玉双路(地铁站),104.0967733,30.6558519,2020-12-18,2020-12,,
2788,chengdu,g00142x00237,chengdu_station_bcd291466ced,万年路(地铁站),104.1124094,30.6572151,2020-12-18,2020-12,,
2789,chengdu,g00143x00190,chengdu_station_3ad9fd8458a7,明光(地铁站),103.8663428,30.6611782,2020-12-18,2020-12,,
2790,chengdu,g00144x00235,chengdu_station_5ab62789dcc3,新鸿路站,104.09953,30.6654,2020-12-18,2020-12,,
2791,chengdu,g00144x00238,chengdu_station_51c1b2ffafdf,杉板桥(地铁站),104.1167558,30.6665744,2020-12-18,2020-12,,
2792,chengdu,g00145x00240,chengdu_station_de573dc82544,东郊记忆站,104.12604,30.67042,2020-12-18,2020-12,,
2793,chengdu,g00146x00188,chengdu_station_4480d4a5c7f5,温泉大道(地铁站),103.8530604,30.6753158,2020-12-18,2020-12,,
2794,chengdu,g00146x00241,chengdu_station_707b98afcffc,理工大学站,104.1326,30.67664,2020-12-18,2020-12,,
2795,chengdu,g00147x00233,chengdu_station_617468b3de56,前锋路(地铁站),104.0895837,30.6814263,2020-12-18,2020-12,,
2796,chengdu,g00147x00243,chengdu_station_d945d05298e3,十里店(地铁站),104.141687,30.6819557,2020-12-18,2020-12,,
2797,chengdu,g00148x00211,chengdu_station_8d5d727e45fc,成都西站,103.97494,30.68652,2020-12-18,2020-12,,
2798,chengdu,g00148x00230,chengdu_station_f8093aa54bde,人民北路(地铁站),104.070535,30.687233,2020-12-18,2020-12,,
2799,chengdu,g00148x00231,chengdu_station_d5840ff6955f,梁家巷(地铁站),104.0808032,30.6847399,2020-12-18,2020-12,,
2800,chengdu,g00149x00225,chengdu_station_8b1aee610464,沙湾(地铁站),104.0486086,30.6916329,2020-12-18,2020-12,,
2801,chengdu,g00149x00227,chengdu_station_9ae2dbcd563c,西北桥站,104.0556,30.68812,2020-12-18,2020-12,,
2802,chengdu,g00152x00183,chengdu_station_06f8646be5b6,市五医院(地铁站),103.8272588,30.7014039,2020-12-18,2020-12,,
2803,chengdu,g00152x00210,chengdu_station_d24a6c30b30e,黄田坝(地铁站),103.9692852,30.7005996,2020-12-18,2020-12,,
2804,chengdu,g00152x00224,chengdu_station_30423a90f267,星河(地铁站),104.0416538,30.7047538,2020-12-18,2020-12,,
2805,chengdu,g00156x00222,chengdu_station_ffac4f150204,西华大道(地铁站),104.0290624,30.7208921,2020-12-18,2020-12,,
2806,chengdu,g00157x00180,chengdu_station_b791b1064047,黄石(地铁站),103.8117815,30.7242711,2020-12-18,2020-12,,
2807,chengdu,g00158x00221,chengdu_station_6306c1478334,青杠(地铁站),104.0235235,30.7280277,2020-12-18,2020-12,,
2808,chengdu,g00159x00220,chengdu_station_e3f30b210f26,兴盛(地铁站),104.0191015,30.7332735,2020-12-18,2020-12,,
2809,chengdu,g00160x00217,chengdu_station_44f9a2b2cf5f,侯家桥(地铁站),104.0023438,30.7395592,2020-12-18,2020-12,,
2810,chengdu,g00163x00214,chengdu_station_2492f443b19e,梓潼宫(地铁站),103.9910352,30.7504881,2020-12-18,2020-12,,
2811,chengdu,g00164x00207,chengdu_station_4c3b04fb42f6,天宇路(地铁站),103.9523624,30.7567931,2020-12-18,2020-12,,
2812,chengdu,g00165x00176,chengdu_station_02683f2e3be4,金星(地铁站),103.7918349,30.758757,2020-12-18,2020-12,,
2813,chengdu,g00165x00210,chengdu_station_df5f099b8b97,犀浦(地铁站),103.9676111,30.7603307,2020-12-18,2020-12,,
2814,chengdu,g00165x00213,chengdu_station_15f79b013476,兴业北街站,103.98115,30.76122,2020-12-18,2020-12,,
2815,chengdu,g00167x00204,chengdu_station_659326f993b0,红高路(地铁站),103.9349911,30.7721104,2020-12-18,2020-12,,
2816,chengdu,g00169x00201,chengdu_station_bc91a57f764a,尚锦路(地铁站),103.9213252,30.7800397,2020-12-18,2020-12,,
2817,chengdu,g00171x00199,chengdu_station_508187cd8e0c,檬梓(地铁站),103.9123344,30.7872988,2020-12-18,2020-12,,
2818,chengdu,g00172x00197,chengdu_station_ee80e4101ad0,蜀新大道(地铁站),103.901444,30.7937049,2020-12-18,2020-12,,
2819,chengdu,g00173x00196,chengdu_station_5f787eed0698,郫筒(地铁站),103.8924901,30.7987592,2020-12-18,2020-12,,
2820,chengdu,g00174x00194,chengdu_station_d65176f7164e,和平街(地铁站),103.8851963,30.8031175,2020-12-18,2020-12,,
2821,chengdu,g00176x00193,chengdu_station_c2eedb856274,望丛祠(地铁站),103.8759693,30.8099096,2020-12-18,2020-12,,
2822,ningbo,g00245x00166,ningbo_station_a4eb6b4028d2,东钱湖(地铁站),121.6242252,29.7845299,2020-12-23,2020-12,,
2823,ningbo,g00255x00157,ningbo_station_75debe86de28,嵩江东路(地铁站),121.5794519,29.8285189,2020-12-23,2020-12,,
2824,ningbo,g00258x00159,ningbo_station_fe1e691c4a61,潘火路(地铁站),121.5875515,29.8431053,2020-12-23,2020-12,,
2825,ningbo,g00260x00158,ningbo_station_26b0b508fe2a,矮柳(地铁站),121.583184,29.8540109,2020-12-23,2020-12,,
2826,ningbo,g00261x00152,ningbo_station_f490747a878d,兴宁桥东(地铁站),121.552065,29.8569569,2020-12-23,2020-12,,
2827,ningbo,g00261x00154,ningbo_station_0ba795486278,白鹤(地铁站),121.5621063,29.8549302,2020-12-23,2020-12,,
2828,ningbo,g00261x00156,ningbo_station_d8e083b99de1,儿童公园(地铁站),121.5742813,29.8557859,2020-12-23,2020-12,,
2829,ningbo,g00262x00151,ningbo_station_16b52d4d7c4c,兴宁桥西(地铁站),121.5444885,29.8612349,2020-12-23,2020-12,,
2830,ningbo,g00263x00148,ningbo_station_2bc1a65ea765,宁波火车站(地铁站),121.532829,29.8646952,2020-12-23,2020-12,,
2831,ningbo,g00265x00147,ningbo_station_547f5de5ab1c,柳西(地铁站),121.5271088,29.8736562,2020-12-23,2020-12,,
2832,ningbo,g00266x00148,ningbo_station_659b8f5ee1fa,大卿桥(地铁站),121.5276701,29.8791283,2020-12-23,2020-12,,
2833,ningbo,g00271x00148,ningbo_station_9a4e753e30cf,双东路(地铁站),121.5286516,29.8991088,2020-12-23,2020-12,,
2834,ningbo,g00274x00149,ningbo_station_8628e829a5e6,丽江路(地铁站),121.5347748,29.9131844,2020-12-23,2020-12,,
2835,ningbo,g00276x00148,ningbo_station_1085cac98cc7,庄桥火车站(地铁站),121.5303046,29.924537,2020-12-23,2020-12,,
2836,ningbo,g00277x00142,ningbo_station_6d5d528c37cd,洪塘中路(地铁站),121.4972645,29.9300213,2020-12-23,2020-12,,
2837,ningbo,g00279x00140,ningbo_station_ee64f11f8722,奥体中心(地铁站),121.4858857,29.9365491,2020-12-23,2020-12,,
2838,ningbo,g00285x00134,ningbo_station_d1db9e70844c,官山河(地铁站),121.4556414,29.9636612,2020-12-23,2020-12,,
2839,ningbo,g00288x00132,ningbo_station_064dbc6d2f2e,慈城(地铁站),121.4464902,29.9777846,2020-12-23,2020-12,,
2840,qingdao,g00175x00182,qingdao_station_ad2578a1b5db,沧安路(地铁站),120.3767344,36.1797729,2020-12-24,2020-12,,
2841,qingdao,g00176x00185,qingdao_station_76776f116333,永年路(地铁站),120.3907289,36.1821693,2020-12-24,2020-12,,
2842,qingdao,g00178x00186,qingdao_station_06c9568ebc9e,兴国路站,120.39667,36.19053,2020-12-24,2020-12,,
2843,qingdao,g00179x00166,qingdao_station_db36992ecbdf,大洋(地铁站),120.2837619,36.1928987,2020-12-24,2020-12,,
2844,qingdao,g00180x00186,qingdao_station_d213dcfcb73a,南岭(地铁站),120.3943432,36.2010107,2020-12-24,2020-12,,
2845,qingdao,g00181x00163,qingdao_station_0b53b1377940,红岛科技馆(方特)(地铁站),120.2679367,36.2006664,2020-12-24,2020-12,,
2846,qingdao,g00182x00158,qingdao_station_42a230685e23,观涛(地铁站),120.239048,36.2081501,2020-12-24,2020-12,,
2847,qingdao,g00183x00185,qingdao_station_220dc5f5ac38,遵义路(地铁站),120.3917268,36.2142058,2020-12-24,2020-12,,
2848,qingdao,g00186x00185,qingdao_station_514f0e8bd7e6,瑞金路(地铁站),120.390021,36.2271118,2020-12-24,2020-12,,
2849,qingdao,g00188x00150,qingdao_station_3547a2dd32f2,健康中心(地铁站),120.1946091,36.2305306,2020-12-24,2020-12,,
2850,qingdao,g00188x00153,qingdao_station_cf99ecc4ee9c,健身中心(红岛会展)(地铁站),120.2099784,36.2334594,2020-12-24,2020-12,,
2851,qingdao,g00189x00185,qingdao_station_a99fe538935c,仙家寨(汽车北站)(地铁站),120.3872853,36.2394705,2020-12-24,2020-12,,
2852,qingdao,g00191x00149,qingdao_station_e5db0cfab506,红岛火车站(地铁站),120.1861217,36.24688,2020-12-24,2020-12,,
2853,qingdao,g00195x00184,qingdao_station_dd9b874706a6,流亭(地铁站),120.3838663,36.26835,2020-12-24,2020-12,,
2854,qingdao,g00199x00184,qingdao_station_07ec47ba56cb,凤岗路(地铁站),120.3809749,36.2856386,2020-12-24,2020-12,,
2855,qingdao,g00201x00185,qingdao_station_c0fc5f5ffe19,小寨子(地铁站),120.3850333,36.296179,2020-12-24,2020-12,,
2856,qingdao,g00206x00136,qingdao_station_0dee6e74abda,胶东(地铁站),120.1122489,36.313339,2020-12-24,2020-12,,
2857,qingdao,g00206x00185,qingdao_station_d73c57db0bc2,农业大学(地铁站),120.3857433,36.3154645,2020-12-24,2020-12,,
2858,qingdao,g00210x00189,qingdao_station_0b1a5b4ed02e,东郭庄站,120.40676,36.33449,2020-12-24,2020-12,,
2859,qingdao,g00225x00125,qingdao_station_bc8627bcefba,胶州北站(地铁站),120.0502824,36.3947969,2020-12-24,2020-12,,
2860,hefei,g00188x00130,hefei_station_3d0d363b35cc,滨湖竹园(地铁站),117.2586724,31.7113981,2020-12-26,2020-12,,
2861,hefei,g00189x00132,hefei_station_789d7adda7ca,云川公园(地铁站),117.2703992,31.7151656,2020-12-26,2020-12,,
2862,hefei,g00189x00140,hefei_station_5d0dde70fbd7,沈湾(地铁站),117.3141562,31.715059,2020-12-26,2020-12,,
2863,hefei,g00189x00142,hefei_station_bb5c09fefb98,渡江纪念馆(地铁站),117.3246724,31.7150548,2020-12-26,2020-12,,
2864,hefei,g00190x00144,hefei_station_59bc5c08ec5b,方兴湖(地铁站),117.3331077,31.7201093,2020-12-26,2020-12,,
2865,hefei,g00193x00144,hefei_station_dbe6be3e3658,省行政中心东(地铁站),117.3333189,31.7332863,2020-12-26,2020-12,,
2866,hefei,g00195x00144,hefei_station_7f3e50be8526,义城(地铁站),117.3333988,31.7427052,2020-12-26,2020-12,,
2867,hefei,g00198x00144,hefei_station_10f89bd3c8ab,扬子江路(地铁站),117.3333916,31.7549978,2020-12-26,2020-12,,
2868,hefei,g00201x00143,hefei_station_ce2665edd109,黄河路(地铁站),117.3286673,31.7676614,2020-12-26,2020-12,,
2869,hefei,g00203x00143,hefei_station_599e26591204,花园大道(地铁站),117.3287005,31.7749284,2020-12-26,2020-12,,
2870,hefei,g00205x00143,hefei_station_b5511459419a,大连路(地铁站),117.3266545,31.7875332,2020-12-26,2020-12,,
2871,hefei,g00207x00137,hefei_station_5c3488b515f2,盛大(地铁站),117.29633,31.7944562,2020-12-26,2020-12,,
2872,hefei,g00207x00140,hefei_station_f305f8979992,包河苑(地铁站),117.310825,31.7955506,2020-12-26,2020-12,,
2873,hefei,g00207x00141,hefei_station_6ee28d1a1f54,义兴(地铁站),117.3201752,31.7966661,2020-12-26,2020-12,,
2874,nanchang,g00099x00118,nanchang_station_668626f3a3cb,银三角北(地铁站),115.9299982,28.5243415,2020-12-26,2020-12,,
2875,nanchang,g00101x00117,nanchang_station_1a0df71fea0d,斗门(地铁站),115.9229629,28.5323556,2020-12-26,2020-12,,
2876,nanchang,g00104x00115,nanchang_station_3b3654f98018,柏岗(地铁站),115.9132928,28.5481044,2020-12-26,2020-12,,
2877,nanchang,g00107x00114,nanchang_station_01848a209a4e,沥山(地铁站),115.9111436,28.5597589,2020-12-26,2020-12,,
2878,nanchang,g00111x00114,nanchang_station_563680183dfa,复兴大道东(地铁站),115.9075027,28.5794931,2020-12-26,2020-12,,
2879,nanchang,g00114x00113,nanchang_station_da2afbb7dc3f,邓埠(地铁站),115.9050407,28.5930767,2020-12-26,2020-12,,
2880,nanchang,g00117x00113,nanchang_station_76d8fcd876d7,八大山人(地铁站),115.9036156,28.6052152,2020-12-26,2020-12,,
2881,nanchang,g00120x00113,nanchang_station_cdef1161197c,施尧(地铁站),115.9030105,28.6185857,2020-12-26,2020-12,,
2882,nanchang,g00122x00113,nanchang_station_d46f8c11f7ce,江铃(地铁站),115.9025588,28.6276791,2020-12-26,2020-12,,
2883,nanchang,g00125x00113,nanchang_station_302bb6c47cf9,京家山(地铁站),115.9016784,28.6426093,2020-12-26,2020-12,,
2884,nanchang,g00128x00113,nanchang_station_dd402d1a672c,十字街(地铁站),115.9010061,28.6572773,2020-12-26,2020-12,,
2885,nanchang,g00129x00112,nanchang_station_61d36952cbba,绳金塔(地铁站),115.8965772,28.6616222,2020-12-26,2020-12,,
2886,nanchang,g00132x00110,nanchang_station_8f92a262f641,六眼井(地铁站),115.8890845,28.6731473,2020-12-26,2020-12,,
2887,nanchang,g00135x00111,nanchang_station_a66285b36a33,墩子塘(地铁站),115.889947,28.6883216,2020-12-26,2020-12,,
2888,nanchang,g00136x00120,nanchang_station_c95243af62ff,国威路(地铁站),115.9366102,28.6904943,2020-12-26,2020-12,,
2889,nanchang,g00136x00121,nanchang_station_aeda32c1eeb8,火炬广场(地铁站),115.9447104,28.6914953,2020-12-26,2020-12,,
2890,nanchang,g00136x00123,nanchang_station_133cc8d38d52,梁万(地铁站),115.9554538,28.6935649,2020-12-26,2020-12,,
2891,nanchang,g00137x00114,nanchang_station_608b49ab0c6a,上沙沟站,115.9067026,28.6977948,2020-12-26,2020-12,,
2892,nanchang,g00137x00116,nanchang_station_810ea181d727,青山湖西(地铁站),115.9184126,28.6966653,2020-12-26,2020-12,,
2893,nanchang,g00137x00126,nanchang_station_48a5f1588488,京东大道(地铁站),115.9675666,28.6957003,2020-12-26,2020-12,,
2894,shanghai,g00099x00163,shanghai_station_9feb06da1de3,航头(地铁站),121.5918972,31.0396102,2020-12-26,2020-12,,
2895,shanghai,g00103x00162,shanghai_station_c9b3c94a4f11,下沙(地铁站),121.5847974,31.0566897,2020-12-26,2020-12,,
2896,shanghai,g00107x00161,shanghai_station_210db070a929,鹤涛路(地铁站),121.5817658,31.0741423,2020-12-26,2020-12,,
2897,shanghai,g00111x00160,shanghai_station_3fa6b04ecb5a,沈梅路(地铁站),121.5763881,31.093383,2020-12-26,2020-12,,
2898,shanghai,g00113x00158,shanghai_station_68e35fda9304,繁荣路(地铁站),121.5663317,31.1048057,2020-12-26,2020-12,,
2899,shanghai,g00116x00158,shanghai_station_9f22a858f81e,周浦(地铁站),121.5633919,31.1163706,2020-12-26,2020-12,,
2900,shanghai,g00120x00158,shanghai_station_d2f66d743bb5,康桥(地铁站),121.5630827,31.1364693,2020-12-26,2020-12,,
2901,shanghai,g00126x00159,shanghai_station_1b871e355f5c,御桥(地铁站),121.5666947,31.1603532,2020-12-26,2020-12,,
2902,shanghai,g00166x00148,shanghai_station_f0e1e233445e,国帆路(地铁站),121.5087748,31.3415616,2020-12-26,2020-12,,
2903,shanghai,g00168x00163,shanghai_station_68d4d8895f78,基隆路(地铁站),121.5861968,31.3534638,2020-12-26,2020-12,,
2904,shanghai,g00169x00153,shanghai_station_5c09c99c5e73,双江路(地铁站),121.5351171,31.3556808,2020-12-26,2020-12,,
2905,shanghai,g00169x00155,shanghai_station_eccdf4100795,高桥西(地铁站),121.5449995,31.3535915,2020-12-26,2020-12,,
2906,shanghai,g00169x00158,shanghai_station_cbc02d4f9767,高桥(地铁站),121.5587215,31.3547488,2020-12-26,2020-12,,
2907,shanghai,g00169x00160,shanghai_station_0aa8039bb846,港城路(地铁站),121.5707876,31.3553649,2020-12-26,2020-12,,
2908,taiyuan,g00088x00205,taiyuan_station_c764aefac7f1,康宁街(地铁站),112.5611922,37.7423629,2020-12-26,2020-12,,
2909,taiyuan,g00093x00204,taiyuan_station_af6d507580bc,嘉节(地铁站),112.555963,37.7635922,2020-12-26,2020-12,,
2910,taiyuan,g00099x00204,taiyuan_station_465e184e6d89,晋阳街(地铁站),112.5555464,37.7879382,2020-12-26,2020-12,,
2911,taiyuan,g00100x00204,taiyuan_station_91d90e07b815,南中环(地铁站),112.5555527,37.7937669,2020-12-26,2020-12,,
2912,taiyuan,g00103x00203,taiyuan_station_4159b458094f,学府街(地铁站),112.5555773,37.8064095,2020-12-26,2020-12,,
2913,taiyuan,g00109x00203,taiyuan_station_af13774aa752,南内环(地铁站),112.5550579,37.835738,2020-12-26,2020-12,,
2914,taiyuan,g00111x00203,taiyuan_station_484d09ecb761,体育馆(地铁站),112.5547863,37.845232,2020-12-26,2020-12,,
2915,taiyuan,g00114x00203,taiyuan_station_0cb8858f2b5c,大南门(地铁站),112.5534072,37.8580509,2020-12-26,2020-12,,
2916,taiyuan,g00116x00203,taiyuan_station_6abbbd0e48aa,开化寺街(地铁站),112.5538784,37.8645578,2020-12-26,2020-12,,
2917,taiyuan,g00117x00203,taiyuan_station_d15876a11372,府西街(地铁站),112.5547212,37.8716144,2020-12-26,2020-12,,
2918,taiyuan,g00121x00203,taiyuan_station_a897971d4b24,大北门(地铁站),112.5557542,37.8876409,2020-12-26,2020-12,,
2919,taiyuan,g00127x00203,taiyuan_station_3028b84c8ee6,尖草坪(地铁站),112.5566386,37.9152156,2020-12-26,2020-12,,
2920,zhengzhou,g00118x00204,zhengzhou_station_05f6c1151aa3,郎庄(地铁站),113.7322445,34.6861777,2020-12-26,2020-12,,
2921,zhengzhou,g00119x00203,zhengzhou_station_565b5ce31728,姚庄(地铁站),113.727872,34.6915271,2020-12-26,2020-12,,
2922,zhengzhou,g00121x00202,zhengzhou_station_fafcbf03d986,金岱(地铁站),113.7203279,34.701829,2020-12-26,2020-12,,
2923,zhengzhou,g00124x00201,zhengzhou_station_e0e517b99785,果树所(地铁站),113.7158491,34.7128607,2020-12-26,2020-12,,
2924,zhengzhou,g00130x00202,zhengzhou_station_ce854c31e4f7,货站街(地铁站),113.7202076,34.7424327,2020-12-26,2020-12,,
2925,zhengzhou,g00131x00195,zhengzhou_station_d4bc944a10e0,郑州文庙(地铁站),113.6851016,34.7480059,2020-12-26,2020-12,,
2926,zhengzhou,g00131x00198,zhengzhou_station_cca01f6c4e66,博览中心(地铁站),113.6975798,34.7479511,2020-12-26,2020-12,,
2927,zhengzhou,g00131x00199,zhengzhou_station_387285e9aa7a,凤凰台(地铁站),113.7066307,34.7479662,2020-12-26,2020-12,,
2928,zhengzhou,g00131x00202,zhengzhou_station_c4cc97baf7ad,东十里铺(地铁站),113.7198652,34.7480225,2020-12-26,2020-12,,
2929,zhengzhou,g00132x00193,zhengzhou_station_b4cd384ca245,西大街(地铁站),113.6704138,34.7514138,2020-12-26,2020-12,,
2930,zhengzhou,g00132x00203,zhengzhou_station_7021f9a5f454,通泰路(地铁站),113.7282038,34.7491191,2020-12-26,2020-12,,
2931,zhengzhou,g00132x00205,zhengzhou_station_1596f73364d4,西周(地铁站),113.7406703,34.7489547,2020-12-26,2020-12,,
2932,zhengzhou,g00132x00208,zhengzhou_station_31d5799337b7,东周(地铁站),113.7521201,34.747513,2020-12-26,2020-12,,
2933,zhengzhou,g00133x00202,zhengzhou_station_6a1ec13ed8ed,商鼎路(地铁站),113.7206411,34.7555243,2020-12-26,2020-12,,
2934,zhengzhou,g00134x00190,zhengzhou_station_6c2af71788cd,人民公园(地铁站),113.653888,34.7597459,2020-12-26,2020-12,,
2935,zhengzhou,g00135x00189,zhengzhou_station_0b5e3bbf6e9e,大石桥站,113.6498583,34.7663972,2020-12-26,2020-12,,
2936,zhengzhou,g00140x00186,zhengzhou_station_9d2c41ac23ea,南阳新村(地铁站),113.6361731,34.7868822,2020-12-26,2020-12,,
2937,zhengzhou,g00140x00203,zhengzhou_station_9a853cee31b1,农业东路(地铁站),113.72852,34.7848358,2020-12-26,2020-12,,
2938,zhengzhou,g00142x00185,zhengzhou_station_a039771aa425,同乐(地铁站),113.6295907,34.7964662,2020-12-26,2020-12,,
2939,zhengzhou,g00142x00204,zhengzhou_station_ce4fe69013b3,龙湖中环南(地铁站),113.7324932,34.7931002,2020-12-26,2020-12,,
2940,zhengzhou,g00144x00183,zhengzhou_station_af9edc38c920,兴隆铺(地铁站),113.6218548,34.8081541,2020-12-26,2020-12,,
2941,zhengzhou,g00144x00204,zhengzhou_station_f393f77f13b9,龙湖南(地铁站),113.73193,34.8038803,2020-12-26,2020-12,,
2942,zhengzhou,g00147x00183,zhengzhou_station_231158845e6d,王砦(地铁站),113.6199562,34.820765,2020-12-26,2020-12,,
2943,zhengzhou,g00147x00191,zhengzhou_station_4b5cdf8cde41,陈寨东(地铁站),113.663887,34.8205932,2020-12-26,2020-12,,
2944,zhengzhou,g00147x00196,zhengzhou_station_6aed57affea9,杨君刘(地铁站),113.6922942,34.8205351,2020-12-26,2020-12,,
2945,zhengzhou,g00148x00189,zhengzhou_station_09e6d842a04e,张家村(地铁站),113.6550241,34.8253271,2020-12-26,2020-12,,
2946,zhengzhou,g00149x00197,zhengzhou_station_a2ad2a3dd49d,森林公园北(地铁站),113.6975075,34.8271757,2020-12-26,2020-12,,
2947,zhengzhou,g00149x00203,zhengzhou_station_eaeef10c1a28,龙湖北(地铁站),113.7280407,34.8256355,2020-12-26,2020-12,,
2948,zhengzhou,g00150x00181,zhengzhou_station_1707cce4f5b2,老鸦陈(地铁站),113.6110529,34.8338648,2020-12-26,2020-12,,
2949,zhengzhou,g00150x00183,zhengzhou_station_8e487e32ce1d,省体育中心(地铁站),113.6199309,34.8334636,2020-12-26,2020-12,,
2950,zhengzhou,g00150x00186,zhengzhou_station_6d4ee8da4ca1,北二十里铺(地铁站),113.6346385,34.8319494,2020-12-26,2020-12,,
2951,zhengzhou,g00150x00188,zhengzhou_station_46e20b10b87b,丰庆路(地铁站),113.6484477,34.8308573,2020-12-26,2020-12,,
2952,zhengzhou,g00150x00199,zhengzhou_station_642d09c25fcc,清华附中(地铁站),113.7071674,34.8304146,2020-12-26,2020-12,,
2953,zhengzhou,g00150x00201,zhengzhou_station_cd32a26489b0,龙湖中环北(地铁站),113.7202723,34.8303723,2020-12-26,2020-12,,
2954,fuzhou,g00219x00227,fuzhou_station_33980d36baeb,三江口(地铁站),119.4212086,25.9817629,2020-12-27,2020-12,,
2955,fuzhou,g00220x00226,fuzhou_station_db5e02c7a4f9,下洋(地铁站),119.4158549,25.9871044,2020-12-27,2020-12,,
2956,fuzhou,g00222x00222,fuzhou_station_09339a32f477,安平(地铁站),119.3972884,25.9952333,2020-12-27,2020-12,,
2957,fuzhou,g00222x00225,fuzhou_station_be16d6742948,梁厝(地铁站),119.410181,25.9971643,2020-12-27,2020-12,,
2958,guangzhou,g00158x00128,guangzhou_station_2bb1acdfd4dd,区少年宫（萝岗）站,113.48904,23.17904,2020-12-28,2020-12,,
2959,guangzhou,g00158x00129,guangzhou_station_8bcfc8f7f6b7,地铁香雪站,113.49445,23.17598,2020-12-28,2020-12,,
2960,guangzhou,g00159x00123,guangzhou_station_def27a003224,会议中心站,113.4686,23.18397,2020-12-28,2020-12,,
2961,guangzhou,g00161x00125,guangzhou_station_3c1ce40a0bee,峻泰路站,113.47866,23.19319,2020-12-28,2020-12,,
2962,guangzhou,g00164x00127,guangzhou_station_32f6b3697236,北师大实验学校站,113.48683,23.20616,2020-12-28,2020-12,,
2963,xian,g00113x00241,xian_station_b71786c73b2f,西安国际医学中心(地铁站),108.834153,34.1470166,2020-12-28,2020-12,,
2964,xian,g00114x00242,xian_station_4cad3500a36d,仁村(地铁站),108.8405558,34.1525185,2020-12-28,2020-12,,
2965,xian,g00116x00242,xian_station_10d2374beb29,郭杜西(地铁站),108.8426603,34.1614635,2020-12-28,2020-12,,
2966,xian,g00119x00242,xian_station_c23d476eb51b,西部大道(西太路口)(地铁站),108.8419073,34.1720899,2020-12-28,2020-12,,
2967,xian,g00121x00242,xian_station_6732597c0e4c,造字台(地铁站),108.8419185,34.1825056,2020-12-28,2020-12,,
2968,xian,g00124x00244,xian_station_9e5b847f2910,丈八六路(地铁站),108.8520379,34.1954612,2020-12-28,2020-12,,
2969,xian,g00124x00247,xian_station_06e3483ba0ff,丈八四路(地铁站),108.865911,34.1954645,2020-12-28,2020-12,,
2970,xian,g00124x00249,xian_station_361261460e80,丈八一路(地铁站),108.8801659,34.1954771,2020-12-28,2020-12,,
2971,xian,g00126x00250,xian_station_6bc6deefac2b,省体育馆(地铁站),108.8851518,34.204635,2020-12-28,2020-12,,
2972,xian,g00128x00251,xian_station_42400f487481,木塔寺(地铁站),108.887462,34.2138099,2020-12-28,2020-12,,
2973,xian,g00128x00273,xian_station_6e44c10445e5,黄渠头(地铁站),109.0089617,34.2165612,2020-12-28,2020-12,,
2974,xian,g00129x00271,xian_station_d524928967ea,理工大曲江校区(地铁站),108.9969201,34.2201973,2020-12-28,2020-12,,
2975,xian,g00129x00276,xian_station_ce8c195d2b6b,马腾空(地铁站),109.0235247,34.2202763,2020-12-28,2020-12,,
2976,xian,g00130x00252,xian_station_a83837ea34eb,甘家寨(地铁站),108.8946659,34.2250028,2020-12-28,2020-12,,
2977,xian,g00133x00269,xian_station_be34ad087b9a,雁翔路北口(地铁站),108.9844552,34.239785,2020-12-28,2020-12,,
2978,xian,g00134x00254,xian_station_b99d91c296bf,西北工业大学(地铁站),108.9054462,34.2425139,2020-12-28,2020-12,,
2979,xian,g00134x00257,xian_station_468cb0074b5a,边家村(地铁站),108.9187761,34.2427558,2020-12-28,2020-12,,
2980,xian,g00134x00258,xian_station_5ec468e156d7,省人民医院·黄雁村(地铁站),108.9286497,34.242763,2020-12-28,2020-12,,
2981,xian,g00134x00262,xian_station_1d95eb050699,文艺路(地铁站),108.9508032,34.2427479,2020-12-28,2020-12,,
2982,xian,g00134x00266,xian_station_5098bbea5391,太乙路(地铁站),108.9691025,34.2428105,2020-12-28,2020-12,,
2983,xian,g00135x00219,xian_station_e4f0a82c05f5,高桥站 (西安),108.7132,34.24235,2020-12-28,2020-12,,
2984,xian,g00135x00220,xian_station_34581005d7b9,文教园(地铁站),108.7226532,34.2420122,2020-12-28,2020-12,,
2985,xian,g00135x00224,xian_station_0222f73d6eb4,欢乐谷(地铁站),108.7446787,34.2463716,2020-12-28,2020-12,,
2986,xian,g00135x00226,xian_station_f86647e77456,镐京(地铁站),108.7544017,34.246318,2020-12-28,2020-12,,
2987,xian,g00135x00228,xian_station_af3d9526a14e,复兴大道南(地铁站),108.7656625,34.246327,2020-12-28,2020-12,,
2988,xian,g00135x00232,xian_station_2e9ed75f387e,斗门(地铁站),108.7858551,34.2463195,2020-12-28,2020-12,,
2989,xian,g00135x00235,xian_station_a63639c2967c,王寺(地铁站),108.8008428,34.2467293,2020-12-28,2020-12,,
2990,xian,g00135x00252,xian_station_a41142d5b7d9,丰庆公园(地铁站),108.8953448,34.2478174,2020-12-28,2020-12,,
2991,xian,g00136x00250,xian_station_3535f103d5e5,金光门(地铁站),108.8850029,34.2530913,2020-12-28,2020-12,,
2992,xian,g00137x00208,xian_station_67e64aeb4c25,创新港(地铁站),108.6527627,34.2513039,2020-12-28,2020-12,,
2993,xian,g00137x00238,xian_station_b66e44825f3b,阿房宫南(地铁站),108.8205063,34.2539869,2020-12-28,2020-12,,
2994,xian,g00137x00240,xian_station_6ce72c66d6e7,石桥立交(地铁站),108.8295858,34.25397,2020-12-28,2020-12,,
2995,xian,g00137x00244,xian_station_7112990492fc,西窑头(地铁站),108.8479026,34.2539855,2020-12-28,2020-12,,
2996,xian,g00137x00247,xian_station_ff0bdbaf65ed,汉城南路(地铁站),108.8674876,34.2539763,2020-12-28,2020-12,,
2997,xian,g00139x00209,xian_station_e67cb1514232,创新港东站,108.66211,34.25935,2020-12-28,2020-12,,
2998,xian,g00139x00217,xian_station_939c7843e540,东马坊(地铁站),108.7062047,34.2623507,2020-12-28,2020-12,,
2999,xian,g00141x00212,xian_station_e3e906ac1442,翱翔小镇站,108.67668,34.27012,2020-12-28,2020-12,,
3000,xian,g00141x00214,xian_station_db2ca29a8b80,钓台站,108.68572,34.27014,2020-12-28,2020-12,,
3001,xian,g00141x00216,xian_station_c961af8b4ac6,沣西文化公园(地铁站),108.6967459,34.2701735,2020-12-28,2020-12,,
3002,xian,g00141x00289,xian_station_dc78db2a9b91,香王(地铁站),109.0919156,34.2765713,2020-12-28,2020-12,,
3003,xian,g00142x00292,xian_station_e3f20ca08cc9,灞柳二路(地铁站),109.1098616,34.2819639,2020-12-28,2020-12,,
3004,xian,g00145x00292,xian_station_ba87faea6d56,田王(地铁站),109.1125368,34.297988,2020-12-28,2020-12,,
3005,xian,g00150x00293,xian_station_afcf507bf700,洪庆(地铁站),109.1125341,34.318005,2020-12-28,2020-12,,
3006,xian,g00154x00295,xian_station_831c83a03cc1,紫霞三路(地铁站),109.1270986,34.3351601,2020-12-28,2020-12,,
3007,xian,g00156x00299,xian_station_0c02e3536d2b,凤凰池(地铁站),109.1444219,34.3455909,2020-12-28,2020-12,,
3008,xian,g00158x00302,xian_station_80e68da5f632,鹦鹉寺公园(地铁站),109.1615442,34.3560065,2020-12-28,2020-12,,
3009,xian,g00161x00304,xian_station_d00a640f08eb,芷阳广场(地铁站),109.1732024,34.3665799,2020-12-28,2020-12,,
3010,xian,g00161x00310,xian_station_beabc1df6da8,华清池(地铁站),109.2075,34.3678613,2020-12-28,2020-12,,
3011,xian,g00162x00306,xian_station_e87a2a4d5431,西工程大·西科大(临潼校区)(地铁站),109.1838778,34.3716007,2020-12-28,2020-12,,
3012,xian,g00162x00308,xian_station_d6918712d148,西花园(地铁站),109.1957345,34.3718624,2020-12-28,2020-12,,
3013,xian,g00163x00312,xian_station_451498ec23c4,东三岔(地铁站),109.2166171,34.3788628,2020-12-28,2020-12,,
3014,xian,g00165x00313,xian_station_efd6b9bf4625,银桥大道(地铁站),109.2230935,34.3882615,2020-12-28,2020-12,,
3015,xian,g00167x00315,xian_station_477b1821fba5,秦陵西(地铁站),109.2312092,34.3973717,2020-12-28,2020-12,,
3016,hangzhou,g00199x00335,hangzhou_station_97d54aa16cf2,桂花西路(地铁站),119.9297322,30.0500542,2020-12-30,2020-12,,
3017,hangzhou,g00203x00335,hangzhou_station_312bec698052,公望街(地铁站),119.9288534,30.0681223,2020-12-30,2020-12,,
3018,hangzhou,g00207x00335,hangzhou_station_c1648b7ef966,阳陂湖(地铁站),119.9276228,30.0847938,2020-12-30,2020-12,,
3019,hangzhou,g00210x00335,hangzhou_station_e9f24f879680,高桥(地铁站),119.9268813,30.0973807,2020-12-30,2020-12,,
3020,hangzhou,g00214x00336,hangzhou_station_168ed41f7993,富阳客运中心(地铁站),119.932091,30.11385,2020-12-30,2020-12,,
3021,hangzhou,g00214x00364,hangzhou_station_eedbbd541ecc,双浦站,120.078961,30.118632,2020-12-30,2020-12,,
3022,hangzhou,g00216x00341,hangzhou_station_d529b36b7f49,受降(地铁站),119.9561689,30.1249974,2020-12-30,2020-12,,
3023,hangzhou,g00217x00365,hangzhou_station_b5f2db4ec6e6,科海路(地铁站),120.0822148,30.1318245,2020-12-30,2020-12,,
3024,hangzhou,g00218x00343,hangzhou_station_58a45d07b34c,虎啸杏(地铁站),119.9666795,30.1335482,2020-12-30,2020-12,,
3025,hangzhou,g00220x00346,hangzhou_station_ea1bc2ebdf25,银湖(地铁站),119.9839643,30.1421284,2020-12-30,2020-12,,
3026,hangzhou,g00220x00362,hangzhou_station_84654bee9ed6,霞鸣街(地铁站),120.0683684,30.1455215,2020-12-30,2020-12,,
3027,hangzhou,g00221x00349,hangzhou_station_5101982590d9,野生动物园东(地铁站),119.9969641,30.1492739,2020-12-30,2020-12,,
3028,hangzhou,g00221x00356,hangzhou_station_64430d1525c8,中村(地铁站),120.0339677,30.1496281,2020-12-30,2020-12,,
3029,hangzhou,g00221x00359,hangzhou_station_88058c163a82,音乐学院(地铁站),120.0518525,30.1501137,2020-12-30,2020-12,,
3030,hangzhou,g00222x00367,hangzhou_station_2f13006eed8a,枫桦西路(地铁站),120.0941648,30.1575381,2020-12-30,2020-12,,
3031,hangzhou,g00225x00375,hangzhou_station_12e887132028,西浦路(地铁站),120.132896,30.1710161,2020-12-30,2020-12,,
3032,hangzhou,g00228x00379,hangzhou_station_cbffb48c06bf,伟业路(地铁站),120.1543807,30.1847061,2020-12-30,2020-12,,
3033,hangzhou,g00229x00381,hangzhou_station_f7335a6baeb7,诚业路(地铁站),120.165384,30.1890553,2020-12-30,2020-12,,
3034,hangzhou,g00230x00383,hangzhou_station_73a8a2a33ce2,建业路(地铁站),120.1741257,30.1928525,2020-12-30,2020-12,,
3035,hangzhou,g00231x00412,hangzhou_station_f103793972c5,新街(地铁站),120.3263885,30.2017267,2020-12-30,2020-12,,
3036,hangzhou,g00231x00415,hangzhou_station_11b881028bc5,合欢路(地铁站),120.3390994,30.2004389,2020-12-30,2020-12,,
3037,hangzhou,g00231x00419,hangzhou_station_345af60e726d,盈中(地铁站),120.3584566,30.2000168,2020-12-30,2020-12,,
3038,hangzhou,g00231x00425,hangzhou_station_dcaa450681d6,坎山(地铁站),120.3905115,30.2000573,2020-12-30,2020-12,,
3039,hangzhou,g00232x00408,hangzhou_station_2a84e5b1e4da,新汉路(地铁站),120.3020141,30.2053879,2020-12-30,2020-12,,
3040,hangzhou,g00233x00397,hangzhou_station_e687d2d4b989,明星路站,120.244367,30.207133,2020-12-30,2020-12,,
3041,hangzhou,g00233x00406,hangzhou_station_f9761abcca5e,新兴路(地铁站),120.2907064,30.2072292,2020-12-30,2020-12,,
3042,hangzhou,g00234x00395,hangzhou_station_68f3988dba43,兴议(地铁站),120.2341081,30.2145904,2020-12-30,2020-12,,
3043,hangzhou,g00235x00392,hangzhou_station_2629346beab5,星民(地铁站),120.2193551,30.2156633,2020-12-30,2020-12,,
3044,hangzhou,g00235x00427,hangzhou_station_34dbc0c8e48b,新港(地铁站),120.4038337,30.2215098,2020-12-30,2020-12,,
3045,hangzhou,g00237x00394,hangzhou_station_ef09e660465f,奥体中心(地铁站),120.2284835,30.2265228,2020-12-30,2020-12,,
3046,hangzhou,g00239x00432,hangzhou_station_b319255e3c65,萧山国际机场(地铁站),120.4285668,30.237858,2020-12-30,2020-12,,
3047,hangzhou,g00244x00434,hangzhou_station_605a06f852b9,向阳路(地铁站),120.4379683,30.2624458,2020-12-30,2020-12,,
3048,hangzhou,g00246x00433,hangzhou_station_c2245ce902d1,南阳(地铁站),120.4317438,30.2723987,2020-12-30,2020-12,,
3049,hangzhou,g00247x00428,hangzhou_station_f2887d4e7715,杭州大会展中心(地铁站),120.4073807,30.273454,2020-12-30,2020-12,,
3050,hangzhou,g00247x00431,hangzhou_station_4d6473f6be93,港城大道(地铁站),120.4215254,30.2729546,2020-12-30,2020-12,,
3051,hangzhou,g00247x00443,shaoxing_station_f33afcaf4b05,义蓬站,120.48268,30.27603,2020-12-30,2020-12,,
3052,hangzhou,g00252x00444,hangzhou_station_f9517f5182fc,青六中路(地铁站),120.4868417,30.3001546,2020-12-30,2020-12,,
3053,hangzhou,g00255x00445,hangzhou_station_2b2ac3514ddf,启成路(地铁站),120.4900399,30.3143964,2020-12-30,2020-12,,
3054,hangzhou,g00258x00445,hangzhou_station_144d47e77187,江东二路(地铁站),120.4903672,30.3260479,2020-12-30,2020-12,,
3055,beijing,g00077x00207,beijing_station_d72230602519,屈庄站,116.50123,39.71369,2020-12-31,2020-12,,
3056,beijing,g00079x00207,beijing_station_0b411d1d205d,融兴街站,116.49914,39.72209,2020-12-31,2020-12,,
3057,beijing,g00081x00207,beijing_station_8891a5e920e5,瑞合庄站,116.49736,39.7291,2020-12-31,2020-12,,
3058,beijing,g00083x00206,beijing_station_36add403ed77,太和桥北站,116.49589,39.7399,2020-12-31,2020-12,,
3059,beijing,g00084x00207,beijing_station_8f25e21b8ff6,四海庄站,116.49866,39.74547,2020-12-31,2020-12,,
3060,beijing,g00086x00207,beijing_station_5269e71b7643,九号村站,116.50282,39.7538,2020-12-31,2020-12,,
3061,beijing,g00087x00208,beijing_station_2c61562a88cb,泰河路站,116.50537,39.75888,2020-12-31,2020-12,,
3062,beijing,g00089x00208,beijing_station_76c1bc5368f9,鹿圈东站,116.50804,39.7652,2020-12-31,2020-12,,
3063,beijing,g00091x00209,beijing_station_c88dbff7c11b,亦庄同仁站,116.51237,39.77575,2020-12-31,2020-12,,
3064,beijing,g00093x00211,beijing_station_f98d8f35840b,亦创会展中心站,116.52152,39.78318,2020-12-31,2020-12,,
3065,beijing,g00094x00213,beijing_station_dfc871c7fcac,经海一路站,116.53499,39.78969,2020-12-31,2020-12,,
3066,beijing,g00095x00215,beijing_station_2618483c9c84,定海园西站,116.54595,39.795,2020-12-31,2020-12,,
3067,beijing,g00096x00217,beijing_station_95635cf332ea,定海园站,116.55645,39.80008,2020-12-31,2020-12,,
3068,beijing,g00101x00174,beijing_station_e96ce14b65f5,白盆窑(地铁站),116.307301,39.8183112,2020-12-31,2020-12,,
3069,beijing,g00103x00175,beijing_station_70f456a4ce7a,花乡东桥(地铁站),116.3139581,39.827919,2020-12-31,2020-12,,
3070,beijing,g00124x00178,beijing_station_5e596e088e4e,甘家口(地铁站),116.3283952,39.9218435,2020-12-31,2020-12,,
3071,beijing,g00129x00174,beijing_station_ed1db17ecbba,万寿寺(地铁站),116.3038054,39.946494,2020-12-31,2020-12,,
3072,beijing,g00138x00172,beijing_station_ee6b9d3f8ac0,万泉河桥(地铁站),116.2929462,39.983985,2020-12-31,2020-12,,
3073,chongqing,g00333x00270,chongqing_station_7cccdfd61051,朝天门站,106.5821593,29.5670341,2020-12-31,2020-12,,
3074,chongqing,g00373x00262,chongqing_station_bfe6c734acf1,王家庄(地铁站),106.5419195,29.746289,2020-12-31,2020-12,,
3075,chongqing,g00377x00262,chongqing_station_ee45ff110b46,清溪河(地铁站),106.5442118,29.7668161,2020-12-31,2020-12,,
3076,chongqing,g00381x00263,chongqing_station_61116cada795,刘家院子(地铁站),106.5507653,29.784679,2020-12-31,2020-12,,
3077,chongqing,g00387x00262,chongqing_station_d63656dcb4f2,思源(地铁站),106.5455217,29.8098271,2020-12-31,2020-12,,
3078,chongqing,g00390x00262,chongqing_station_53a187cc1224,复兴(地铁站),106.5462992,29.8249444,2020-12-31,2020-12,,
3079,chongqing,g00392x00262,chongqing_station_c952e4016154,红岩坪(地铁站),106.5456263,29.8358772,2020-12-31,2020-12,,
3080,chongqing,g00395x00264,chongqing_station_049512dd15bb,沙河坝(地铁站),106.5527458,29.8469891,2020-12-31,2020-12,,
3081,hangzhou,g00239x00394,hangzhou_station_a7985cc282c4,博览中心(地铁站),120.2320198,30.2349012,2020-12-31,2020-12,,
3082,wuhan,g00127x00143,wuhan_station_b4d01ae91396,马湖(地铁站),114.3195756,30.4741672,2021-01-02,2021-01,,
3083,wuhan,g00129x00143,wuhan_station_9ff5f182ea27,省农科院站,114.320471,30.484075,2021-01-02,2021-01,,
3084,wuhan,g00130x00208,wuhan_station_2759e783c341,葛店南站,114.65515,30.49221,2021-01-02,2021-01,,
3085,wuhan,g00132x00144,wuhan_station_5fa7153b4f7e,文昌路站,114.3237692,30.4945648,2021-01-02,2021-01,,
3086,wuhan,g00133x00147,wuhan_station_94acb2aaf605,文治街(地铁站),114.3388102,30.5026448,2021-01-02,2021-01,,
3087,wuhan,g00139x00149,wuhan_station_f73a92b01990,街道口(地铁站),114.3479894,30.5289417,2021-01-02,2021-01,,
3088,wuhan,g00141x00149,wuhan_station_4ee839a96d97,小洪山(地铁站),114.3468542,30.5379536,2021-01-02,2021-01,,
3089,wuhan,g00143x00147,wuhan_station_851e926652c0,洪山路(地铁站),114.338301,30.5478483,2021-01-02,2021-01,,
3090,wuhan,g00145x00148,wuhan_station_67cd9017b193,水果湖(地铁站),114.340585,30.5538052,2021-01-02,2021-01,,
3091,wuhan,g00146x00150,wuhan_station_217a3a98d626,中南医院(地铁站),114.351568,30.5591356,2021-01-02,2021-01,,
3092,wuhan,g00148x00151,wuhan_station_f5e1b3003c35,省博湖北日报(地铁站),114.3598175,30.5671675,2021-01-02,2021-01,,
3093,chongqing,g00298x00242,chongqing_station_180d5c7758df,跳磴(地铁站),106.4335688,29.4108726,2021-01-20,2021-01,,
3094,chongqing,g00303x00242,chongqing_station_f8eb8d81f5e5,华岩中心(地铁站),106.4364386,29.4317772,2021-01-20,2021-01,,
3095,chongqing,g00306x00243,chongqing_station_377fe14a2243,金建路(地铁站),106.4380974,29.4451512,2021-01-20,2021-01,,
3096,chongqing,g00309x00243,chongqing_station_847507f89393,中梁山站,106.44209,29.46198,2021-01-20,2021-01,,
3097,chongqing,g00312x00244,chongqing_station_6681bf325e2d,半山站,106.4466306,29.4759611,2021-01-20,2021-01,,
3098,chongqing,g00314x00245,chongqing_station_b9e46cc7950c,华成路(地铁站),106.4495621,29.4830735,2021-01-20,2021-01,,
3099,chongqing,g00317x00243,chongqing_station_352b0cd130df,华岩寺(地铁站),106.4416131,29.4965485,2021-01-20,2021-01,,
3100,chongqing,g00317x00245,chongqing_station_ad76a3090fb4,华龙(地铁站),106.4491884,29.498158,2021-01-20,2021-01,,
3101,chongqing,g00318x00242,chongqing_station_43930796340a,重庆西站,106.43542,29.50274,2021-01-20,2021-01,,
3102,chongqing,g00321x00245,chongqing_station_5d62ffd1a225,凤西路(地铁站),106.4503306,29.5163108,2021-01-20,2021-01,,
3103,chongqing,g00322x00242,chongqing_station_aa544a0b20b3,上桥站,106.4387,29.5207,2021-01-20,2021-01,,
3104,chongqing,g00323x00248,chongqing_station_339082c16d14,巴山(地铁站),106.465583,29.5232139,2021-01-20,2021-01,,
3105,chongqing,g00324x00244,chongqing_station_ebbbc2532b0b,凤鸣山(地铁站),106.4453851,29.5270481,2021-01-20,2021-01,,
3106,chongqing,g00324x00249,chongqing_station_26ed37e3cd89,石新路(地铁站),106.47356,29.5283675,2021-01-20,2021-01,,
3107,shanghai,g00096x00135,shanghai_station_94a9f70bdf06,紫竹高新区站,121.44632,31.02588,2021-01-23,2021-01,,
3108,shanghai,g00100x00134,shanghai_station_fbb235629e28,永德路(地铁站),121.4386127,31.0411208,2021-01-23,2021-01,,
3109,shanghai,g00105x00132,shanghai_station_a3fad4cff0c5,元江路(地铁站),121.4272877,31.0647576,2021-01-23,2021-01,,
3110,shanghai,g00109x00130,shanghai_station_e962dc9081c8,双柏路站,121.4171216,31.0851339,2021-01-23,2021-01,,
3111,shanghai,g00111x00129,shanghai_station_822cd5ec37b4,曙建路(地铁站),121.4132643,31.0925377,2021-01-23,2021-01,,
3112,shanghai,g00113x00129,shanghai_station_a117d0346bff,景西路(地铁站),121.4141273,31.1016352,2021-01-23,2021-01,,
3113,shanghai,g00114x00132,shanghai_station_408507261f09,虹梅南路(地铁站),121.428444,31.10576,2021-01-23,2021-01,,
3114,shanghai,g00116x00134,shanghai_station_45fc9ef64321,景洪路站,121.435782,31.114222,2021-01-23,2021-01,,
3115,shanghai,g00119x00133,shanghai_station_54f14b79a784,朱梅路(地铁站),121.4331955,31.1262807,2021-01-23,2021-01,,
3116,shanghai,g00120x00133,shanghai_station_4d004315dc55,罗秀路(地铁站),121.4311933,31.1334618,2021-01-23,2021-01,,
3117,shanghai,g00123x00131,shanghai_station_14324d3f30d3,华东理工大学(地铁站),121.4243653,31.1461509,2021-01-23,2021-01,,
3118,shanghai,g00125x00132,shanghai_station_978a2527f481,上海南站(地铁站),121.4254169,31.1564687,2021-01-23,2021-01,,
3119,shanghai,g00128x00130,shanghai_station_573f52ced4ba,桂林公园(地铁站),121.4150093,31.1688578,2021-01-23,2021-01,,
3120,shanghai,g00132x00129,shanghai_station_aab6ee68fd6d,吴中路站,121.4092613,31.1862053,2021-01-23,2021-01,,
3121,shanghai,g00133x00127,shanghai_station_ba2d6c5c39fc,姚虹路(地铁站),121.4017574,31.1934041,2021-01-23,2021-01,,
3122,shanghai,g00135x00126,shanghai_station_94df2b3292bd,红宝石路(地铁站),121.3937237,31.2007135,2021-01-23,2021-01,,
3123,shanghai,g00138x00127,shanghai_station_d5c73b3a0aa9,娄山关路(地铁站),121.3994083,31.2130023,2021-01-23,2021-01,,
3124,shanghai,g00141x00126,shanghai_station_6055d8439589,长风公园(地铁站),121.3916699,31.2270924,2021-01-23,2021-01,,
3125,shanghai,g00142x00125,shanghai_station_77191a412885,大渡河路(地铁站),121.3897809,31.2335879,2021-01-23,2021-01,,
3126,shanghai,g00145x00126,shanghai_station_5aed6c107db6,梅岭北路(地铁站),121.3923451,31.2451309,2021-01-23,2021-01,,
3127,shanghai,g00147x00126,shanghai_station_1db85ac38092,铜川路(地铁站),121.3923834,31.2525596,2021-01-23,2021-01,,
3128,shanghai,g00149x00126,shanghai_station_2c93b21b0ecc,上海西站站,121.396,31.2653,2021-01-23,2021-01,,
3129,shanghai,g00152x00125,shanghai_station_cef09acf143b,武威东路(地铁站),121.3874411,31.2774645,2021-01-23,2021-01,,
3130,shanghai,g00154x00125,shanghai_station_4a94b6490552,古浪路(地铁站),121.3875633,31.2863228,2021-01-23,2021-01,,
3131,shanghai,g00156x00124,shanghai_station_540efa8b9627,祁安路(地铁站),121.3801637,31.2933733,2021-01-23,2021-01,,
3132,shanghai,g00157x00123,shanghai_station_d740010aa909,南大路(地铁站),121.3757003,31.3010788,2021-01-23,2021-01,,
3133,shanghai,g00159x00123,shanghai_station_d92580f38c70,丰翔路(地铁站),121.3762249,31.3100299,2021-01-23,2021-01,,
3134,shanghai,g00162x00123,shanghai_station_e938acfd0fd4,锦秋路(地铁站),121.377116,31.3219906,2021-01-23,2021-01,,
3135,shanghai,g00167x00121,shanghai_station_ffcbc27901ea,顾村公园(地铁站),121.3683681,31.3464006,2021-01-23,2021-01,,
3136,chongqing,g00328x00245,chongqing_station_5bb39de449ab,天星桥站,106.45458,29.54471,2021-02-04,2021-02,,
3137,chongqing,g00333x00273,chongqing_station_5c95b4e4d280,仁济(地铁站),106.5959062,29.5678568,2021-02-04,2021-02,,
3138,jinan,g00168x00148,jinan_station_28bace1fa31c,二环西路(地铁站),116.9267378,36.6633027,2021-03-26,2021-03,,
3139,jinan,g00169x00153,jinan_station_a8734971b3da,八里桥(地铁站),116.9564549,36.6700944,2021-03-26,2021-03,,
3140,jinan,g00173x00166,jinan_station_a48e160f9881,北园(地铁站),117.0282695,36.6857132,2021-03-26,2021-03,,
3141,jinan,g00174x00172,jinan_station_7fe33fcffa71,七里堡(地铁站),117.0616993,36.6902439,2021-03-26,2021-03,,
3142,jinan,g00177x00182,jinan_station_ee5ad07073c2,姜家庄(地铁站),117.1214221,36.7059283,2021-03-26,2021-03,,
3143,jinan,g00178x00186,jinan_station_07d8edd333dd,凤凰北路(地铁站),117.1397899,36.7079955,2021-03-26,2021-03,,
3144,luoyang,g00264x00251,luoyang_station_3d1c63766803,牡丹广场(地铁站),112.3908559,34.6576699,2021-03-28,2021-03,,
3145,luoyang,g00265x00247,luoyang_station_40e78ee1f2a4,长安路(地铁站),112.3703082,34.6634409,2021-03-28,2021-03,,
3146,luoyang,g00265x00248,luoyang_station_dc4d5f6c5b08,上海市场(地铁站),112.3791087,34.6609015,2021-03-28,2021-03,,
3147,luoyang,g00265x00253,luoyang_station_133f3a6c4aad,七里河(地铁站),112.4048325,34.6606772,2021-03-28,2021-03,,
3148,luoyang,g00266x00256,luoyang_station_a4e592d859c0,王城公园(地铁站),112.420404,34.6672937,2021-03-28,2021-03,,
3149,luoyang,g00267x00245,luoyang_station_e18b9135594a,武汉路(地铁站),112.3611739,34.6703634,2021-03-28,2021-03,,
3150,luoyang,g00268x00243,luoyang_station_ced11e54668f,秦岭路(地铁站),112.3487694,34.6781517,2021-03-28,2021-03,,
3151,luoyang,g00268x00259,luoyang_station_e9ffa2410022,周王城广场(地铁站),112.4375886,34.6737817,2021-03-28,2021-03,,
3152,luoyang,g00269x00239,luoyang_station_f5a0f236cbea,谷水(地铁站),112.3285421,34.6825001,2021-03-28,2021-03,,
3153,luoyang,g00269x00262,luoyang_station_7758e4836b71,应天门(地铁站),112.4517943,34.679162,2021-03-28,2021-03,,
3154,luoyang,g00270x00264,luoyang_station_61459b1497eb,丽景门(地铁站),112.4622287,34.683033,2021-03-28,2021-03,,
3155,luoyang,g00270x00266,luoyang_station_8d4cde5f962e,洛邑古城(地铁站),112.4760789,34.6853328,2021-03-28,2021-03,,
3156,luoyang,g00270x00268,luoyang_station_b2f8dee68539,夹马营(地铁站),112.4866949,34.6866487,2021-03-28,2021-03,,
3157,luoyang,g00271x00270,luoyang_station_d7ee2b0bdf2e,启明南路站,112.4985441,34.6889833,2021-03-28,2021-03,,
3158,luoyang,g00272x00273,luoyang_station_a81766cf5654,塔湾(地铁站),112.511564,34.6911261,2021-03-28,2021-03,,
3159,luoyang,g00272x00275,luoyang_station_c571d18a6569,史家湾(地铁站),112.5264407,34.6935605,2021-03-28,2021-03,,
3160,luoyang,g00273x00279,luoyang_station_29f0757c2672,杨湾(地铁站),112.5469114,34.6970746,2021-03-28,2021-03,,
3161,luoyang,g00274x00237,luoyang_station_e627fc27b7cf,红山(地铁站),112.3178476,34.7029544,2021-03-28,2021-03,,
3162,shijiazhuang,g00138x00225,shijiazhuang_station_45401a934875,乐乡(地铁站),114.6534409,38.007964,2021-04-06,2021-04,,
3163,shijiazhuang,g00139x00197,shijiazhuang_station_93c1571d603e,汇通路(地铁站),114.4950123,38.0096811,2021-04-06,2021-04,,
3164,shijiazhuang,g00139x00199,shijiazhuang_station_9faaf8080e47,孙村(地铁站),114.5068107,38.009479,2021-04-06,2021-04,,
3165,shijiazhuang,g00139x00201,shijiazhuang_station_ed497cb6067b,塔冢(地铁站),114.5179826,38.0097128,2021-04-06,2021-04,,
3166,shijiazhuang,g00139x00203,shijiazhuang_station_e985e1757306,东王(地铁站),114.5281248,38.0099017,2021-04-06,2021-04,,
3167,shijiazhuang,g00139x00205,shijiazhuang_station_6a37378d6954,南王站,114.54084,38.01018,2021-04-06,2021-04,,
3168,shijiazhuang,g00139x00208,shijiazhuang_station_0fba1eb2a6df,位同(地铁站),114.5574734,38.010541,2021-04-06,2021-04,,
3169,shijiazhuang,g00139x00211,shijiazhuang_station_f66120637cb1,东二环南路(地铁站),114.5722004,38.0108626,2021-04-06,2021-04,,
3170,shijiazhuang,g00139x00213,shijiazhuang_station_351bbaf216ac,西仰陵(地铁站),114.5882779,38.0080342,2021-04-06,2021-04,,
3171,shijiazhuang,g00139x00216,shijiazhuang_station_b86820a9ef36,中仰陵(地铁站),114.6035996,38.0082585,2021-04-06,2021-04,,
3172,shijiazhuang,g00139x00218,shijiazhuang_station_f67bad3188a9,南豆站,114.6153,38.00841,2021-04-06,2021-04,,
3173,shijiazhuang,g00139x00221,shijiazhuang_station_b7c6945ee1fc,太行南大街(地铁站),114.6317871,38.0087819,2021-04-06,2021-04,,
3174,chongqing,g00318x00199,chongqing_station_cc524462b437,沙坡站,106.211754,29.504035,2021-04-16,2021-04,,
3175,chongqing,g00319x00200,chongqing_station_daf68a2f4bff,成渝高铁站,106.218382,29.506934,2021-04-16,2021-04,,
3176,chongqing,g00320x00197,chongqing_station_061680008adf,高观音站,106.204684,29.513523,2021-04-16,2021-04,,
3177,chongqing,g00321x00196,chongqing_station_6d6656420394,刘家嘴站,106.199083,29.519582,2021-04-16,2021-04,,
3178,chongqing,g00323x00195,chongqing_station_0fc3b70c2d84,莲花湖站,106.196423,29.525956,2021-04-16,2021-04,,
3179,chongqing,g00325x00195,chongqing_station_0140b6ac8ea2,双鱼站,106.1964601,29.5345525,2021-04-16,2021-04,,
3180,chongqing,g00327x00196,chongqing_station_2639b3ae3996,聚金大道站,106.1998008,29.543594,2021-04-16,2021-04,,
3181,chongqing,g00330x00197,chongqing_station_cd2cf3ffcab6,儿童公园站,106.2023342,29.5584863,2021-04-16,2021-04,,
3182,chongqing,g00333x00196,chongqing_station_e8d112431ee2,东岳公园,106.202012,29.570592,2021-04-16,2021-04,,
3183,chongqing,g00335x00197,chongqing_station_d21bde6e4c36,秀水湾,106.20603,29.578544,2021-04-16,2021-04,,
3184,chongqing,g00337x00198,chongqing_station_a0b9f91c98ff,秀湖公园,106.207519,29.590473,2021-04-16,2021-04,,
3185,chongqing,g00339x00198,chongqing_station_ee4c755d5f9e,千层岩站,106.211711,29.599691,2021-04-16,2021-04,,
3186,chongqing,g00341x00199,chongqing_station_4c048f008fad,景山路站,106.214865,29.608545,2021-04-16,2021-04,,
3187,xiamen,g00057x00034,xiamen_station_b975aede1732,东瑶(地铁站),117.9570552,24.5525764,2021-04-26,2021-04,,
3188,guiyang,g00095x00149,guiyang_station_f2f8f82d757e,中兴路(地铁站),106.773707,26.5224277,2021-04-28,2021-04,,
3189,guiyang,g00098x00150,guiyang_station_02d41d49ee16,云盘(地铁站),106.7766468,26.5337581,2021-04-28,2021-04,,
3190,guiyang,g00099x00152,guiyang_station_0051b763b297,小碧(地铁站),106.7853272,26.5384655,2021-04-28,2021-04,,
3191,guiyang,g00101x00148,guiyang_station_6e7151bba2e4,森林公园(地铁站),106.7668175,26.5497102,2021-04-28,2021-04,,
3192,guiyang,g00102x00142,guiyang_station_96b7d62199fa,富源北路(地铁站),106.7349426,26.5527495,2021-04-28,2021-04,,
3193,guiyang,g00105x00140,guiyang_station_f278bfe29fd9,油榨街(地铁站),106.7279469,26.5657976,2021-04-28,2021-04,,
3194,guiyang,g00107x00140,guiyang_station_8f1533cf9161,宝山南路(地铁站),106.7253542,26.5738508,2021-04-28,2021-04,,
3195,guiyang,g00108x00139,guiyang_station_d329b09a73cc,省人民医院(地铁站),106.7212105,26.5802272,2021-04-28,2021-04,,
3196,guiyang,g00109x00133,guiyang_station_6121af43ac64,延安西路(地铁站),106.6940136,26.585475,2021-04-28,2021-04,,
3197,guiyang,g00109x00135,guiyang_station_6fde6bab9757,紫林庵(地铁站),106.7014268,26.5858473,2021-04-28,2021-04,,
3198,guiyang,g00110x00127,guiyang_station_1613d429a993,改茶路(地铁站),106.6638508,26.5873988,2021-04-28,2021-04,,
3199,guiyang,g00111x00121,guiyang_station_668db8523c52,百花大道(地铁站),106.6330031,26.59311,2021-04-28,2021-04,,
3200,guiyang,g00111x00126,guiyang_station_0f81fc695da9,北京西路(地铁站),106.6558898,26.5961329,2021-04-28,2021-04,,
3201,guiyang,g00118x00117,guiyang_station_f852c9c52bc2,兴筑路(地铁站),106.6130796,26.6268437,2021-04-28,2021-04,,
3202,guiyang,g00127x00117,guiyang_station_cfcb8fd67814,枫林路(地铁站),106.6140222,26.665091,2021-04-28,2021-04,,
3203,guiyang,g00128x00118,guiyang_station_9e39e85567d6,泉湖公园(地铁站),106.6185507,26.673008,2021-04-28,2021-04,,
3204,guiyang,g00130x00119,guiyang_station_d83f11b8b247,云峰大道(地铁站),106.6225683,26.6810329,2021-04-28,2021-04,,
3205,guiyang,g00132x00120,guiyang_station_ef2ee3b56a20,白云中路(地铁站),106.62781,26.6871366,2021-04-28,2021-04,,
3206,guiyang,g00134x00119,guiyang_station_975df467c973,白云北路(地铁站),106.6216931,26.6961148,2021-04-28,2021-04,,
3207,hangzhou,g00223x00369,hangzhou_station_ecd63eb06dac,之江文化中心(地铁站),120.1029174,30.1602449,2021-04-29,2021-04,,
3208,zhengzhou,g00127x00211,zhengzhou_station_5b55cca41dea,经北二路(地铁站),113.7677678,34.7279334,2021-05-15,2021-05,,
3209,xiamen,g00040x00065,xiamen_station_b99f6fe1f2a5,厦门火车站,118.10971,24.47187,2021-06-25,2021-06,,
3210,xiamen,g00041x00065,xiamen_station_4fcdbff73f2d,湖滨东路(地铁站),118.1056912,24.4766745,2021-06-25,2021-06,,
3211,xiamen,g00043x00064,xiamen_station_f469a32a55ad,体育中心(地铁站),118.1006327,24.487198,2021-06-25,2021-06,,
3212,xiamen,g00044x00063,xiamen_station_96a18b7e023b,人才中心(地铁站),118.0983046,24.4918431,2021-06-25,2021-06,,
3213,xiamen,g00048x00064,xiamen_station_4773b1de3454,湖里公园(地铁站),118.100546,24.5093822,2021-06-25,2021-06,,
3214,xiamen,g00049x00064,xiamen_station_6a0fdf5b82f6,华荣路(地铁站),118.1043201,24.5141673,2021-06-25,2021-06,,
3215,xiamen,g00049x00066,xiamen_station_4a114cd18af4,火炬园(地铁站),118.1138193,24.5145376,2021-06-25,2021-06,,
3216,xiamen,g00050x00068,xiamen_station_d12aa75f2daa,小东山(地铁站),118.1210192,24.5167819,2021-06-25,2021-06,,
3217,xiamen,g00051x00070,xiamen_station_ab4a8ceb0269,安兜(地铁站),118.1334591,24.5204823,2021-06-25,2021-06,,
3218,xiamen,g00051x00072,xiamen_station_6200a4a06538,坂尚(地铁站),118.1418361,24.5219014,2021-06-25,2021-06,,
3219,xiamen,g00052x00074,xiamen_station_252bf1f48c49,湖里创新园(地铁站),118.1512649,24.5256511,2021-06-25,2021-06,,
3220,xiamen,g00054x00076,xiamen_station_5e435ea8f940,五缘湾(地铁站),118.1622092,24.5352104,2021-06-25,2021-06,,
3221,xiamen,g00063x00099,xiamen_station_b3e78b844ac7,蔡厝站,118.27449,24.57553,2021-06-25,2021-06,,
3222,xiamen,g00064x00089,xiamen_station_9ab184c594e8,林前(地铁站),118.2272425,24.578882,2021-06-25,2021-06,,
3223,xiamen,g00064x00092,xiamen_station_f0714681db18,鼓锣(地铁站),118.2394543,24.5813135,2021-06-25,2021-06,,
3224,xiamen,g00065x00097,xiamen_station_18735a19b163,后村(地铁站),118.2668343,24.5829893,2021-06-25,2021-06,,
3225,zhengzhou,g00126x00216,zhengzhou_station_b8f75126dfb0,营岗(地铁站),113.7961851,34.7220863,2021-06-26,2021-06,,
3226,zhengzhou,g00131x00214,zhengzhou_station_dae468ef0eb7,圃田西(地铁站),113.7870856,34.7429659,2021-06-26,2021-06,,
3227,chengdu,g00066x00300,chengdu_station_70166b9cf886,天府机场1号2号航站楼(地铁站),104.4424573,30.3153656,2021-06-27,2021-06,,
3228,shanghai,g00130x00130,shanghai_station_5977e4b5a9b3,桂林路(地铁站),121.4134242,31.1766587,2021-06-27,2021-06,,
3229,changzhou,g00157x00185,changzhou_station_6c14024d6a9c,丁堰(地铁站),120.0233601,31.7551631,2021-06-28,2021-06,,
3230,changzhou,g00158x00189,changzhou_station_b40ade491c52,潞城(地铁站),120.045197,31.7573646,2021-06-28,2021-06,,
3231,changzhou,g00159x00183,changzhou_station_80849c1e1a03,青洋路(地铁站),120.0121474,31.7619377,2021-06-28,2021-06,,
3232,changzhou,g00159x00192,changzhou_station_e346f1981054,五一路(地铁站),120.0593288,31.7598516,2021-06-28,2021-06,,
3233,changzhou,g00161x00175,changzhou_station_4961f51b347e,红梅公园(地铁站),119.9681711,31.7724156,2021-06-28,2021-06,,
3234,changzhou,g00161x00177,changzhou_station_2d32195a9912,五角场(地铁站),119.9807435,31.7714965,2021-06-28,2021-06,,
3235,changzhou,g00163x00169,changzhou_station_a6640e6fd7ae,怀德站,119.93707,31.78217,2021-06-28,2021-06,,
3236,changzhou,g00163x00171,changzhou_station_59e4f94da77b,南大街(地铁站),119.9484725,31.7819509,2021-06-28,2021-06,,
3237,changzhou,g00163x00178,changzhou_station_9c3783a9bd8f,三角场(地铁站),119.9878614,31.7794383,2021-06-28,2021-06,,
3238,changzhou,g00164x00166,changzhou_station_edcaaea0c40e,勤业(地铁站),119.9239239,31.7884599,2021-06-28,2021-06,,
3239,changzhou,g00166x00164,changzhou_station_6db9f8cfd560,五星(地铁站),119.9133948,31.7947571,2021-06-28,2021-06,,
3240,changzhou,g00167x00162,changzhou_station_d7aa88314d97,海棠路(地铁站),119.9038696,31.8003539,2021-06-28,2021-06,,
3241,changzhou,g00168x00160,changzhou_station_004c45adcc0a,青枫公园(地铁站),119.8949143,31.8044475,2021-06-28,2021-06,,
3242,hangzhou,g00223x00418,hangzhou_station_6a9fc6103a77,衙前(地铁站),120.3554128,30.1654938,2021-06-28,2021-06,,
3243,hangzhou,g00251x00447,shaoxing_station_530dd5df5c1a,仓北村站,120.50357,30.29634,2021-06-28,2021-06,,
3244,hangzhou,g00251x00450,shaoxing_station_61859d9b181e,冯娄村站,120.5173,30.2967,2021-06-28,2021-06,,
3245,hangzhou,g00252x00441,hangzhou_station_5c67e4223a3b,青西三路(地铁站),120.4733088,30.3006384,2021-06-28,2021-06,,
3246,hangzhou,g00253x00437,hangzhou_station_d8650a8d7a6d,河庄路(地铁站),120.4534589,30.3010614,2021-06-28,2021-06,,
3247,hangzhou,g00254x00433,hangzhou_station_dc42ae12d0e4,桥头堡(地铁站),120.4278908,30.3054088,2021-06-28,2021-06,,
3248,hangzhou,g00256x00425,hangzhou_station_22d9d67c5931,工商大学云滨(地铁站),120.3884097,30.3132425,2021-06-28,2021-06,,
3249,shaoxing,g00206x00141,shaoxing_station_11fd0cfdc702,中国轻纺城(地铁站),120.4835234,30.0849698,2021-06-28,2021-06,,
3250,shaoxing,g00208x00140,shaoxing_station_4f380d6d954a,越州大道(地铁站),120.4759135,30.0894668,2021-06-28,2021-06,,
3251,shaoxing,g00210x00135,shaoxing_station_4a9b75c83475,鉴水路(地铁站),120.4525936,30.1009773,2021-06-28,2021-06,,
3252,shaoxing,g00213x00132,shaoxing_station_f66792b2854a,临杭大道(地铁站),120.4362995,30.1126198,2021-06-28,2021-06,,
3253,shaoxing,g00214x00129,shaoxing_station_c8ca21840b25,西沙路(地铁站),120.4218006,30.1197696,2021-06-28,2021-06,,
3254,shaoxing,g00216x00123,shaoxing_station_ec97e3bfde8d,前梅(地铁站),120.3895324,30.1262511,2021-06-28,2021-06,,
3255,shaoxing,g00216x00126,shaoxing_station_c8dfead44a54,钱清(地铁站),120.4067374,30.1243644,2021-06-28,2021-06,,
3256,xuzhou,g00116x00168,xuzhou_station_d19315deb0a8,高新区南(地铁站),117.1546905,34.1505311,2021-06-28,2021-06,,
3257,xuzhou,g00118x00168,xuzhou_station_599f6e1acc50,钱江路(地铁站),117.1562133,34.1588494,2021-06-28,2021-06,,
3258,xuzhou,g00120x00168,xuzhou_station_3a14ddf9030d,焦山(地铁站),117.1573595,34.1659762,2021-06-28,2021-06,,
3259,xuzhou,g00121x00170,xuzhou_station_cece452e9793,浦江路(地铁站),117.1659459,34.1729581,2021-06-28,2021-06,,
3260,xuzhou,g00123x00170,xuzhou_station_3f407014533c,无名山公园(地铁站),117.1689665,34.1802144,2021-06-28,2021-06,,
3261,xuzhou,g00124x00173,xuzhou_station_7a5a7fb528b2,玉泉河(地铁站),117.1818832,34.1871769,2021-06-28,2021-06,,
3262,xuzhou,g00126x00173,xuzhou_station_138d47559a6a,师范大学(地铁站),117.1841091,34.195393,2021-06-28,2021-06,,
3263,xuzhou,g00128x00174,xuzhou_station_308a223aafd6,翟山(地铁站),117.1884192,34.2033227,2021-06-28,2021-06,,
3264,xuzhou,g00133x00174,xuzhou_station_1f887c6f0d96,矿大文昌校区(地铁站),117.1902377,34.2253719,2021-06-28,2021-06,,
3265,xuzhou,g00140x00176,xuzhou_station_924a752f5eb8,天桥(地铁站),117.1993061,34.2597099,2021-06-28,2021-06,,
3266,xuzhou,g00145x00177,xuzhou_station_58d3a1b25456,白云山(地铁站),117.2060624,34.2785324,2021-06-28,2021-06,,
3267,xuzhou,g00146x00178,xuzhou_station_e1b9963fd8d3,下淀(地铁站),117.2102472,34.2843032,2021-06-28,2021-06,,
3268,suzhou,g00120x00125,suzhou_station_ebee23483f4d,太湖香山(地铁站),120.4483027,31.2275203,2021-06-29,2021-06,,
3269,suzhou,g00120x00127,suzhou_station_dfbf7596c9e7,花墩(地铁站),120.4610445,31.2257458,2021-06-29,2021-06,,
3270,suzhou,g00121x00128,suzhou_station_76d807f7eeda,津桥(地铁站),120.4682151,31.231245,2021-06-29,2021-06,,
3271,suzhou,g00122x00130,suzhou_station_04c8cff03cc0,胥口(地铁站),120.4773512,31.2381902,2021-06-29,2021-06,,
3272,suzhou,g00124x00132,suzhou_station_0f801ab361c2,茅蓬路东(地铁站),120.4880023,31.245804,2021-06-29,2021-06,,
3273,suzhou,g00125x00133,suzhou_station_d9d6581c7ae5,许家桥(地铁站),120.4937271,31.2518204,2021-06-29,2021-06,,
3274,suzhou,g00126x00134,suzhou_station_02bdb90fbab0,灵岩山(地铁站),120.4990335,31.2553857,2021-06-29,2021-06,,
3275,suzhou,g00128x00137,suzhou_station_8c481c6f9672,渎川桥(地铁站),120.5146192,31.2635409,2021-06-29,2021-06,,
3276,suzhou,g00128x00141,suzhou_station_398c4a4f49de,大治桥(地铁站),120.5311609,31.264491,2021-06-29,2021-06,,
3277,suzhou,g00128x00143,suzhou_station_569aa7dcf90b,西跨塘(地铁站),120.5425687,31.2652382,2021-06-29,2021-06,,
3278,suzhou,g00130x00144,suzhou_station_03933ea361dd,石城(地铁站),120.5489019,31.2752928,2021-06-29,2021-06,,
3279,suzhou,g00132x00145,suzhou_station_a9bad8e5abd9,落星桥(地铁站),120.5557176,31.2832706,2021-06-29,2021-06,,
3280,suzhou,g00132x00148,suzhou_station_26194813de4c,索山桥西(地铁站),120.5683498,31.2853103,2021-06-29,2021-06,,
3281,suzhou,g00133x00151,suzhou_station_a350f71d3142,双桥(地铁站),120.5851689,31.2882967,2021-06-29,2021-06,,
3282,suzhou,g00134x00153,suzhou_station_a4a50650c9fd,劳动路站,120.5932773,31.2925749,2021-06-29,2021-06,,
3283,suzhou,g00134x00155,suzhou_station_44de0d5906ac,新市桥(地铁站),120.6072372,31.2923145,2021-06-29,2021-06,,
3284,suzhou,g00134x00158,suzhou_station_603a3e32ea26,南门(地铁站),120.6202604,31.2942289,2021-06-29,2021-06,,
3285,suzhou,g00134x00160,suzhou_station_5d8438542e08,南园北路(地铁站),120.63106,31.295507,2021-06-29,2021-06,,
3286,suzhou,g00134x00162,suzhou_station_a5568e9aefd6,竹辉桥(地铁站),120.6429199,31.2964423,2021-06-29,2021-06,,
3287,suzhou,g00135x00164,suzhou_station_4137f6f25c9d,荷花荡(地铁站),120.6527962,31.298696,2021-06-29,2021-06,,
3288,suzhou,g00135x00169,suzhou_station_266366f2b3be,星波街站,120.6822551,31.2987206,2021-06-29,2021-06,,
3289,suzhou,g00135x00171,suzhou_station_938172f3edf6,李公堤南站,120.6906524,31.2984001,2021-06-29,2021-06,,
3290,suzhou,g00135x00174,suzhou_station_de7bbe798d6f,金湖(地铁站),120.7043346,31.3000153,2021-06-29,2021-06,,
3291,suzhou,g00135x00177,suzhou_station_b84a9767788e,华莲(地铁站),120.7192279,31.3011179,2021-06-29,2021-06,,
3292,suzhou,g00139x00181,suzhou_station_f10fa6431f8d,方洲公园(地铁站),120.73974,31.3193773,2021-06-29,2021-06,,
3293,suzhou,g00141x00181,suzhou_station_cd17bf6e2ade,星塘街(地铁站),120.7396444,31.3276133,2021-06-29,2021-06,,
3294,suzhou,g00143x00181,suzhou_station_4890a75d8678,龙墩(地铁站),120.7436509,31.3375201,2021-06-29,2021-06,,
3295,suzhou,g00144x00184,suzhou_station_93e375853f17,东沙湖(地铁站),120.7590539,31.3398134,2021-06-29,2021-06,,
3296,suzhou,g00149x00185,suzhou_station_9a3904803769,葑亭大道(地铁站),120.7623301,31.3636681,2021-06-29,2021-06,,
3297,suzhou,g00151x00188,suzhou_station_fd82cf8ce479,阳澄湖南(地铁站),120.778319,31.3722405,2021-06-29,2021-06,,
3298,xian,g00161x00283,xian_station_8b618077936b,港务大道(地铁站),109.0617599,34.3690371,2021-06-29,2021-06,,
3299,xian,g00161x00285,xian_station_22c38797258d,贺韶(地铁站),109.0726915,34.367806,2021-06-29,2021-06,,
3300,xian,g00162x00281,xian_station_1891ebd45c67,新寺(地铁站),109.0486997,34.370898,2021-06-29,2021-06,,
3301,xian,g00163x00270,xian_station_0b9b82dfb512,北辰(地铁站),108.9908983,34.3730496,2021-06-29,2021-06,,
3302,xian,g00163x00275,xian_station_88741c7032a8,奥体中心(地铁站),109.0155995,34.3748635,2021-06-29,2021-06,,
3303,xian,g00165x00262,xian_station_41834c0a6a1b,文景山公园(地铁站),108.9458987,34.3828306,2021-06-29,2021-06,,
3304,qingdao,g00217x00132,qingdao_station_6b0c9f1de678,胶东机场(地铁站),120.0895416,36.3596148,2021-07-20,2021-07,,
3305,foshan,g00105x00185,foshan_station_3dda2dae48f8,平南(地铁站),113.1964122,23.0232398,2021-08-18,2021-08,,
3306,foshan,g00106x00192,foshan_station_cf35c83ffb44,三山新城北(地铁站),113.229421,23.025757,2021-08-18,2021-08,,
3307,foshan,g00107x00184,foshan_station_9e19f974b8cf,平西(地铁站),113.1904552,23.0307069,2021-08-18,2021-08,,
3308,foshan,g00107x00190,foshan_station_a463e4360ee8,中区(地铁站),113.220606,23.0282946,2021-08-18,2021-08,,
3309,foshan,g00108x00181,foshan_station_3d244565e45a,夏东(地铁站),113.1761296,23.0373106,2021-08-18,2021-08,,
3310,foshan,g00108x00182,foshan_station_d4bd56da5e69,康怡公园(地铁站),113.1845939,23.0358197,2021-08-18,2021-08,,
3311,foshan,g00109x00177,foshan_station_f4552759d8c3,华翠路(地铁站),113.1587742,23.039571,2021-08-18,2021-08,,
3312,foshan,g00109x00179,foshan_station_3c2f16b77a72,夏西(地铁站),113.1666429,23.0384583,2021-08-18,2021-08,,
3313,guangzhou,g00124x00075,guangzhou_station_9c03db323521,三山新城北站,113.22941,23.02579,2021-08-18,2021-08,,
3314,beijing,g00107x00237,beijing_station_f2006e827505,环球度假区(地铁站),116.6731582,39.84801,2021-08-26,2021-08,,
3315,hangzhou,g00280x00407,hangzhou_station_a65ff43d5241,邱山大街(地铁站),120.2906916,30.4231611,2021-09-17,2021-09,,
3316,hangzhou,g00283x00405,hangzhou_station_74e2240efc56,荷禹路(地铁站),120.2800798,30.4364676,2021-09-17,2021-09,,
3317,hangzhou,g00286x00404,hangzhou_station_ae31570a8880,五洲路(地铁站),120.2744293,30.4471535,2021-09-17,2021-09,,
3318,harbin,g00383x00198,harbin_station_0abbe505a305,东北农业大学(地铁站),126.7178662,45.7276184,2021-09-19,2021-09,,
3319,harbin,g00383x00201,harbin_station_832171678d5e,气象台(地铁站),126.7363879,45.7249858,2021-09-19,2021-09,,
3320,harbin,g00385x00191,harbin_station_a0fc0a80820e,省医院(地铁站),126.671193,45.7347049,2021-09-19,2021-09,,
3321,harbin,g00385x00193,harbin_station_2d2b1aec93f0,珠江路(地铁站),126.6866106,45.7345733,2021-09-19,2021-09,,
3322,harbin,g00385x00195,harbin_station_60cb834909dc,南直路(地铁站),126.6998164,45.7328593,2021-09-19,2021-09,,
3323,harbin,g00387x00189,harbin_station_df06af5e1c11,省政府(地铁站),126.657386,45.7404589,2021-09-19,2021-09,,
3324,harbin,g00388x00187,harbin_station_5df70c6121dc,工人文化宫(地铁站),126.6479001,45.7480376,2021-09-19,2021-09,,
3325,harbin,g00390x00186,harbin_station_4c9b95de8dc7,博物馆(地铁站),126.6378196,45.7564521,2021-09-19,2021-09,,
3326,harbin,g00391x00184,harbin_station_36ac7f141c42,哈尔滨站(地铁站),126.6289619,45.7604716,2021-09-19,2021-09,,
3327,harbin,g00392x00183,harbin_station_890f678927a8,尚志大街(地铁站),126.6200612,45.7636598,2021-09-19,2021-09,,
3328,harbin,g00393x00181,harbin_station_de2fd9e9fa69,中央大街(地铁站),126.6103316,45.7670111,2021-09-19,2021-09,,
3329,harbin,g00394x00179,harbin_station_876406670355,人民广场(地铁站),126.5980958,45.7714399,2021-09-19,2021-09,,
3330,harbin,g00395x00174,harbin_station_462e05a6a726,冰雪大世界(地铁站),126.5617511,45.7766438,2021-09-19,2021-09,,
3331,harbin,g00396x00177,harbin_station_6f07880bcf95,太阳岛(地铁站),126.5819437,45.7826181,2021-09-19,2021-09,,
3332,harbin,g00401x00172,harbin_station_1cc791200a72,世茂大道(地铁站),126.5464091,45.8047341,2021-09-19,2021-09,,
3333,harbin,g00405x00171,harbin_station_1494bbd7afa0,龙川路(地铁站),126.5435481,45.8214305,2021-09-19,2021-09,,
3334,harbin,g00408x00170,harbin_station_ae7af3e7ec24,大耿家(地铁站),126.5348946,45.8330642,2021-09-19,2021-09,,
3335,harbin,g00412x00170,harbin_station_50f34bc98283,哈尔滨北站(地铁站),126.5315873,45.8503569,2021-09-19,2021-09,,
3336,harbin,g00416x00171,harbin_station_a2ad398a7898,江北大学城(地铁站),126.5375493,45.8711184,2021-09-19,2021-09,,
3337,guangzhou,g00065x00133,guangzhou_station_b457f06a0258,横沥(地铁站),113.5064797,22.7563177,2021-09-28,2021-09,,
3338,guangzhou,g00120x00098,guangzhou_station_2cfe65f037ee,南村万博(地铁站),113.3420946,23.0073911,2021-09-28,2021-09,,
3339,guangzhou,g00127x00096,guangzhou_station_360af13e4737,沙溪(地铁站),113.3329123,23.0388023,2021-09-28,2021-09,,
3340,guangzhou,g00136x00096,guangzhou_station_2062713a77ab,龙潭(地铁站),113.3354493,23.0818192,2021-09-28,2021-09,,
3341,guangzhou,g00141x00096,guangzhou_station_c4ab5065f3f5,磨碟沙(地铁站),113.3358162,23.1012294,2021-09-28,2021-09,,
3342,guangzhou,g00147x00094,guangzhou_station_1fe2f2791fa8,冼村站,113.3227917,23.1283083,2021-09-28,2021-09,,
3343,changchun,g00175x00203,changchun_station_c79ca7c7edb9,捷达大路(地铁站),125.1611969,43.8447364,2021-10-08,2021-10,,
3344,hangzhou,g00247x00393,hangzhou_station_fc7f5832a03d,三堡站,120.223444,30.269233,2021-11-06,2021-11,,
3345,hangzhou,g00249x00392,hangzhou_station_194f42e9cd86,昙花庵路(地铁站),120.218333,30.2788365,2021-11-06,2021-11,,
3346,hangzhou,g00250x00392,hangzhou_station_2510977adf76,元宝塘(地铁站),120.216055,30.2864434,2021-11-06,2021-11,,
3347,hangzhou,g00253x00391,hangzhou_station_41cf61c9e4e7,火车东站(东广场)(地铁站),120.2111841,30.2967199,2021-11-06,2021-11,,
3348,harbin,g00377x00184,harbin_station_fef03613ee77,征仪路(地铁站),126.6284929,45.6975893,2021-11-26,2021-11,,
3349,harbin,g00377x00185,harbin_station_fb61c9dd12f2,肿瘤医院(地铁站),126.6371894,45.6984884,2021-11-26,2021-11,,
3350,harbin,g00377x00190,harbin_station_741303229105,劳动公园(地铁站),126.6691218,45.6989431,2021-11-26,2021-11,,
3351,harbin,g00378x00188,harbin_station_72e5e91770d3,旭升街(地铁站),126.6580755,45.7003926,2021-11-26,2021-11,,
3352,harbin,g00378x00192,harbin_station_d881fafcc82c,进乡街(地铁站),126.6802044,45.70268,2021-11-26,2021-11,,
3353,harbin,g00380x00173,harbin_station_b42f2bd9f867,城乡路(地铁站),126.5616144,45.710086,2021-11-26,2021-11,,
3354,harbin,g00380x00192,harbin_station_bfbfaba195e3,汽轮机厂(地铁站),126.6834827,45.7124673,2021-11-26,2021-11,,
3355,harbin,g00382x00172,harbin_station_401ce85f4456,工农大街(地铁站),126.5526887,45.7168432,2021-11-26,2021-11,,
3356,harbin,g00382x00193,harbin_station_74f6721f1731,油坊街(地铁站),126.6844217,45.7212338,2021-11-26,2021-11,,
3357,harbin,g00383x00171,harbin_station_dbe85b226253,医大一院群力院区(地铁站),126.5456691,45.7226029,2021-11-26,2021-11,,
3358,harbin,g00384x00193,harbin_station_216e8c96e75b,公滨路(地铁站),126.6850428,45.7287526,2021-11-26,2021-11,,
3359,harbin,g00385x00170,harbin_station_5306e7c4974e,群力第五大道(地铁站),126.5394313,45.7288066,2021-11-26,2021-11,,
3360,harbin,g00386x00171,harbin_station_c07b287b85d6,体育公园(地铁站),126.5442879,45.7366668,2021-11-26,2021-11,,
3361,harbin,g00386x00193,harbin_station_90a1484c56c7,湘江路(地铁站),126.6883889,45.7403487,2021-11-26,2021-11,,
3362,harbin,g00388x00194,harbin_station_68b5675e36f2,会展中心(地铁站),126.6905529,45.7484242,2021-11-26,2021-11,,
3363,harbin,g00390x00193,harbin_station_9efee7bb4bb6,海河东路(地铁站),126.6885366,45.7578462,2021-11-26,2021-11,,
3364,harbin,g00392x00193,harbin_station_0495a06b0178,市第二医院(地铁站),126.6866305,45.7652345,2021-11-26,2021-11,,
3365,harbin,g00394x00193,harbin_station_c0244637001f,大有坊街(地铁站),126.6846766,45.7731282,2021-11-26,2021-11,,
3366,harbin,g00396x00191,harbin_station_9ad451dd8d59,太平桥(地铁站),126.6711156,45.7815619,2021-11-26,2021-11,,
3367,tianjin,g00126x00100,tianjin_station_4752ad5e0510,李七庄南(地铁站),117.1643157,39.0354039,2021-12-07,2021-12,,
3368,nanning,g00137x00217,nanning_station_7033893079c3,国凯大道(地铁站),108.267704,22.7569172,2021-12-16,2021-12,,
3369,nanning,g00138x00217,nanning_station_401957c59200,那洪立交(地铁站),108.2661167,22.7636094,2021-12-16,2021-12,,
3370,nanning,g00140x00217,nanning_station_519647a38005,金凯路(地铁站),108.2674724,22.7715698,2021-12-16,2021-12,,
3371,nanning,g00143x00217,nanning_station_24ee7007ea2d,江南公园(地铁站),108.2677286,22.7835747,2021-12-16,2021-12,,
3372,nanning,g00145x00217,nanning_station_e4ad7a843d5d,周家坡(地铁站),108.2681299,22.7922395,2021-12-16,2021-12,,
3373,nanning,g00147x00218,nanning_station_c160e76e0255,五一立交站,108.2714905,22.8031621,2021-12-16,2021-12,,
3374,nanning,g00151x00220,nanning_station_dc07fb42a18c,新秀公园(地铁站),108.2824635,22.8213712,2021-12-16,2021-12,,
3375,nanning,g00154x00221,nanning_station_86a51bad582d,广西大学(地铁站),108.2871707,22.8344181,2021-12-16,2021-12,,
3376,nanning,g00155x00224,nanning_station_431b1f5cc98a,秀灵路(地铁站),108.3018107,22.840046,2021-12-16,2021-12,,
3377,nanning,g00156x00226,nanning_station_6d9a43f81b66,明秀路(地铁站),108.3087702,22.8420079,2021-12-16,2021-12,,
3378,nanning,g00157x00228,nanning_station_9c40777c97b8,北湖南路(地铁站),108.3179547,22.8469819,2021-12-16,2021-12,,
3379,nanning,g00157x00230,nanning_station_3544a55d2ce7,虎邱(地铁站),108.3270797,22.850807,2021-12-16,2021-12,,
3380,nanning,g00159x00232,nanning_station_7bd6dcd24d86,狮山公园(地铁站),108.3368656,22.8560096,2021-12-16,2021-12,,
3381,nanning,g00159x00235,nanning_station_ac266a36ec7d,小鸡村(地铁站),108.3520812,22.858927,2021-12-16,2021-12,,
3382,nanning,g00159x00236,nanning_station_93a2d13f7111,邕宾立交(地铁站),108.359897,22.859418,2021-12-16,2021-12,,
3383,nanning,g00160x00239,nanning_station_ee66aa0c8aad,降桥(地铁站),108.3698996,22.865378,2021-12-16,2021-12,,
3384,nanning,g00161x00241,nanning_station_69d1dad3ee0b,金桥客运站(地铁站),108.3810011,22.867273,2021-12-16,2021-12,,
3385,wuxi,g00097x00174,wuxi_station_3265f9d8cedb,丰润道(地铁站),120.3107438,31.4760648,2021-12-17,2021-12,,
3386,wuxi,g00098x00176,wuxi_station_7adf270517fc,博览中心站,120.321,31.4788,2021-12-17,2021-12,,
3387,wuxi,g00099x00173,wuxi_station_289eb1e750d7,吴都路(地铁站),120.3042155,31.4834573,2021-12-17,2021-12,,
3388,wuxi,g00104x00169,wuxi_station_85e7ad8093e9,五湖大道站,120.28259,31.50772,2021-12-17,2021-12,,
3389,wuxi,g00104x00172,wuxi_station_e29a631d3124,周新苑(地铁站),120.2967293,31.5062025,2021-12-17,2021-12,,
3390,wuxi,g00106x00168,wuxi_station_1a30fe36276b,大剧院(地铁站),120.2767782,31.5136865,2021-12-17,2021-12,,
3391,wuxi,g00108x00165,wuxi_station_b3943fc4ac40,蠡湖大桥(地铁站),120.2616777,31.5240274,2021-12-17,2021-12,,
3392,wuxi,g00110x00165,wuxi_station_69028ba4697b,夏家边(地铁站),120.2588216,31.5344468,2021-12-17,2021-12,,
3393,wuxi,g00112x00165,wuxi_station_c8d5448acd08,体育中心站,120.25832,31.54283,2021-12-17,2021-12,,
3394,wuxi,g00114x00165,wuxi_station_2726a93c69f5,西园弄(地铁站),120.257564,31.5505808,2021-12-17,2021-12,,
3395,wuxi,g00118x00166,wuxi_station_6ea520402a0e,青山湾荣院(地铁站),120.2651715,31.5706226,2021-12-17,2021-12,,
3396,wuxi,g00121x00168,wuxi_station_d89d7b4c2865,惠山古镇(地铁站),120.2731071,31.5830869,2021-12-17,2021-12,,
3397,wuxi,g00125x00168,wuxi_station_9d5028127784,黄巷(地铁站),120.2754424,31.6012867,2021-12-17,2021-12,,
3398,wuxi,g00129x00170,wuxi_station_367cd7d74c90,广石路(地铁站),120.2854695,31.6197169,2021-12-17,2021-12,,
3399,hefei,g00208x00133,hefei_station_e05a827decaf,淝南(地铁站),117.2759553,31.8016922,2021-12-26,2021-12,,
3400,hefei,g00209x00132,hefei_station_f1ce5261026e,竹西(地铁站),117.270968,31.8055581,2021-12-26,2021-12,,
3401,hefei,g00210x00123,hefei_station_23e3867e026b,天鹅湖(地铁站),117.2221691,31.8102253,2021-12-26,2021-12,,
3402,hefei,g00210x00131,hefei_station_c47e14d846b8,薛河(地铁站),117.2636716,31.809677,2021-12-26,2021-12,,
3403,hefei,g00210x00137,hefei_station_4494c8549181,望湖城南(地铁站),117.2972048,31.8069838,2021-12-26,2021-12,,
3404,hefei,g00211x00117,hefei_station_b067d13fce79,柳树塘(地铁站),117.1926084,31.813769,2021-12-26,2021-12,,
3405,hefei,g00211x00139,hefei_station_03090c1248cc,葛大店南(地铁站),117.3079417,31.8109135,2021-12-26,2021-12,,
3406,hefei,g00212x00115,hefei_station_96429901db3f,金桂(地铁站),117.182242,31.8182031,2021-12-26,2021-12,,
3407,hefei,g00213x00109,hefei_station_989f7dca57f3,北雁湖(地铁站),117.1516016,31.8228462,2021-12-26,2021-12,,
3408,hefei,g00213x00113,hefei_station_a598668b3dc0,玉兰大道(地铁站),117.1703926,31.8226471,2021-12-26,2021-12,,
3409,hefei,g00215x00096,hefei_station_81e8afa9f8ab,青龙岗(地铁站),117.0831475,31.8320125,2021-12-26,2021-12,,
3410,hefei,g00215x00099,hefei_station_f769ace0bf9c,合肥七中(地铁站),117.0950701,31.8313965,2021-12-26,2021-12,,
3411,hefei,g00215x00101,hefei_station_c3e0fc434ae4,量子科学中心(地铁站),117.1097246,31.8316725,2021-12-26,2021-12,,
3412,hefei,g00215x00105,hefei_station_821088ea60d2,科大先研院(地铁站),117.128599,31.8321882,2021-12-26,2021-12,,
3413,hefei,g00220x00143,hefei_station_3c903135d68d,唐桥(地铁站),117.329814,31.8554933,2021-12-26,2021-12,,
3414,hefei,g00225x00144,hefei_station_4f8fef662f17,站塘(地铁站),117.3353601,31.8779895,2021-12-26,2021-12,,
3415,hefei,g00230x00144,hefei_station_81cf0c920abc,新海公园(地铁站),117.3366928,31.8984024,2021-12-26,2021-12,,
3416,hefei,g00232x00145,hefei_station_51bc6920073b,十里村(地铁站),117.3416053,31.9064742,2021-12-26,2021-12,,
3417,hefei,g00242x00146,hefei_station_ea6e3d18db96,综保区(地铁站),117.3481309,31.9526144,2021-12-26,2021-12,,
3418,luoyang,g00250x00262,luoyang_station_dd3685bc609d,龙门高铁站(地铁站),112.4498237,34.595136,2021-12-26,2021-12,,
3419,luoyang,g00251x00265,luoyang_station_edcb1724fac8,八里堂(地铁站),112.4685574,34.6011989,2021-12-26,2021-12,,
3420,luoyang,g00252x00261,luoyang_station_b980e3ac14c0,兴洛湖(地铁站),112.4476078,34.6053157,2021-12-26,2021-12,,
3421,luoyang,g00254x00261,luoyang_station_cbe11a3e485f,开元湖(地铁站),112.4467228,34.6120841,2021-12-26,2021-12,,
3422,luoyang,g00255x00260,luoyang_station_c3900539833e,市民之家(地铁站),112.439622,34.6184195,2021-12-26,2021-12,,
3423,luoyang,g00256x00258,luoyang_station_761ae2f4f68a,体育中心(地铁站),112.431181,34.6231719,2021-12-26,2021-12,,
3424,luoyang,g00259x00259,luoyang_station_e9a9df844583,隋唐园(地铁站),112.4345291,34.6367975,2021-12-26,2021-12,,
3425,luoyang,g00261x00259,luoyang_station_ccc454e3b778,文博园(地铁站),112.4392645,34.6434051,2021-12-26,2021-12,,
3426,luoyang,g00265x00259,luoyang_station_d96a90b85e45,牡丹桥(地铁站),112.4350786,34.6618262,2021-12-26,2021-12,,
3427,luoyang,g00267x00257,luoyang_station_5a2be9d24ad4,解放路(地铁站),112.4287245,34.6704504,2021-12-26,2021-12,,
3428,luoyang,g00269x00257,luoyang_station_15513412a7f4,纱厂路(地铁站),112.4278351,34.6786446,2021-12-26,2021-12,,
3429,luoyang,g00270x00257,luoyang_station_944e250391a4,洛阳火车站(地铁站),112.4277292,34.6859406,2021-12-26,2021-12,,
3430,luoyang,g00273x00256,luoyang_station_2bc2ae39e7be,国花路(地铁站),112.4224958,34.6967318,2021-12-26,2021-12,,
3431,luoyang,g00275x00253,luoyang_station_b9bde9f1066b,二乔路(地铁站),112.4067595,34.7080221,2021-12-26,2021-12,,
3432,luoyang,g00275x00255,luoyang_station_e45c1f4d93c8,邙岭(地铁站),112.4151575,34.7079097,2021-12-26,2021-12,,
3433,nanchang,g00116x00099,nanchang_station_c105197293a0,东新(地铁站),115.8343283,28.601257,2021-12-26,2021-12,,
3434,nanchang,g00118x00102,nanchang_station_a42d3d516f1a,新洪城大市场(地铁站),115.8457745,28.6093952,2021-12-26,2021-12,,
3435,nanchang,g00119x00094,nanchang_station_5cb23933a273,安丰(地铁站),115.804001,28.6142275,2021-12-26,2021-12,,
3436,nanchang,g00120x00092,nanchang_station_72f7ad8cc2c7,怀玉山大道(地铁站),115.7943946,28.6183954,2021-12-26,2021-12,,
3437,nanchang,g00121x00078,nanchang_station_99fa2fbd9ffe,裕丰街(地铁站),115.725377,28.6238608,2021-12-26,2021-12,,
3438,nanchang,g00121x00080,nanchang_station_3043cf1e6794,璜溪(地铁站),115.7353394,28.6234264,2021-12-26,2021-12,,
3439,nanchang,g00121x00103,nanchang_station_7eb2927cfd3b,丁家洲(地铁站),115.851816,28.6260066,2021-12-26,2021-12,,
3440,nanchang,g00122x00083,nanchang_station_7f0f3331e134,中堡(地铁站),115.7481591,28.6265271,2021-12-26,2021-12,,
3441,nanchang,g00122x00086,nanchang_station_b1540f26b723,礼庄山(地铁站),115.7666296,28.6287144,2021-12-26,2021-12,,
3442,nanchang,g00123x00077,nanchang_station_9d0346b46606,白马山(地铁站),115.7173852,28.6339025,2021-12-26,2021-12,,
3443,nanchang,g00124x00104,nanchang_station_8b0f7806263b,观洲(地铁站),115.858287,28.6357081,2021-12-26,2021-12,,
3444,nanchang,g00125x00105,nanchang_station_7e5db7eb1cfc,云天路(地铁站),115.8631069,28.6427707,2021-12-26,2021-12,,
3445,nanchang,g00127x00106,nanchang_station_951fe5a5ccd4,灌婴路(地铁站),115.8679359,28.6514068,2021-12-26,2021-12,,
3446,nanchang,g00129x00107,nanchang_station_cd4b5430b864,南昌大桥东(地铁站),115.8727131,28.6587837,2021-12-26,2021-12,,
3447,nanchang,g00129x00113,nanchang_station_9aa489257d28,坛子口(地铁站),115.9042914,28.6605386,2021-12-26,2021-12,,
3448,nanchang,g00130x00110,nanchang_station_df0e01fc2751,桃苑(地铁站),115.8851367,28.6630884,2021-12-26,2021-12,,
3449,nanchang,g00135x00114,nanchang_station_2644f8281b00,人民公园(地铁站),115.9074903,28.6873827,2021-12-26,2021-12,,
3450,nanchang,g00139x00115,nanchang_station_5a6a2c64dbbc,起凤路(地铁站),115.9121979,28.7057618,2021-12-26,2021-12,,
3451,nanchang,g00140x00117,nanchang_station_9f2d3f285bde,七里(地铁站),115.9226252,28.7127509,2021-12-26,2021-12,,
3452,nanchang,g00140x00131,nanchang_station_2ebf882a5a00,鱼尾洲(地铁站),115.9969522,28.7127741,2021-12-26,2021-12,,
3453,nanchang,g00142x00121,nanchang_station_a53a9b091646,民园路西(地铁站),115.9426747,28.7217636,2021-12-26,2021-12,,
3454,nanchang,g00142x00123,nanchang_station_9e90e9fd09e3,火炬(地铁站),115.954904,28.7198959,2021-12-26,2021-12,,
3455,nanchang,g00142x00126,nanchang_station_93dc20da152a,北沥(地铁站),115.9675947,28.718698,2021-12-26,2021-12,,
3456,nanchang,g00142x00128,nanchang_station_269ea65d1727,科技城(地铁站),115.9771454,28.71862,2021-12-26,2021-12,,
3457,wuhan,g00091x00087,wuhan_station_5192d0bd5b4b,周家河(地铁站),114.0294381,30.3070269,2021-12-26,2021-12,,
3458,wuhan,g00096x00089,wuhan_station_914be7412a2e,湾湖(地铁站),114.0413992,30.3259573,2021-12-26,2021-12,,
3459,wuhan,g00097x00091,wuhan_station_0fe2b7c2c4d3,协子河(地铁站),114.0541609,30.3346554,2021-12-26,2021-12,,
3460,wuhan,g00099x00093,wuhan_station_8c8492def84e,马影河(地铁站),114.0630745,30.3440597,2021-12-26,2021-12,,
3461,wuhan,g00103x00098,wuhan_station_99a8361ca82c,桂子湖(地铁站),114.0879734,30.3609021,2021-12-26,2021-12,,
3462,wuhan,g00107x00106,wuhan_station_1606ee99c21e,大军山(地铁站),114.1271628,30.3778908,2021-12-26,2021-12,,
3463,wuhan,g00110x00108,wuhan_station_1ed09c89a55a,枫林(地铁站),114.1391716,30.3918477,2021-12-26,2021-12,,
3464,wuhan,g00113x00111,wuhan_station_bdb4ca347823,小军山(地铁站),114.1527802,30.4071521,2021-12-26,2021-12,,
3465,wuhan,g00123x00132,wuhan_station_f1de424d4349,中医药大学(地铁站),114.2633761,30.4562174,2021-12-26,2021-12,,
3466,wuhan,g00126x00120,wuhan_station_4110d7bbb5e4,沌口(地铁站),114.1997321,30.4644752,2021-12-26,2021-12,,
3467,wuhan,g00127x00137,wuhan_station_22e3376624df,白沙六路(地铁站),114.287813,30.4711955,2021-12-26,2021-12,,
3468,wuhan,g00129x00123,wuhan_station_e02d22847c54,南太子湖(地铁站),114.214615,30.4792482,2021-12-26,2021-12,,
3469,wuhan,g00132x00124,wuhan_station_f52cbd00404e,老关村(地铁站),114.2204842,30.4953963,2021-12-26,2021-12,,
3470,wuhan,g00133x00137,wuhan_station_7b91cc818798,张家湾站,114.2881,30.49821,2021-12-26,2021-12,,
3471,wuhan,g00135x00126,wuhan_station_d203f2df4870,国博中心南(地铁站),114.2303728,30.5069208,2021-12-26,2021-12,,
3472,wuhan,g00136x00138,wuhan_station_b7034246a589,烽火村站,114.29327,30.5118,2021-12-26,2021-12,,
3473,wuhan,g00138x00139,wuhan_station_3b254a9176a8,八铺街站,114.29518,30.52282,2021-12-26,2021-12,,
3474,wuhan,g00141x00139,wuhan_station_44e6d8afa5bf,复兴路站,114.2957671,30.5367655,2021-12-26,2021-12,,
3475,wuhan,g00143x00139,wuhan_station_f739a9d49ea1,彭刘杨站,114.29595,30.54354,2021-12-26,2021-12,,
3476,wuhan,g00144x00139,wuhan_station_2c25231e8976,司门口黄鹤楼站,114.29675,30.54931,2021-12-26,2021-12,,
3477,wuhan,g00146x00140,wuhan_station_a6011bfa67cf,昙华林武胜门站,114.29993,30.55674,2021-12-26,2021-12,,
3478,wuhan,g00147x00141,wuhan_station_fc78b8f6e53f,积玉桥站,114.303,30.5632,2021-12-26,2021-12,,
3479,wuhan,g00149x00142,wuhan_station_b620b03a9651,三层楼站,114.30917,30.57182,2021-12-26,2021-12,,
3480,wuhan,g00151x00144,wuhan_station_ef37c8739aee,三角路站,114.31992,30.58369,2021-12-26,2021-12,,
3481,wuhan,g00155x00147,wuhan_station_83a2973df2fc,杨园铁四院(地铁站),114.3374277,30.60199,2021-12-26,2021-12,,
3482,wuhan,g00157x00149,wuhan_station_51615af1588b,余家头站,114.34665,30.61032,2021-12-26,2021-12,,
3483,wuhan,g00158x00165,wuhan_station_d45ee0d53a86,厂前(地铁站),114.4287313,30.6137,2021-12-26,2021-12,,
3484,wuhan,g00159x00152,wuhan_station_82efe655b195,科普公园站,114.35954,30.62011,2021-12-26,2021-12,,
3485,wuhan,g00159x00166,wuhan_station_7d0f772fb873,武钢(地铁站),114.4317301,30.6212234,2021-12-26,2021-12,,
3486,wuhan,g00161x00154,wuhan_station_7c58c9b90744,建设二路(地铁站),114.3708566,30.6272277,2021-12-26,2021-12,,
3487,wuhan,g00162x00156,wuhan_station_13f4995f6b7b,和平公园(地铁站),114.3812841,30.6337282,2021-12-26,2021-12,,
3488,wuhan,g00162x00163,wuhan_station_540109b469d1,工人村(地铁站),114.4202758,30.6341081,2021-12-26,2021-12,,
3489,wuhan,g00163x00105,wuhan_station_631c088730e4,码头潭公园(地铁站),114.1179359,30.6339616,2021-12-26,2021-12,,
3490,wuhan,g00164x00103,wuhan_station_47374f6f328b,新城十一路(地铁站),114.1037077,30.6350395,2021-12-26,2021-12,,
3491,wuhan,g00164x00108,wuhan_station_0363d529f16f,五环体育中心(地铁站),114.1312223,30.6363188,2021-12-26,2021-12,,
3492,wuhan,g00164x00111,wuhan_station_7c70df81ca70,二雅路(地铁站),114.1473711,30.6353629,2021-12-26,2021-12,,
3493,wuhan,g00164x00114,wuhan_station_93cb24524350,海口三路(地铁站),114.1618893,30.6366887,2021-12-26,2021-12,,
3494,wuhan,g00164x00159,wuhan_station_1325fcda132c,红钢城(地铁站),114.3963818,30.6415887,2021-12-26,2021-12,,
3495,wuhan,g00165x00162,wuhan_station_f574f8783962,青宜居(地铁站),114.4140144,30.6448728,2021-12-26,2021-12,,
3496,dalian,g00117x00138,dalian_station_1a8665d1173a,十三里(地铁站),121.7533356,39.1717987,2021-12-28,2021-12,,
3497,dalian,g00122x00137,dalian_station_6fed5de5fb01,二十里堡(地铁站),121.7516336,39.1956162,2021-12-28,2021-12,,
3498,dalian,g00137x00143,dalian_station_006a483bc0b2,三十里堡(地铁站),121.779675,39.2640033,2021-12-28,2021-12,,
3499,dalian,g00151x00149,dalian_station_d07e2f84f088,石河黄旗(地铁站),121.8158717,39.3263126,2021-12-28,2021-12,,
3500,dalian,g00158x00152,dalian_station_32319f5c4858,普湾体育场(地铁站),121.8344795,39.3570594,2021-12-28,2021-12,,
3501,dalian,g00158x00156,dalian_station_af865c859aba,石河北海(地铁站),121.8575401,39.3586257,2021-12-28,2021-12,,
3502,dalian,g00163x00162,dalian_station_14ff71f52279,长店堡(地铁站),121.892232,39.3785441,2021-12-28,2021-12,,
3503,dalian,g00164x00169,dalian_station_f915f9c3a732,大医三院(地铁站),121.9292045,39.3854248,2021-12-28,2021-12,,
3504,dalian,g00167x00171,dalian_station_bc01a461cc14,海湾高中(地铁站),121.9416822,39.3979431,2021-12-28,2021-12,,
3505,dalian,g00170x00171,dalian_station_d5cee3b31f6a,普兰店开发区(地铁站),121.9443061,39.4112222,2021-12-28,2021-12,,
3506,dalian,g00174x00167,dalian_station_65c84f42f374,普兰店振兴街(地铁站),121.9191559,39.4310039,2021-12-28,2021-12,,
3507,foshan,g00096x00145,foshan_station_07cce736f111,南庄(地铁站),113.0012666,22.9856767,2021-12-28,2021-12,,
3508,foshan,g00097x00184,foshan_station_341b8403853d,仙涌(地铁站),113.1928962,22.9857024,2021-12-28,2021-12,,
3509,foshan,g00099x00171,foshan_station_9d16318f0e61,湾华(地铁站),113.1261802,22.9944472,2021-12-28,2021-12,,
3510,foshan,g00100x00163,foshan_station_19755b479956,沙岗(地铁站),113.0887602,22.9990709,2021-12-28,2021-12,,
3511,foshan,g00101x00146,foshan_station_98f3d85ee15d,湖涌(地铁站),113.0060583,23.0058665,2021-12-28,2021-12,,
3512,nanjing,g00176x00171,nanjing_station_c157029be84e,句容站,119.164299,31.924598,2021-12-28,2021-12,,
3513,nanjing,g00181x00172,nanjing_station_bc68e21533a0,崇明站,119.173295,31.945021,2021-12-28,2021-12,,
3514,nanjing,g00184x00076,nanjing_station_d78e376b5e1f,鱼嘴(地铁站),118.6647527,31.9688456,2021-12-28,2021-12,,
3515,nanjing,g00184x00078,nanjing_station_cab788f872e8,天保街(地铁站),118.6734444,31.9680668,2021-12-28,2021-12,,
3516,nanjing,g00187x00173,nanjing_station_6aed3ab83699,华阳站,119.175178,31.975399,2021-12-28,2021-12,,
3517,nanjing,g00200x00148,nanjing_station_4fb1f922c8bf,泉都大街(地铁站),119.046652,32.0357264,2021-12-28,2021-12,,
3518,nanjing,g00204x00129,nanjing_station_0d8fd6eb8c67,东郊小镇(地铁站),118.947402,32.0539538,2021-12-28,2021-12,,
3519,nanjing,g00204x00140,nanjing_station_678dc06d79cc,古泉(地铁站),119.0038934,32.0513055,2021-12-28,2021-12,,
3520,nanjing,g00204x00151,nanjing_station_afe4babe874c,汤山(地铁站),119.0625421,32.0498839,2021-12-28,2021-12,,
3521,nanjing,g00206x00146,nanjing_station_4bc175ac71b4,南京猿人洞(地铁站),119.034236,32.0592421,2021-12-28,2021-12,,
3522,ningbo,g00252x00159,ningbo_station_f7a9b5e6289a,下应路(地铁站),121.5888854,29.8142943,2021-12-28,2021-12,,
3523,ningbo,g00253x00157,ningbo_station_045b501aec1a,南高教园区(地铁站),121.5759321,29.8192103,2021-12-28,2021-12,,
3524,ningbo,g00253x00161,ningbo_station_6f22e07578bb,大洋江(地铁站),121.597637,29.8195639,2021-12-28,2021-12,,
3525,ningbo,g00255x00139,ningbo_station_7594eb13af0c,同德路(地铁站),121.4864483,29.8303237,2021-12-28,2021-12,,
3526,ningbo,g00255x00142,ningbo_station_8493f130efd6,石碶(地铁站),121.5000044,29.8281975,2021-12-28,2021-12,,
3527,ningbo,g00255x00162,ningbo_station_79a481bd5580,泗港(地铁站),121.6007382,29.8276893,2021-12-28,2021-12,,
3528,ningbo,g00258x00137,ningbo_station_94a2a0fb8204,张家潭(地铁站),121.4750915,29.8407559,2021-12-28,2021-12,,
3529,ningbo,g00258x00162,ningbo_station_712d85d9a892,曹隘(地铁站),121.604747,29.8432094,2021-12-28,2021-12,,
3530,ningbo,g00260x00136,ningbo_station_1a2148e0c2fe,布政(地铁站),121.4679767,29.8485266,2021-12-28,2021-12,,
3531,ningbo,g00261x00163,ningbo_station_19f727b1348c,柳隘(地铁站),121.6079648,29.8548298,2021-12-28,2021-12,,
3532,ningbo,g00262x00163,ningbo_station_69b7b5800e06,海晏北路(地铁站),121.6105518,29.8627555,2021-12-28,2021-12,,
3533,ningbo,g00265x00164,ningbo_station_524996e34871,会展中心(地铁站),121.6155183,29.8768656,2021-12-28,2021-12,,
3534,ningbo,g00270x00165,ningbo_station_ac51f2dfab1e,盎孟港(地铁站),121.6178136,29.8991693,2021-12-28,2021-12,,
3535,ningbo,g00274x00165,ningbo_station_b5350682c115,三官堂(地铁站),121.6167623,29.9142707,2021-12-28,2021-12,,
3536,ningbo,g00276x00164,ningbo_station_f10153862400,兴庄路(地铁站),121.6104551,29.9234615,2021-12-28,2021-12,,
3537,shenzhen,g00211x00043,shenzhen_station_d7f84402ff6a,国展南(地铁站),113.773272,22.6871986,2021-12-28,2021-12,,
3538,tianjin,g00114x00129,tianjin_station_7d439cea7fc7,南开大学津南校区站,117.3327778,38.9822222,2021-12-28,2021-12,,
3539,tianjin,g00114x00133,tianjin_station_97b1b2522352,和慧南路站,117.3536111,38.9802778,2021-12-28,2021-12,,
3540,tianjin,g00114x00135,tianjin_station_4b4950f0724f,咸水沽西站,117.36753,38.97955,2021-12-28,2021-12,,
3541,tianjin,g00115x00127,tianjin_station_625d78c76f74,海河教育园区站,117.3175,38.9875,2021-12-28,2021-12,,
3542,tianjin,g00116x00125,tianjin_station_7b88f34ac4e9,天津大学北洋园校区站,117.3041667,38.9911111,2021-12-28,2021-12,,
3543,tianjin,g00120x00121,tianjin_station_80bca5dbb17a,景荔道站,117.28299,39.0104,2021-12-28,2021-12,,
3544,tianjin,g00122x00120,tianjin_station_e43f63660614,景荷道站,117.27827,39.01819,2021-12-28,2021-12,,
3545,tianjin,g00125x00119,tianjin_station_0861376ab9f9,双港站,117.27104,39.02976,2021-12-28,2021-12,,
3546,tianjin,g00128x00117,tianjin_station_d5f56bc05235,渌水道站,117.2630556,39.0444444,2021-12-28,2021-12,,
3547,tianjin,g00141x00135,tianjin_station_4ea5ed2d5023,新兴村(地铁站),117.363953,39.1004282,2021-12-28,2021-12,,
3548,tianjin,g00142x00131,tianjin_station_eebf3cc22ecc,民航大学(地铁站),117.3427824,39.107523,2021-12-28,2021-12,,
3549,tianjin,g00143x00126,tianjin_station_d2534cb13e3a,跃进北路(地铁站),117.312413,39.1129538,2021-12-28,2021-12,,
3550,tianjin,g00143x00128,tianjin_station_8e6ba97604ac,航双路(地铁站),117.3275081,39.1100167,2021-12-28,2021-12,,
3551,tianjin,g00144x00109,tianjin_station_2ef8aac17951,徐州道站,117.2123,39.11454,2021-12-28,2021-12,,
3552,tianjin,g00144x00110,tianjin_station_4d7907002520,六纬路站,117.22249,39.11535,2021-12-28,2021-12,,
3553,tianjin,g00144x00117,tianjin_station_def95ccadc15,万东路站,117.26132,39.11826,2021-12-28,2021-12,,
3554,tianjin,g00145x00115,tianjin_station_f3549b7d0dc6,泰昌路站,117.25008,39.12129,2021-12-28,2021-12,,
3555,tianjin,g00146x00106,tianjin_station_dbc7acded54b,和平路站,117.1989304,39.1258662,2021-12-28,2021-12,,
3556,tianjin,g00147x00104,tianjin_station_674f1a13afde,金街(地铁站),117.1855736,39.131108,2021-12-28,2021-12,,
3557,tianjin,g00148x00104,tianjin_station_744703356653,东南角站,117.18419,39.13577,2021-12-28,2021-12,,
3558,qingdao,g00124x00141,qingdao_station_b88bd89cda53,王家港(地铁站),120.1567503,35.9422037,2021-12-30,2021-12,,
3559,qingdao,g00124x00143,qingdao_station_b8c6c38e98fd,石油大学(地铁站),120.1668219,35.9452997,2021-12-30,2021-12,,
3560,qingdao,g00125x00145,qingdao_station_cb3e4e7533fb,太行山路(地铁站),120.1744747,35.9498508,2021-12-30,2021-12,,
3561,qingdao,g00127x00148,qingdao_station_4ebe374b3ce6,丁家河(地铁站),120.1957083,35.9581885,2021-12-30,2021-12,,
3562,qingdao,g00128x00152,qingdao_station_812a4dec28f2,薛家岛(地铁站),120.2140907,35.9614862,2021-12-30,2021-12,,
3563,qingdao,g00129x00153,qingdao_station_5f38f094c53a,天目山路(地铁站),120.2230571,35.9648837,2021-12-30,2021-12,,
3564,qingdao,g00130x00154,qingdao_station_8c2510e71d26,安子(地铁站),120.2285826,35.9714709,2021-12-30,2021-12,,
3565,qingdao,g00130x00156,qingdao_station_2fab3095e068,新港山路(地铁站),120.2391242,35.9730007,2021-12-30,2021-12,,
3566,qingdao,g00131x00160,qingdao_station_efcbfef89b2b,南北屯(地铁站),120.2589234,35.9775493,2021-12-30,2021-12,,
3567,qingdao,g00133x00164,qingdao_station_a7418b64e4a4,山里(地铁站),120.282827,35.9861655,2021-12-30,2021-12,,
3568,qingdao,g00136x00165,qingdao_station_d19f9cdb843a,凤凰岛(地铁站),120.2883193,35.9994236,2021-12-30,2021-12,,
3569,qingdao,g00149x00167,qingdao_station_2b145b6f488e,团岛(地铁站),120.2949447,36.0570681,2021-12-30,2021-12,,
3570,qingdao,g00152x00171,qingdao_station_2e2b6c250112,中山路(地铁站),120.3166342,36.0720028,2021-12-30,2021-12,,
3571,qingdao,g00152x00172,qingdao_station_06c171f19174,观象山(市立医院)(地铁站),120.3247327,36.0728921,2021-12-30,2021-12,,
3572,qingdao,g00152x00175,qingdao_station_681052ed2733,广饶路(地铁站),120.3374097,36.0752566,2021-12-30,2021-12,,
3573,qingdao,g00157x00178,qingdao_station_e5a1016b637b,海泊桥(海慈医疗)(地铁站),120.3562522,36.0943004,2021-12-30,2021-12,,
3574,qingdao,g00159x00178,qingdao_station_d9547431b95b,小村庄(地铁站),120.3558415,36.1053485,2021-12-30,2021-12,,
3575,qingdao,g00161x00178,qingdao_station_20f80023473f,北岭(地铁站),120.356149,36.1162665,2021-12-30,2021-12,,
3576,qingdao,g00164x00180,qingdao_station_095ce33793a8,水清沟(地铁站),120.365711,36.1277048,2021-12-30,2021-12,,
3577,qingdao,g00167x00181,qingdao_station_a70e5f5915f3,中心医院(地铁站),120.3698373,36.1410519,2021-12-30,2021-12,,
3578,qingdao,g00171x00181,qingdao_station_1fe2d2ee46b3,安顺路(地铁站),120.3707628,36.1591226,2021-12-30,2021-12,,
3579,shanghai,g00128x00158,shanghai_station_15749456f8ea,莲溪路(地铁站),121.5621862,31.1713207,2021-12-30,2021-12,,
3580,shanghai,g00131x00157,shanghai_station_fa9b623b05b2,北中路(地铁站),121.5571164,31.1849583,2021-12-30,2021-12,,
3581,shanghai,g00133x00157,shanghai_station_b35623f5841e,芳芯路(地铁站),121.5549823,31.1933466,2021-12-30,2021-12,,
3582,shanghai,g00136x00156,shanghai_station_70a8f7b5b9e5,龙阳路(地铁站),121.5533858,31.2057547,2021-12-30,2021-12,,
3583,shanghai,g00140x00135,shanghai_station_2d617dc544a3,静安寺(地铁站),121.4419341,31.2251126,2021-12-30,2021-12,,
3584,shanghai,g00140x00140,shanghai_station_f245f9a0618d,一大会址·黄陂南路(地铁站),121.4678121,31.2255947,2021-12-30,2021-12,,
3585,shanghai,g00140x00155,shanghai_station_0863818ccc69,迎春路(地铁站),121.5467327,31.223161,2021-12-30,2021-12,,
3586,shanghai,g00141x00133,shanghai_station_c7efd374f11d,武定路站,121.431989,31.22892,2021-12-30,2021-12,,
3587,shanghai,g00141x00141,shanghai_station_0ea38939b2a0,大世界(地铁站),121.4746774,31.2293509,2021-12-30,2021-12,,
3588,shanghai,g00141x00143,shanghai_station_4cface5e95e9,豫园(地铁站),121.4829499,31.2299874,2021-12-30,2021-12,,
3589,shanghai,g00141x00155,shanghai_station_b9dc09573d8d,杨高中路(地铁站),121.5443922,31.2296612,2021-12-30,2021-12,,
3590,shanghai,g00142x00163,shanghai_station_dd593e91133d,黄杨路(地铁站),121.5868098,31.2361979,2021-12-30,2021-12,,
3591,shanghai,g00143x00132,shanghai_station_591edb66a6dc,武宁路站,121.4258333,31.2358333,2021-12-30,2021-12,,
3592,shanghai,g00143x00146,shanghai_station_ec452d574357,陆家嘴站,121.497,31.2397,2021-12-30,2021-12,,
3593,shanghai,g00143x00154,shanghai_station_15724dfdff08,民生路(地铁站),121.5392407,31.2379871,2021-12-30,2021-12,,
3594,shanghai,g00143x00165,shanghai_station_8e37c8d103d9,云顺路(地铁站),121.5961345,31.2392633,2021-12-30,2021-12,,
3595,shanghai,g00144x00130,shanghai_station_e923718e9f45,曹杨路(地铁站),121.4130553,31.2411383,2021-12-30,2021-12,,
3596,shanghai,g00144x00148,shanghai_station_a533f535e40d,浦东南路站,121.506891,31.240311,2021-12-30,2021-12,,
3597,shanghai,g00144x00149,shanghai_station_c90610809949,浦东大道(地铁站),121.5149387,31.2423794,2021-12-30,2021-12,,
3598,shanghai,g00144x00151,shanghai_station_98baf67162fa,源深路(地铁站),121.5266917,31.2434211,2021-12-30,2021-12,,
3599,shanghai,g00144x00160,shanghai_station_66bb53d44eba,蓝天路(地铁站),121.5737788,31.2432171,2021-12-30,2021-12,,
3600,shanghai,g00144x00167,shanghai_station_54d974055e43,浦东足球场站,121.61072,31.243731,2021-12-30,2021-12,,
3601,shanghai,g00144x00170,shanghai_station_6d069db5befc,金粤路(地铁站),121.6247975,31.2442691,2021-12-30,2021-12,,
3602,shanghai,g00145x00129,shanghai_station_a501da47c117,中宁路(地铁站),121.4098874,31.2468808,2021-12-30,2021-12,,
3603,shanghai,g00145x00153,shanghai_station_1006ba8a75c0,昌邑路(地铁站),121.5358073,31.2460646,2021-12-30,2021-12,,
3604,shanghai,g00146x00155,shanghai_station_87b55fb43fbb,歇浦路(地铁站),121.5472395,31.2528744,2021-12-30,2021-12,,
3605,shanghai,g00146x00159,shanghai_station_d1faae98ac32,云山路(地铁站),121.5669264,31.2531466,2021-12-30,2021-12,,
3606,shanghai,g00146x00171,shanghai_station_9e70b4f3dfc4,桂桥路(地铁站),121.6308601,31.2515849,2021-12-30,2021-12,,
3607,shanghai,g00147x00123,shanghai_station_7f77339f32d8,真光路(地铁站),121.3795166,31.2551099,2021-12-30,2021-12,,
3608,shanghai,g00147x00128,shanghai_station_6befa43ad14a,真如(地铁站),121.4025665,31.2525935,2021-12-30,2021-12,,
3609,shanghai,g00147x00151,shanghai_station_c73a88255b1f,丹阳路(地铁站),121.5268351,31.2559129,2021-12-30,2021-12,,
3610,shanghai,g00148x00119,shanghai_station_0e5da2314ad7,定边路(地铁站),121.3577792,31.2582471,2021-12-30,2021-12,,
3611,shanghai,g00148x00121,shanghai_station_b6221e323265,真新新村(地铁站),121.3673173,31.2574088,2021-12-30,2021-12,,
3612,shanghai,g00148x00151,shanghai_station_01b3c4334d45,平凉路(地铁站),121.5223612,31.2611217,2021-12-30,2021-12,,
3613,shanghai,g00149x00116,shanghai_station_a3e6c167cfe0,嘉怡路(地铁站),121.3411123,31.2610763,2021-12-30,2021-12,,
3614,shanghai,g00149x00150,shanghai_station_0cfc48307cc5,江浦公园站,121.51933,31.26664,2021-12-30,2021-12,,
3615,shanghai,g00150x00110,shanghai_station_b4ea9856d12a,乐秀路站,121.309629,31.26727,2021-12-30,2021-12,,
3616,shanghai,g00150x00113,shanghai_station_54f9ebb68b3a,临洮路(地铁站),121.3263079,31.2649663,2021-12-30,2021-12,,
3617,shanghai,g00151x00107,shanghai_station_25cdd1f9a802,封浜(地铁站),121.2925266,31.2694544,2021-12-30,2021-12,,
3618,shanghai,g00152x00149,shanghai_station_401e9225468a,江浦路(地铁站),121.5140096,31.2769996,2021-12-30,2021-12,,
3619,shanghai,g00154x00149,shanghai_station_99262fddfd21,抚顺路(地铁站),121.5114139,31.2857065,2021-12-30,2021-12,,
3620,shanghai,g00155x00147,shanghai_station_829006861c40,国权路(地铁站),121.5056239,31.2912993,2021-12-30,2021-12,,
3621,shanghai,g00156x00145,shanghai_station_3aff1cfacf4d,复旦大学(地铁站),121.4950904,31.2983381,2021-12-30,2021-12,,
3622,shanghai,g00159x00145,shanghai_station_605e3d2b97f5,上海财经大学站,121.491872,31.309971,2021-12-30,2021-12,,
3623,shanghai,g00162x00145,shanghai_station_a214f2f8eeb1,殷高路(地铁站),121.4911049,31.3236724,2021-12-30,2021-12,,
3624,shanghai,g00164x00144,shanghai_station_dea4de0f23ae,长江南路(地铁站),121.4870114,31.3340135,2021-12-30,2021-12,,
3625,beijing,g00095x00225,beijing_station_aa29aa3c95ab,嘉会湖(地铁站),116.6045897,39.7918667,2021-12-31,2021-12,,
3626,beijing,g00097x00222,beijing_station_3c0cf2943eb2,次渠(地铁站),116.5857907,39.8025167,2021-12-31,2021-12,,
3627,beijing,g00098x00219,beijing_station_b583bfba5011,次渠北(地铁站),116.5708888,39.8083473,2021-12-31,2021-12,,
3628,beijing,g00100x00215,beijing_station_86e7d19ef162,北神树(地铁站),116.5469134,39.8175181,2021-12-31,2021-12,,
3629,beijing,g00102x00180,beijing_station_32bef5c2e6e2,新发地(地铁站),116.3401844,39.8222198,2021-12-31,2021-12,,
3630,beijing,g00106x00205,beijing_station_cf085607136e,十八里店(地铁站),116.4898325,39.8430695,2021-12-31,2021-12,,
3631,beijing,g00109x00202,beijing_station_0a4e9902949b,周家庄(地铁站),116.4702727,39.8554182,2021-12-31,2021-12,,
3632,beijing,g00110x00181,beijing_station_a50c9af7d76a,西铁营(地铁站),116.3497639,39.8599981,2021-12-31,2021-12,,
3633,beijing,g00110x00183,beijing_station_0c5d858f4dea,景风门站,116.35996,39.8614,2021-12-31,2021-12,,
3634,beijing,g00111x00176,beijing_station_6dfe759277cb,东管头(地铁站),116.3150837,39.8662736,2021-12-31,2021-12,,
3635,beijing,g00111x00177,beijing_station_07090491f713,丽泽商务区站,116.32563,39.86627,2021-12-31,2021-12,,
3636,beijing,g00111x00179,beijing_station_5058a84e12d6,菜户营(地铁站),116.3362824,39.8662902,2021-12-31,2021-12,,
3637,beijing,g00117x00183,beijing_station_72bf5f055f50,牛街(地铁站),116.3572684,39.8893461,2021-12-31,2021-12,,
3638,beijing,g00121x00149,beijing_station_301761db6f14,新首钢(地铁站),116.1586659,39.9075968,2021-12-31,2021-12,,
3639,beijing,g00122x00149,beijing_station_c00cc1814ea8,北辛安(地铁站),116.15862,39.9138135,2021-12-31,2021-12,,
3640,beijing,g00122x00178,beijing_station_126a3832e401,玉渊潭东门(地铁站),116.3283814,39.9126309,2021-12-31,2021-12,,
3641,beijing,g00122x00191,beijing_station_50b4f9e76e2f,金鱼胡同(地铁站),116.4049439,39.9149693,2021-12-31,2021-12,,
3642,changchun,g00190x00230,changchun_station_1495896d29ab,东广场(地铁站),125.3323471,43.906549,2021-12-31,2021-12,,
3643,chongqing,g00330x00252,chongqing_station_bd7834416dcf,红岩村(地铁站),106.490687,29.5538586,2022-01-25,2022-01,,
3644,chongqing,g00330x00254,chongqing_station_541f37c50bf8,富华路站,106.50001,29.55367,2022-01-25,2022-01,,
3645,chongqing,g00334x00258,chongqing_station_7a59abff0a06,蚂蝗梁(地铁站),106.5215077,29.5726132,2022-01-25,2022-01,,
3646,chongqing,g00335x00266,chongqing_station_80773c632a5d,刘家台(地铁站),106.5599617,29.5756794,2022-01-25,2022-01,,
3647,chongqing,g00340x00267,chongqing_station_f390f5b56a2c,溉澜溪(地铁站),106.5679374,29.597235,2022-01-25,2022-01,,
3648,chongqing,g00346x00272,chongqing_station_f9cd06e0b4d3,何家梁(地铁站),106.5923536,29.6279371,2022-01-25,2022-01,,
3649,chongqing,g00349x00272,chongqing_station_e8a217a6d619,石盘河(地铁站),106.5935143,29.6412705,2022-01-25,2022-01,,
3650,chongqing,g00352x00274,chongqing_station_4f5516d7e580,上湾路(地铁站),106.6052489,29.6527559,2022-01-25,2022-01,,
3651,chongqing,g00354x00276,chongqing_station_57a9f4acca0f,青岗坪(地铁站),106.613115,29.6636612,2022-01-25,2022-01,,
3652,chongqing,g00360x00273,chongqing_station_daaacf65ae2f,兴科大道(地铁站),106.59987,29.6905853,2022-01-25,2022-01,,
3653,hangzhou,g00249x00374,hangzhou_station_2944cd151e3f,文三路站,120.12428,30.27912,2022-02-21,2022-02,,
3654,hangzhou,g00252x00374,hangzhou_station_b08826fbbdee,翠柏路(地铁站),120.1241281,30.2925263,2022-02-21,2022-02,,
3655,hangzhou,g00252x00380,hangzhou_station_2f83e4e4ebdc,潮王路(地铁站),120.1541099,30.2926478,2022-02-21,2022-02,,
3656,hangzhou,g00254x00378,hangzhou_station_b40f5aeebce7,香积寺(地铁站),120.1440805,30.3022891,2022-02-21,2022-02,,
3657,hangzhou,g00255x00374,hangzhou_station_a980ced7bcf1,北大桥(地铁站),120.1250871,30.305642,2022-02-21,2022-02,,
3658,hangzhou,g00255x00393,hangzhou_station_dd8066dc9d5a,明石路(地铁站),120.2229141,30.3060136,2022-02-21,2022-02,,
3659,hangzhou,g00256x00378,hangzhou_station_a6347ec8cd6c,大关(地铁站),120.1444288,30.3101298,2022-02-21,2022-02,,
3660,hangzhou,g00258x00371,hangzhou_station_1a27f4827d6b,花园岗(地铁站),120.1081616,30.3179869,2022-02-21,2022-02,,
3661,hangzhou,g00259x00384,hangzhou_station_e92e63697031,新天地街(地铁站),120.1749583,30.3235369,2022-02-21,2022-02,,
3662,hangzhou,g00259x00388,hangzhou_station_8d44af5c9f06,华中南路(地铁站),120.195496,30.3263823,2022-02-21,2022-02,,
3663,hangzhou,g00259x00392,hangzhou_station_bbd3e16faa13,笕桥老街(地铁站),120.2151299,30.3254398,2022-02-21,2022-02,,
3664,hangzhou,g00260x00372,hangzhou_station_81e9a25da2a3,渡驾桥(地铁站),120.1105717,30.3272272,2022-02-21,2022-02,,
3665,hangzhou,g00261x00383,hangzhou_station_081de3a041e7,皋亭坝(地铁站),120.1675485,30.3327607,2022-02-21,2022-02,,
3666,hangzhou,g00262x00386,hangzhou_station_c1c558cc45c8,汽轮广场(地铁站),120.1837157,30.3372819,2022-02-21,2022-02,,
3667,hangzhou,g00263x00372,hangzhou_station_68aa4d5fae61,祥园路(地铁站),120.1116575,30.3390303,2022-02-21,2022-02,,
3668,hangzhou,g00263x00384,hangzhou_station_1d9163bf7ab9,桃源街(地铁站),120.1739145,30.3438531,2022-02-21,2022-02,,
3669,hangzhou,g00263x00389,hangzhou_station_4293777ce356,华丰路(地铁站),120.1998257,30.3424587,2022-02-21,2022-02,,
3670,hangzhou,g00264x00390,hangzhou_station_c64995e323e3,同协路(地铁站),120.2073324,30.3468045,2022-02-21,2022-02,,
3671,hangzhou,g00265x00392,hangzhou_station_df0f5fca3e28,桃花湖公园(地铁站),120.2167939,30.3538964,2022-02-21,2022-02,,
3672,hangzhou,g00266x00369,hangzhou_station_2fc594520b5c,好运街(地铁站),120.0952322,30.3524584,2022-02-21,2022-02,,
3673,hangzhou,g00266x00372,hangzhou_station_ffcd5a0cef45,杭行路(地铁站),120.1096577,30.3558004,2022-02-21,2022-02,,
3674,hangzhou,g00266x00374,hangzhou_station_ad6cc0b75b16,储运路(地铁站),120.1234763,30.3561571,2022-02-21,2022-02,,
3675,hangzhou,g00266x00382,hangzhou_station_8fc13961c95b,吴家角港(地铁站),120.164646,30.3534312,2022-02-21,2022-02,,
3676,hangzhou,g00266x00395,hangzhou_station_0b775126bff9,丁桥(地铁站),120.230107,30.3582242,2022-02-21,2022-02,,
3677,hangzhou,g00267x00377,hangzhou_station_bcd382e785d1,平安桥站,120.13899,30.3595,2022-02-21,2022-02,,
3678,hangzhou,g00270x00395,hangzhou_station_316f0f168a61,华鹤街(地铁站),120.2332621,30.3728343,2022-02-21,2022-02,,
3679,hangzhou,g00272x00397,hangzhou_station_ee4be1f4bb5e,黄鹤山(地铁站),120.2419506,30.3833899,2022-02-21,2022-02,,
3680,hangzhou,g00274x00400,hangzhou_station_488b40c4f6d5,星桥站,120.257818,30.391371,2022-02-21,2022-02,,
3681,zhengzhou,g00145x00203,zhengzhou_station_e09d653a31e3,金融岛南(地铁站),113.7305093,34.8101394,2022-03-01,2022-03,,
3682,zhengzhou,g00147x00203,zhengzhou_station_db5898774df4,金融岛北(地铁站),113.7287546,34.8170841,2022-03-01,2022-03,,
3683,guangzhou,g00105x00106,guangzhou_station_f7c8f055cd9e,番禺广场(地铁站),113.380135,22.9380642,2022-03-31,2022-03,,
3684,guangzhou,g00112x00096,guangzhou_station_af917be5e412,市广路(地铁站),113.3312969,22.9741122,2022-03-31,2022-03,,
3685,guangzhou,g00116x00082,guangzhou_station_cf675bfd5e9f,广州南站(地铁站),113.2644906,22.9915056,2022-03-31,2022-03,,
3686,guangzhou,g00121x00081,guangzhou_station_e2f61a72908f,陈头岗(地铁站),113.2603133,23.0159428,2022-03-31,2022-03,,
3687,hangzhou,g00241x00380,hangzhou_station_005e4a865097,吴山广场(地铁站),120.1591881,30.2421976,2022-04-01,2022-04,,
3688,hangzhou,g00242x00388,hangzhou_station_89ac25b8b1cc,观音塘(地铁站),120.1970514,30.2494939,2022-04-01,2022-04,,
3689,hangzhou,g00243x00389,hangzhou_station_1c75eb855b1e,新业路(地铁站),120.2043353,30.2515454,2022-04-01,2022-04,,
3690,hangzhou,g00248x00384,hangzhou_station_d1ca469783eb,宝善桥站,120.175165,30.274263,2022-04-01,2022-04,,
3691,hangzhou,g00248x00395,hangzhou_station_92fbda2bfa4b,御道(地铁站),120.231723,30.2763596,2022-04-01,2022-04,,
3692,hangzhou,g00252x00400,hangzhou_station_e7ff259f86a8,红普南路(地铁站),120.2587156,30.2954036,2022-04-01,2022-04,,
3693,hangzhou,g00255x00402,hangzhou_station_589e12f97ce0,九睦路(地铁站),120.2667224,30.3081558,2022-04-01,2022-04,,
3694,fuzhou,g00220x00207,fuzhou_station_85965e400783,义序(地铁站),119.3225807,25.9898827,2022-04-29,2022-04,,
3695,fuzhou,g00220x00209,fuzhou_station_c05216ac1503,帝封江(地铁站),119.3305753,25.9903547,2022-04-29,2022-04,,
3696,fuzhou,g00220x00212,fuzhou_station_9893fd4b4f23,螺洲古镇(地铁站),119.3464866,25.9892161,2022-04-29,2022-04,,
3697,fuzhou,g00222x00206,fuzhou_station_1787bc18c54e,盖山竹榄(地铁站),119.3157474,25.9967524,2022-04-29,2022-04,,
3698,fuzhou,g00223x00200,fuzhou_station_c8ccc87edc0d,盘屿(地铁站),119.2882052,26.0024475,2022-04-29,2022-04,,
3699,fuzhou,g00223x00204,fuzhou_station_4dce3f165c6d,吴山(地铁站),119.3065365,26.000484,2022-04-29,2022-04,,
3700,fuzhou,g00224x00198,fuzhou_station_65f1a91c8ac6,台屿(地铁站),119.2765599,26.0090511,2022-04-29,2022-04,,
3701,fuzhou,g00226x00197,fuzhou_station_7781ae1a3be3,东岭(地铁站),119.2725766,26.0164564,2022-04-29,2022-04,,
3702,fuzhou,g00229x00197,fuzhou_station_f97fbf6e2ee4,霞镜(地铁站),119.2717075,26.0284053,2022-04-29,2022-04,,
3703,fuzhou,g00231x00196,fuzhou_station_a31f5622fa63,浦上大道(地铁站),119.2679073,26.0371947,2022-04-29,2022-04,,
3704,fuzhou,g00232x00195,fuzhou_station_0f68911fe8c4,凤岗里(地铁站),119.262187,26.0418191,2022-04-29,2022-04,,
3705,fuzhou,g00235x00193,fuzhou_station_4a9061bfbfd2,马榕(地铁站),119.2536125,26.0585626,2022-04-29,2022-04,,
3706,fuzhou,g00238x00192,fuzhou_station_cbc40514a86e,阵坂(地铁站),119.2470077,26.0685216,2022-04-29,2022-04,,
3707,fuzhou,g00239x00191,fuzhou_station_84826e4b3c2c,洪塘(地铁站),119.245387,26.076472,2022-04-29,2022-04,,
3708,fuzhou,g00242x00191,fuzhou_station_3b8158e712a1,农林大学(地铁站),119.2424708,26.0879985,2022-04-29,2022-04,,
3709,fuzhou,g00247x00187,fuzhou_station_91d4fd8ed387,荆溪厚屿(地铁站),119.226769,26.1128847,2022-04-29,2022-04,,
3710,shaoxing,g00170x00156,shaoxing_station_9fe54a474b8a,芳泉(地铁站),120.5668648,29.9208754,2022-04-29,2022-04,,
3711,shaoxing,g00172x00157,shaoxing_station_6a91fe18eb66,栖湖(地铁站),120.5713149,29.931432,2022-04-29,2022-04,,
3712,shaoxing,g00174x00157,shaoxing_station_a20153ed8a4e,南池(地铁站),120.5717267,29.9419451,2022-04-29,2022-04,,
3713,shaoxing,g00177x00158,shaoxing_station_8f5b46c1b055,劳家葑(地铁站),120.5729594,29.9545149,2022-04-29,2022-04,,
3714,shaoxing,g00180x00158,shaoxing_station_8b14de2bf81a,凤凰山(地铁站),120.5737075,29.9651594,2022-04-29,2022-04,,
3715,shaoxing,g00182x00158,shaoxing_station_72b2352bc626,城南大道(地铁站),120.5763338,29.9784963,2022-04-29,2022-04,,
3716,shaoxing,g00186x00158,shaoxing_station_a72290d5c9ee,鲁迅故里(地铁站),120.5764837,29.9942422,2022-04-29,2022-04,,
3717,shaoxing,g00189x00159,shaoxing_station_97ecb7de4742,城市广场站,120.5771977,30.0066959,2022-04-29,2022-04,,
3718,shaoxing,g00191x00159,shaoxing_station_61cc36d83341,火车站(地铁站),120.5771578,30.0157835,2022-04-29,2022-04,,
3719,shaoxing,g00193x00159,shaoxing_station_7c6426b7f31c,大滩(地铁站),120.5784945,30.0260623,2022-04-29,2022-04,,
3720,shaoxing,g00196x00159,shaoxing_station_c86fab676fa2,凤林(地铁站),120.5776004,30.0396816,2022-04-29,2022-04,,
3721,shaoxing,g00199x00158,shaoxing_station_96095af67de9,梅山广场(地铁站),120.5737127,30.0526374,2022-04-29,2022-04,,
3722,shaoxing,g00200x00157,shaoxing_station_626fc1cae007,奥体中心(地铁站),120.5657161,30.0588658,2022-04-29,2022-04,,
3723,shaoxing,g00203x00147,shaoxing_station_ce15d6e3a741,镜水路(地铁站),120.5172694,30.0711445,2022-04-29,2022-04,,
3724,shaoxing,g00205x00145,shaoxing_station_2d78f8dd1a98,瓜渚湖(地铁站),120.5045336,30.0769056,2022-04-29,2022-04,,
3725,shaoxing,g00206x00142,shaoxing_station_9c484b860f25,明珠广场(地铁站),120.4916127,30.0817979,2022-04-29,2022-04,,
3726,foshan,g00085x00187,foshan_station_1661a4afd15f,北滘公园(地铁站),113.2067578,22.9327894,2022-05-01,2022-05,,
3727,foshan,g00088x00193,foshan_station_b34277476fce,南涌(地铁站),113.2328591,22.9420797,2022-05-01,2022-05,,
3728,hangzhou,g00234x00351,hangzhou_station_0041f0147c2b,石马(地铁站),120.00626,30.2091474,2022-06-10,2022-06,,
3729,hangzhou,g00236x00353,hangzhou_station_ef2ece001f41,小和山站,120.01667,30.21464,2022-06-10,2022-06,,
3730,hangzhou,g00238x00356,hangzhou_station_21598a600df2,屏峰(地铁站),120.0324832,30.2252624,2022-06-10,2022-06,,
3731,hangzhou,g00242x00359,hangzhou_station_587aa8d1c19b,留下(地铁站),120.0472985,30.2433759,2022-06-10,2022-06,,
3732,hangzhou,g00243x00351,hangzhou_station_c4094da501a6,全丰(地铁站),120.0034209,30.2492973,2022-06-10,2022-06,,
3733,hangzhou,g00243x00355,hangzhou_station_8513b714d03a,联胜路(地铁站),120.0277371,30.2464261,2022-06-10,2022-06,,
3734,hangzhou,g00243x00359,hangzhou_station_c735d52cdbda,洪园(地铁站),120.0455793,30.2506128,2022-06-10,2022-06,,
3735,hangzhou,g00245x00361,hangzhou_station_bfbbd2db31a8,西溪湿地南(地铁站),120.0569719,30.2561594,2022-06-10,2022-06,,
3736,hangzhou,g00246x00364,hangzhou_station_bb0c7bf65789,花坞(地铁站),120.0719073,30.2630315,2022-06-10,2022-06,,
3737,hangzhou,g00246x00366,hangzhou_station_887e84747ff2,东岳(地铁站),120.0847114,30.2644437,2022-06-10,2022-06,,
3738,hangzhou,g00247x00369,hangzhou_station_43d0e89909c1,古墩路站,120.09694,30.26755,2022-06-10,2022-06,,
3739,hangzhou,g00247x00374,hangzhou_station_d7b2d6dff3b9,黄龙体育中心(地铁站),120.1251392,30.2704808,2022-06-10,2022-06,,
3740,hangzhou,g00247x00376,hangzhou_station_3303af0fa88f,黄龙洞(地铁站),120.135715,30.2676924,2022-06-10,2022-06,,
3741,hangzhou,g00248x00371,hangzhou_station_e4a9315256de,古荡新村站,120.10803,30.27292,2022-06-10,2022-06,,
3742,hangzhou,g00248x00373,hangzhou_station_dbbdf22448d6,古荡站,120.1174,30.27321,2022-06-10,2022-06,,
3743,hangzhou,g00250x00345,hangzhou_station_acda6cbc158a,文一西路(地铁站),119.9760158,30.2775042,2022-06-10,2022-06,,
3744,chongqing,g00341x00295,chongqing_station_4ffb14b7eb7c,鹿栖(地铁站),106.7123272,29.6031232,2022-06-18,2022-06,,
3745,chongqing,g00343x00300,chongqing_station_a6d0bfd484e1,果园物流枢纽(地铁站),106.7348932,29.6124547,2022-06-18,2022-06,,
3746,chongqing,g00344x00286,chongqing_station_ec0a9e5d5c71,铁山坪(地铁站),106.6656683,29.6167339,2022-06-18,2022-06,,
3747,chongqing,g00346x00304,chongqing_station_ce9877194a2e,鱼嘴(地铁站),106.7581097,29.6258389,2022-06-18,2022-06,,
3748,chongqing,g00347x00307,chongqing_station_4eb41ffb4009,雁坪(地铁站),106.7714767,29.62956,2022-06-18,2022-06,,
3749,chongqing,g00356x00311,chongqing_station_dde7711ac999,三板溪(地铁站),106.7936862,29.6705134,2022-06-18,2022-06,,
3750,chongqing,g00361x00310,chongqing_station_9974c0d6562d,龙驿大道(地铁站),106.7900262,29.6922253,2022-06-18,2022-06,,
3751,chongqing,g00364x00311,chongqing_station_8d8766eec465,龙兴(地铁站),106.7977887,29.7040969,2022-06-18,2022-06,,
3752,chongqing,g00366x00312,chongqing_station_d4f361aa0396,高石塔(地铁站),106.7989254,29.7138459,2022-06-18,2022-06,,
3753,chongqing,g00370x00312,chongqing_station_ae472d41fbb4,普福(地铁站),106.8001387,29.7313239,2022-06-18,2022-06,,
3754,chongqing,g00373x00314,chongqing_station_12956de2f0b4,桐梓林(地铁站),106.8114195,29.7447666,2022-06-18,2022-06,,
3755,chongqing,g00377x00317,chongqing_station_2c0f2897180e,石船(地铁站),106.8297315,29.7622413,2022-06-18,2022-06,,
3756,chongqing,g00380x00319,chongqing_station_075ddd420470,黄岭(地铁站),106.8373553,29.7746358,2022-06-18,2022-06,,
3757,zhengzhou,g00075x00241,zhengzhou_station_9eb895802314,郑州航空港站(地铁站),113.9268933,34.4885866,2022-06-20,2022-06,,
3758,zhengzhou,g00077x00240,zhengzhou_station_41592a734edd,港区会展(地铁站),113.91799,34.4986952,2022-06-20,2022-06,,
3759,zhengzhou,g00080x00235,zhengzhou_station_706ac7e2b0e0,机场东(地铁站),113.8945873,34.5113492,2022-06-20,2022-06,,
3760,changsha,g00094x00204,changsha_station_103bef8df6ef,谢家桥(地铁站),112.8305922,28.1760246,2022-06-28,2022-06,,
3761,changsha,g00094x00207,changsha_station_92a8dae20f44,象鼻窝(地铁站),112.8478144,28.176043,2022-06-28,2022-06,,
3762,changsha,g00096x00209,changsha_station_8c03c1ce9c4c,中塘(地铁站),112.8583195,28.1849715,2022-06-28,2022-06,,
3763,changsha,g00097x00245,changsha_station_10e7f558d46d,花桥(地铁站),113.0428435,28.1879015,2022-06-28,2022-06,,
3764,changsha,g00098x00209,changsha_station_0f13c8036ab1,一师范西校区(地铁站),112.8593349,28.1967153,2022-06-28,2022-06,,
3765,changsha,g00098x00247,changsha_station_9fae354f0475,隆平水稻博物馆(地铁站),113.053055,28.1937221,2022-06-28,2022-06,,
3766,changsha,g00099x00251,changsha_station_69c1b0ded665,农科院农大(地铁站),113.0734166,28.1945397,2022-06-28,2022-06,,
3767,changsha,g00099x00254,changsha_station_e2c841421bba,东湖(地铁站),113.0894865,28.1966239,2022-06-28,2022-06,,
3768,changsha,g00100x00209,changsha_station_ef1c10c05440,长庆(地铁站),112.8574809,28.204579,2022-06-28,2022-06,,
3769,changsha,g00100x00256,changsha_station_7dc2425837ff,韶光(地铁站),113.100662,28.1991183,2022-06-28,2022-06,,
3770,changsha,g00100x00277,changsha_station_c49def78332e,木马塅(地铁站),113.2060825,28.1989292,2022-06-28,2022-06,,
3771,changsha,g00101x00261,changsha_station_59fc45903d1e,龙华(地铁站),113.1230384,28.2033711,2022-06-28,2022-06,,
3772,changsha,g00101x00265,changsha_station_b45cfb539410,檀木桥(地铁站),113.1451424,28.2049207,2022-06-28,2022-06,,
3773,changsha,g00101x00272,changsha_station_a99d233287c8,龙峰(地铁站),113.1793399,28.2060537,2022-06-28,2022-06,,
3774,changsha,g00101x00276,changsha_station_a68e310c1774,大路村(地铁站),113.199736,28.2057586,2022-06-28,2022-06,,
3775,changsha,g00102x00269,changsha_station_e84a56327cae,曹家坪(地铁站),113.1656645,28.2068012,2022-06-28,2022-06,,
3776,changsha,g00103x00208,changsha_station_d157ee11cfc2,和馨园(地铁站),112.856122,28.2180713,2022-06-28,2022-06,,
3777,changsha,g00104x00212,changsha_station_fc6c897f6d5c,麓谷体育公园(地铁站),112.8743954,28.223807,2022-06-28,2022-06,,
3778,changsha,g00104x00215,changsha_station_eaece6df6385,麓谷公园(地铁站),112.8909231,28.2216265,2022-06-28,2022-06,,
3779,changsha,g00104x00218,changsha_station_b24fbf621990,涧塘(地铁站),112.9052333,28.2220724,2022-06-28,2022-06,,
3780,changsha,g00104x00220,changsha_station_50701976b873,湖南工商大学(地铁站),112.916837,28.2228187,2022-06-28,2022-06,,
3781,changsha,g00104x00223,changsha_station_145f17e7a467,白鸽咀(地铁站),112.9287375,28.2213556,2022-06-28,2022-06,,
3782,changsha,g00104x00224,changsha_station_86e325c7b55b,湘雅三医院(地铁站),112.9376603,28.2215961,2022-06-28,2022-06,,
3783,kunming,g00141x00129,kunming_station_7c0f2afdc141,福保(地铁站),102.6951322,24.9477223,2022-06-29,2022-06,,
3784,kunming,g00145x00129,kunming_station_228a03823ea5,金家河(地铁站),102.6916648,24.964527,2022-06-29,2022-06,,
3785,kunming,g00147x00129,kunming_station_6b6943b4bfaf,庄家塘立交桥(地铁站),102.6915756,24.9761987,2022-06-29,2022-06,,
3786,kunming,g00148x00124,kunming_station_93150c5dacc5,渔户村(地铁站),102.6692005,24.9798219,2022-06-29,2022-06,,
3787,kunming,g00148x00126,kunming_station_75eff8b861ad,兴体路(地铁站),102.6786978,24.978331,2022-06-29,2022-06,,
3788,kunming,g00150x00123,kunming_station_0c68fa51395f,迎海路(地铁站),102.6623114,24.987455,2022-06-29,2022-06,,
3789,kunming,g00152x00123,kunming_station_57703b629161,大坝(地铁站),102.663179,24.9980161,2022-06-29,2022-06,,
3790,kunming,g00154x00125,kunming_station_8739dc93541e,广福路西口(地铁站),102.6728157,25.0072315,2022-06-29,2022-06,,
3791,kunming,g00156x00127,kunming_station_e9ae02e38d1e,福海(地铁站),102.6835229,25.0138105,2022-06-29,2022-06,,
3792,kunming,g00156x00128,kunming_station_64045db86af4,金兰路(地铁站),102.6889666,25.0169562,2022-06-29,2022-06,,
3793,kunming,g00158x00130,kunming_station_f6d1f214c44b,严家地(地铁站),102.6970587,25.0236675,2022-06-29,2022-06,,
3794,kunming,g00163x00132,kunming_station_53d36be136ef,华山西路(地铁站),102.7061116,25.0477887,2022-06-29,2022-06,,
3795,kunming,g00165x00133,kunming_station_24b245a4c130,圆通山(地铁站),102.7112762,25.0578085,2022-06-29,2022-06,,
3796,kunming,g00165x00136,kunming_station_3b84df625919,穿金路(地铁站),102.7281949,25.0577509,2022-06-29,2022-06,,
3797,kunming,g00165x00139,kunming_station_ceceaf8346c1,石闸(地铁站),102.7391499,25.0563589,2022-06-29,2022-06,,
3798,kunming,g00166x00140,kunming_station_1a85b84eb110,白龙寺(地铁站),102.7466291,25.0639054,2022-06-29,2022-06,,
3799,kunming,g00168x00141,kunming_station_7d88b0c505a3,世博园(地铁站),102.752851,25.0721428,2022-06-29,2022-06,,
3800,beijing,g00121x00183,beijing_station_8cc4c7bf60cf,太平桥(地铁站),116.3570284,39.9081556,2022-07-30,2022-07,,
3801,chongqing,g00283x00207,chongqing_station_d06f7dadfefb,江津高铁(地铁站),106.2530845,29.345693,2022-08-06,2022-08,,
3802,chongqing,g00292x00208,chongqing_station_85ea82e84ac8,享堂(地铁站),106.2578681,29.3843304,2022-08-06,2022-08,,
3803,chongqing,g00296x00218,chongqing_station_89f479db2175,双福(地铁站),106.3083575,29.4013341,2022-08-06,2022-08,,
3804,chongqing,g00296x00226,chongqing_station_f846600430a3,九龙园(地铁站),106.3506937,29.4015767,2022-08-06,2022-08,,
3805,chongqing,g00297x00240,chongqing_station_1772b1debc2c,石林寺(地铁站),106.4259919,29.4069652,2022-08-06,2022-08,,
3806,fuzhou,g00203x00261,fuzhou_station_4c337776e18e,壶井(地铁站),119.5888925,25.9088927,2022-08-28,2022-08,,
3807,fuzhou,g00205x00259,fuzhou_station_42c705d33f7a,下吴(地铁站),119.578162,25.9154404,2022-08-28,2022-08,,
3808,fuzhou,g00206x00256,fuzhou_station_cd850de2f3d5,莲花(地铁站),119.5665864,25.9224413,2022-08-28,2022-08,,
3809,fuzhou,g00209x00251,fuzhou_station_a5faad18e480,沙京(地铁站),119.5420283,25.9339956,2022-08-28,2022-08,,
3810,fuzhou,g00211x00250,fuzhou_station_33ec03e2c2b4,鹤上(地铁站),119.5339824,25.9436867,2022-08-28,2022-08,,
3811,fuzhou,g00213x00240,fuzhou_station_1ac0ad9ce3d7,航城(地铁站),119.4864445,25.9547844,2022-08-28,2022-08,,
3812,fuzhou,g00213x00248,fuzhou_station_30b75887cb79,吴航(地铁站),119.524338,25.9543195,2022-08-28,2022-08,,
3813,fuzhou,g00214x00237,fuzhou_station_c0da5a61489f,营前(地铁站),119.4694485,25.959722,2022-08-28,2022-08,,
3814,fuzhou,g00215x00242,fuzhou_station_c6f239c1c72d,郑和(地铁站),119.4983935,25.9612476,2022-08-28,2022-08,,
3815,fuzhou,g00215x00245,fuzhou_station_51fd6bf2dda6,十洋(地铁站),119.5105827,25.9612997,2022-08-28,2022-08,,
3816,fuzhou,g00225x00219,fuzhou_station_3e20096605f6,樟岚(地铁站),119.3845178,26.0092124,2022-08-28,2022-08,,
3817,fuzhou,g00227x00214,fuzhou_station_b1409e7a9e3e,林浦(地铁站),119.3604524,26.0189347,2022-08-28,2022-08,,
3818,fuzhou,g00228x00213,fuzhou_station_7f14914e94ab,潘墩(地铁站),119.3528598,26.0237682,2022-08-28,2022-08,,
3819,jinhua,g00149x00099,jinhua_station_3f1656cc56a9,双溪西路(地铁站),119.6390419,29.090983,2022-08-30,2022-08,,
3820,jinhua,g00149x00106,jinhua_station_afced2c8db30,万达广场(地铁站),119.6709704,29.0913704,2022-08-30,2022-08,,
3821,jinhua,g00151x00111,jinhua_station_1ca4910d51af,大堰河街(地铁站),119.6978299,29.1003574,2022-08-30,2022-08,,
3822,jinhua,g00151x00114,jinhua_station_c6f12722d0e0,轨道大厦(地铁站),119.7164513,29.1003678,2022-08-30,2022-08,,
3823,jinhua,g00153x00098,jinhua_station_30be714bf482,金华站(地铁站),119.6316314,29.1103378,2022-08-30,2022-08,,
3824,jinhua,g00155x00117,jinhua_station_83c5d7c609e7,金华南站(地铁站),119.7322495,29.1171291,2022-08-30,2022-08,,
3825,jinhua,g00167x00131,jinhua_station_480a9ec38294,塘雅(地铁站),119.8015892,29.1700177,2022-08-30,2022-08,,
3826,jinhua,g00171x00140,jinhua_station_c28f94232646,综保区(地铁站),119.848739,29.1854982,2022-08-30,2022-08,,
3827,jinhua,g00173x00144,jinhua_station_aaf64eff52e7,新区(地铁站),119.8691358,29.1957248,2022-08-30,2022-08,,
3828,jinhua,g00175x00147,jinhua_station_962a839c9af5,东华街(地铁站),119.8895548,29.2015453,2022-08-30,2022-08,,
3829,jinhua,g00183x00163,jinhua_station_1ab5d538e1c9,义亭(地铁站),119.9682699,29.2395478,2022-08-30,2022-08,,
3830,jinhua,g00191x00171,jinhua_station_dd0aca5c2020,官塘(地铁站),120.0146428,29.2721351,2022-08-30,2022-08,,
3831,jinhua,g00193x00175,jinhua_station_d9f40013c6a7,稠江(地铁站),120.0323649,29.2833952,2022-08-30,2022-08,,
3832,jinhua,g00199x00180,jinhua_station_dde53b210c0b,绣湖(地铁站),120.0582471,29.3082563,2022-08-30,2022-08,,
3833,jinhua,g00204x00184,jinhua_station_37abcad85e72,秦塘(地铁站),120.083515,29.3319223,2022-08-30,2022-08,,
3834,xiamen,g00065x00095,xiamen_station_fef57f19d8c7,浦边(地铁站),118.2585389,24.5830828,2022-09-05,2022-09,,
3835,hangzhou,g00238x00414,hangzhou_station_f3219bae43a3,知行路(地铁站),120.3312077,30.2307128,2022-09-22,2022-09,,
3836,hangzhou,g00240x00407,hangzhou_station_e9d21f1761f3,耕文路(地铁站),120.2972771,30.2423976,2022-09-22,2022-09,,
3837,hangzhou,g00245x00399,hangzhou_station_1d9d7a20195a,平澜路(地铁站),120.2540842,30.2624228,2022-09-22,2022-09,,
3838,hangzhou,g00251x00363,hangzhou_station_71206f08251d,西溪湿地北(地铁站),120.0651062,30.2841341,2022-09-22,2022-09,,
3839,hangzhou,g00253x00346,hangzhou_station_28cf6972d3ae,龙舟北路(地铁站),119.9785315,30.2904595,2022-09-22,2022-09,,
3840,hangzhou,g00256x00346,hangzhou_station_fa190bcd3448,汤家村(地铁站),119.9772891,30.3079921,2022-09-22,2022-09,,
3841,hangzhou,g00258x00346,hangzhou_station_1b50e41fc254,吴山前村(地铁站),119.9755419,30.3138705,2022-09-22,2022-09,,
3842,xian,g00142x00264,xian_station_ab008c30dd64,西安站 (地铁),108.9609,34.27983,2022-09-25,2022-09,,
3843,jinhua,g00194x00209,jinhua_station_25c4ab6d875d,歌山路(地铁站),120.2095164,29.28404,2022-09-28,2022-09,,
3844,dalian,g00076x00095,dalian_station_2c9712156e65,前革(地铁站),121.5129468,38.9822149,2022-09-30,2022-09,,
3845,dalian,g00079x00096,dalian_station_f1d16a730589,中革(地铁站),121.5171699,38.9978771,2022-09-30,2022-09,,
3846,dalian,g00083x00100,dalian_station_2a31a35fc198,后革(地铁站),121.5376072,39.0140153,2022-09-30,2022-09,,
3847,dalian,g00083x00102,dalian_station_7649bd9c268e,卫生中心(地铁站),121.5520242,39.0141934,2022-09-30,2022-09,,
3848,dalian,g00083x00108,dalian_station_43a2e9cf24c1,南关岭(地铁站),121.5839629,39.0171692,2022-09-30,2022-09,,
3849,nanjing,g00222x00086,nanjing_station_e0cb31d52fac,毛纺厂路(地铁站),118.7214202,32.1367845,2022-09-30,2022-09,,
3850,zhengzhou,g00113x00157,zhengzhou_station_54322618ec5b,洞林湖(地铁站),113.476238,34.6696832,2022-09-30,2022-09,,
3851,zhengzhou,g00114x00152,zhengzhou_station_b60949a7e980,贾峪(地铁站),113.4474967,34.6742962,2022-09-30,2022-09,,
3852,zhengzhou,g00114x00161,zhengzhou_station_b9597fd3181d,洞林寺(地铁站),113.4929718,34.6742484,2022-09-30,2022-09,,
3853,zhengzhou,g00118x00164,zhengzhou_station_ad498bb95118,安宁路(地铁站),113.5104385,34.6929416,2022-09-30,2022-09,,
3854,zhengzhou,g00121x00164,zhengzhou_station_aac2c10d8efa,马寨(地铁站),113.5103459,34.7045134,2022-09-30,2022-09,,
3855,zhengzhou,g00123x00164,zhengzhou_station_f9ecc95ec2f6,河南建院(地铁站),113.5115614,34.7154644,2022-09-30,2022-09,,
3856,zhengzhou,g00129x00165,zhengzhou_station_3dae72273762,奥体中心西(地铁站),113.5176303,34.7408328,2022-09-30,2022-09,,
3857,zhengzhou,g00129x00171,zhengzhou_station_8a6ba2c2b451,常庄(地铁站),113.5521747,34.7400719,2022-09-30,2022-09,,
3858,shenzhen,g00200x00125,shenzhen_station_0528b58e03f0,六约北(地铁站),114.1707574,22.6453018,2022-10-28,2022-10,,
3859,shenzhen,g00201x00129,shenzhen_station_875e8b23f623,四联(地铁站),114.1892585,22.6517411,2022-10-28,2022-10,,
3860,shenzhen,g00205x00133,shenzhen_station_d390af1ab4b4,坳背(地铁站),114.2086383,22.6715359,2022-10-28,2022-10,,
3861,shenzhen,g00209x00146,shenzhen_station_bf7977bd95f9,南约(地铁站),114.273244,22.6909345,2022-10-28,2022-10,,
3862,shenzhen,g00209x00150,shenzhen_station_8fc7f20f96b9,宝龙(地铁站),114.2929787,22.6911266,2022-10-28,2022-10,,
3863,shenzhen,g00210x00140,shenzhen_station_66ecb7826ed8,嶂背(地铁站),114.2447145,22.6951373,2022-10-28,2022-10,,
3864,shenzhen,g00210x00160,shenzhen_station_08b335c083ea,坪山围(地铁站),114.3387476,22.6941154,2022-10-28,2022-10,,
3865,shenzhen,g00212x00161,shenzhen_station_1c6f4f8afcb2,坪山广场(地铁站),114.3438428,22.703293,2022-10-28,2022-10,,
3866,shenzhen,g00222x00166,shenzhen_station_9deb2c43f5bd,坑梓(地铁站),114.3660081,22.748044,2022-10-28,2022-10,,
3867,shenzhen,g00224x00172,shenzhen_station_f1b31639a3dd,沙田(地铁站),114.3956329,22.7587868,2022-10-28,2022-10,,
3868,nantong,g00090x00163,nantong_station_f5fdbff9c1f7,大剧院(地铁站),120.9422596,31.9674481,2022-11-10,2022-11,,
3869,nantong,g00092x00154,nantong_station_5b4beb23c506,图书馆(地铁站),120.8921553,31.9764921,2022-11-10,2022-11,,
3870,nantong,g00092x00155,nantong_station_813f78c1d7a1,南通大学(地铁站),120.9022482,31.9780415,2022-11-10,2022-11,,
3871,nantong,g00093x00152,nantong_station_56227fa5dc8d,世纪大道(地铁站),120.8847083,31.9806431,2022-11-10,2022-11,,
3872,nantong,g00093x00160,nantong_station_59e282a9189e,崇州大道(地铁站),120.9275449,31.9798322,2022-11-10,2022-11,,
3873,nantong,g00095x00152,nantong_station_d276c6656dc1,政务中心(地铁站),120.8822041,31.9896547,2022-11-10,2022-11,,
3874,nantong,g00097x00151,nantong_station_dfc0d3388702,慈善博物馆(地铁站),120.880405,31.9994608,2022-11-10,2022-11,,
3875,nantong,g00099x00151,nantong_station_113ccbb91450,文峰(地铁站),120.8796958,32.0081253,2022-11-10,2022-11,,
3876,nantong,g00101x00145,nantong_station_15414081619d,孩儿巷(地铁站),120.8450796,32.0179002,2022-11-10,2022-11,,
3877,nantong,g00101x00146,nantong_station_0326eb5c3e43,和平桥(地铁站),120.8537596,32.0180933,2022-11-10,2022-11,,
3878,nantong,g00101x00151,nantong_station_a4a5bb2ce060,学田(地铁站),120.8778856,32.0168059,2022-11-10,2022-11,,
3879,nantong,g00102x00148,nantong_station_0484bbf014ed,友谊桥(地铁站),120.8638994,32.019998,2022-11-10,2022-11,,
3880,nantong,g00103x00139,nantong_station_5f4e046d6044,曙光(地铁站),120.8156531,32.025747,2022-11-10,2022-11,,
3881,nantong,g00105x00139,nantong_station_92d83de8a0b1,城港路(地铁站),120.8113823,32.0337259,2022-11-10,2022-11,,
3882,nantong,g00107x00140,nantong_station_23ed8ee04d1f,十里坊(地铁站),120.8181387,32.0455031,2022-11-10,2022-11,,
3883,nantong,g00112x00141,nantong_station_3bed0c5014cd,普贤路(地铁站),120.8246732,32.0647746,2022-11-10,2022-11,,
3884,nantong,g00114x00139,nantong_station_8ef941290fb5,唐闸公园(地铁站),120.8139334,32.0731333,2022-11-10,2022-11,,
3885,nantong,g00121x00129,nantong_station_9428c2033624,南通西站(地铁站),120.7611995,32.1037225,2022-11-10,2022-11,,
3886,nantong,g00122x00128,nantong_station_d78499c6e262,平潮(地铁站),120.7533359,32.108103,2022-11-10,2022-11,,
3887,tianjin,g00128x00099,tianjin_station_b057bf6331c6,于台(地铁站),117.1562013,39.0454456,2022-11-18,2022-11,,
3888,tianjin,g00130x00101,tianjin_station_98a5f7557670,瑶环路(地铁站),117.1686135,39.0536917,2022-11-18,2022-11,,
3889,tianjin,g00130x00103,tianjin_station_af46dddb3893,昌凌路(地铁站),117.1783734,39.0557064,2022-11-18,2022-11,,
3890,tianjin,g00132x00104,tianjin_station_d0b51f7526b9,丽江道(地铁站),117.1878642,39.0617613,2022-11-18,2022-11,,
3891,tianjin,g00132x00106,tianjin_station_d42ee39ecc22,江湾二支路(地铁站),117.1995739,39.0628131,2022-11-18,2022-11,,
3892,tianjin,g00132x00108,tianjin_station_2bf8f69eb856,友谊南路(地铁站),117.2112456,39.0628351,2022-11-18,2022-11,,
3893,tianjin,g00132x00110,tianjin_station_a01899250e6d,南珠桥站,117.22135,39.0627,2022-11-18,2022-11,,
3894,tianjin,g00132x00113,tianjin_station_01ae287a8414,春海路(地铁站),117.2367939,39.0620075,2022-11-18,2022-11,,
3895,tianjin,g00132x00114,tianjin_station_ac1ba4dcfb59,玛钢厂(地铁站),117.2464544,39.0615933,2022-11-18,2022-11,,
3896,tianjin,g00132x00116,tianjin_station_95d76f54ab89,微山路(地铁站),117.253476,39.0619683,2022-11-18,2022-11,,
3897,tianjin,g00132x00119,tianjin_station_86a0ca3b1951,财经大学(地铁站),117.2706243,39.0629716,2022-11-18,2022-11,,
3898,tianjin,g00134x00120,tianjin_station_a7a7e427b96d,柳林路(地铁站),117.2784689,39.0711928,2022-11-18,2022-11,,
3899,tianjin,g00141x00120,tianjin_station_da4227f80254,金贸产业园(地铁站),117.2813621,39.1018122,2022-11-18,2022-11,,
3900,tianjin,g00142x00121,tianjin_station_c019fcb7517c,方山道站,117.28318,39.10913,2022-11-18,2022-11,,
3901,tianjin,g00144x00121,tianjin_station_2b376d57eacd,沙柳南路站,117.28285,39.11637,2022-11-18,2022-11,,
3902,tianjin,g00146x00120,tianjin_station_b4994d583f99,万山道站,117.28132,39.12377,2022-11-18,2022-11,,
3903,tianjin,g00147x00120,tianjin_station_230865f4fdcd,香山道(地铁站),117.2802008,39.1306652,2022-11-18,2022-11,,
3904,tianjin,g00149x00120,tianjin_station_57db7058bcf6,崂山道(地铁站),117.2772758,39.1376806,2022-11-18,2022-11,,
3905,tianjin,g00151x00119,tianjin_station_c18f08db4b94,屿东城(地铁站),117.2735297,39.1461938,2022-11-18,2022-11,,
3906,shenzhen,g00162x00067,shenzhen_station_7d7a697116bf,左炮台东(地铁站),113.8948528,22.4729647,2022-11-28,2022-11,,
3907,shenzhen,g00163x00070,shenzhen_station_8cdd10bf831f,太子湾(地铁站),113.9062607,22.475859,2022-11-28,2022-11,,
3908,shenzhen,g00166x00071,shenzhen_station_c2a68e43dc7a,海上世界(地铁站),113.9102546,22.4881522,2022-11-28,2022-11,,
3909,shenzhen,g00168x00072,shenzhen_station_9c81e2920c37,花果山(地铁站),113.9141889,22.4974005,2022-11-28,2022-11,,
3910,shenzhen,g00171x00073,shenzhen_station_825555b5649e,南油(地铁站),113.9209371,22.5133881,2022-11-28,2022-11,,
3911,shenzhen,g00173x00073,shenzhen_station_ee387599b71e,南光(地铁站),113.9193473,22.5196355,2022-11-28,2022-11,,
3912,shenzhen,g00174x00073,shenzhen_station_c594a57efe9a,南山(地铁站),113.9186231,22.527081,2022-11-28,2022-11,,
3913,shenzhen,g00176x00073,shenzhen_station_13610246c761,桃园(地铁站),113.9199202,22.5345483,2022-11-28,2022-11,,
3914,shenzhen,g00179x00073,shenzhen_station_5ce38234a5f0,中山公园(地铁站),113.9183637,22.5500639,2022-11-28,2022-11,,
3915,shenzhen,g00182x00072,shenzhen_station_b78437a938d7,同乐南(地铁站),113.9138511,22.559278,2022-11-28,2022-11,,
3916,shenzhen,g00183x00070,shenzhen_station_0b570e9c94f9,新安公园(地铁站),113.906021,22.565353,2022-11-28,2022-11,,
3917,shenzhen,g00184x00069,shenzhen_station_147a78fc5d3a,灵芝(地铁站),113.8992926,22.572015,2022-11-28,2022-11,,
3918,shenzhen,g00186x00067,shenzhen_station_b858c21f6966,上川(地铁站),113.8902558,22.5808872,2022-11-28,2022-11,,
3919,shenzhen,g00189x00065,shenzhen_station_7fa911630576,宝安客运站(地铁站),113.8787856,22.5923738,2022-11-28,2022-11,,
3920,shenzhen,g00190x00064,shenzhen_station_69e3c7fa36db,宝田一路(地铁站),113.8735799,22.5975597,2022-11-28,2022-11,,
3921,shenzhen,g00192x00062,shenzhen_station_08db6ac2f6ad,平峦山(地铁站),113.8648571,22.606209,2022-11-28,2022-11,,
3922,shenzhen,g00194x00060,shenzhen_station_14e5c953aaeb,西乡桃源(地铁站),113.8574178,22.6140339,2022-11-28,2022-11,,
3923,shenzhen,g00196x00060,shenzhen_station_171b5dda58da,钟屋南(地铁站),113.8540126,22.6218826,2022-11-28,2022-11,,
3924,shenzhen,g00198x00057,shenzhen_station_7e12fb803eb2,黄田(地铁站),113.8407112,22.6331896,2022-11-28,2022-11,,
3925,shenzhen,g00201x00055,shenzhen_station_5b497cb832c5,兴围(地铁站),113.8294838,22.6458267,2022-11-28,2022-11,,
3926,shenzhen,g00204x00052,shenzhen_station_f3445f341d7a,福围(地铁站),113.816141,22.6597738,2022-11-28,2022-11,,
3927,shenzhen,g00206x00052,shenzhen_station_c1baeac580cc,怀德(地铁站),113.8138483,22.6695844,2022-11-28,2022-11,,
3928,shenzhen,g00208x00049,shenzhen_station_f9fc6df282ef,福永(地铁站),113.8009968,22.6764648,2022-11-28,2022-11,,
3929,shenzhen,g00210x00047,shenzhen_station_0ea28124e3dc,桥头西(地铁站),113.7923285,22.6859835,2022-11-28,2022-11,,
3930,shenzhen,g00211x00046,shenzhen_station_f7cd15d8717d,福海西(地铁站),113.7843567,22.6912587,2022-11-28,2022-11,,
3931,shenzhen,g00213x00043,shenzhen_station_ab2ac9385797,国展(地铁站),113.7728445,22.6986253,2022-11-28,2022-11,,
3932,shenzhen,g00215x00043,shenzhen_station_b3ffb5e57f8f,国展北(地铁站),113.7717562,22.7059844,2022-11-28,2022-11,,
3933,shenzhen,g00218x00043,shenzhen_station_1247c5c34919,海上田园南(地铁站),113.7694265,22.7209332,2022-11-28,2022-11,,
3934,shenzhen,g00221x00044,shenzhen_station_d99e0060b605,海上田园东(地铁站),113.7760979,22.7340451,2022-11-28,2022-11,,
3935,shenzhen,g00233x00079,shenzhen_station_0b6c574cf92d,圳美(地铁站),113.9443747,22.7907651,2022-11-28,2022-11,,
3936,shenzhen,g00235x00080,shenzhen_station_b97ae47a79ef,中大(地铁站),113.9484368,22.7993726,2022-11-28,2022-11,,
3937,shenzhen,g00237x00083,shenzhen_station_8b72a74b897b,深理工(地铁站),113.9636585,22.8092772,2022-11-28,2022-11,,
3938,foshan,g00100x00192,foshan_station_1da67ea113f8,林岳西(地铁站),113.2318441,22.9964789,2022-11-29,2022-11,,
3939,foshan,g00102x00192,foshan_station_30697953bebf,林岳北(地铁站),113.2283278,23.0061349,2022-11-29,2022-11,,
3940,foshan,g00105x00192,foshan_station_7c1b2f552269,文翰湖公园(季华实验室)(地铁站),113.2305358,23.0217104,2022-11-29,2022-11,,
3941,ningbo,g00282x00183,ningbo_station_2d3ac7d60561,招宝山(地铁站),121.7121676,29.9524676,2022-12-01,2022-12,,
3942,hangzhou,g00250x00396,hangzhou_station_30d0165ea260,五堡(地铁站),120.2376316,30.2830983,2022-12-14,2022-12,,
3943,hangzhou,g00251x00398,hangzhou_station_b2f4bdc9bfe6,六堡(地铁站),120.2466902,30.2886927,2022-12-14,2022-12,,
3944,hefei,g00189x00134,hefei_station_d0c833e51f08,清水冲(地铁站),117.2809345,31.7151477,2022-12-26,2022-12,,
3945,hefei,g00210x00134,hefei_station_cff23212b784,望湖城西(地铁站),117.2835576,31.8107652,2022-12-26,2022-12,,
3946,hefei,g00218x00131,hefei_station_c4842b6ed8a8,中国科大东区(地铁站),117.2676093,31.8436651,2022-12-26,2022-12,,
3947,hefei,g00220x00132,hefei_station_e620877e81c0,稻香楼(地铁站),117.2686251,31.8514287,2022-12-26,2022-12,,
3948,hefei,g00224x00132,hefei_station_6d53a2ccb003,杏花公园(地铁站),117.2732531,31.8728015,2022-12-26,2022-12,,
3949,hefei,g00226x00132,hefei_station_8f32501e38d1,白水坝(地铁站),117.2731386,31.8805462,2022-12-26,2022-12,,
3950,hefei,g00230x00132,hefei_station_bd97187408cf,北五里井(地铁站),117.2699895,31.9004976,2022-12-26,2022-12,,
3951,hefei,g00234x00131,hefei_station_8be98a87b5c5,菱湖公园(地铁站),117.2667916,31.9158629,2022-12-26,2022-12,,
3952,qingdao,g00150x00172,qingdao_station_71f9fd5ec189,信号山(青大附院)(地铁站),120.3224533,36.0650682,2022-12-26,2022-12,,
3953,qingdao,g00157x00176,qingdao_station_57517cb2ce43,海泊河公园(地铁站),120.3461792,36.0963142,2022-12-26,2022-12,,
3954,qingdao,g00157x00184,qingdao_station_9bb96446406e,福辽立交桥(地铁站),120.3904638,36.0960488,2022-12-26,2022-12,,
3955,qingdao,g00157x00186,qingdao_station_fbdedd11bc46,洪山坡(妇儿医院)(地铁站),120.398285,36.0989431,2022-12-26,2022-12,,
3956,qingdao,g00159x00188,qingdao_station_eeb79f1943d0,劲松三路(地铁站),120.410344,36.1046405,2022-12-26,2022-12,,
3957,qingdao,g00159x00190,qingdao_station_9e38ebd5a847,埠西(地铁站),120.4198705,36.1059168,2022-12-26,2022-12,,
3958,qingdao,g00161x00211,qingdao_station_e1dac5335ae3,沙子口(地铁站),120.539504,36.1185568,2022-12-26,2022-12,,
3959,qingdao,g00162x00209,qingdao_station_f5690b995842,小崂山(地铁站),120.5278638,36.1226749,2022-12-26,2022-12,,
3960,qingdao,g00162x00214,qingdao_station_37bba054f723,段家埠(地铁站),120.5516548,36.1243909,2022-12-26,2022-12,,
3961,qingdao,g00163x00196,qingdao_station_bcd7c057a271,董家下庄(地铁站),120.4565339,36.1255214,2022-12-26,2022-12,,
3962,qingdao,g00164x00207,qingdao_station_0d5f8ae189e6,南宅科(地铁站),120.516788,36.1309902,2022-12-26,2022-12,,
3963,qingdao,g00164x00217,qingdao_station_1d61f3369a30,登瀛(地铁站),120.5697615,36.1333085,2022-12-26,2022-12,,
3964,qingdao,g00164x00219,qingdao_station_21ae9b066603,大河东(地铁站),120.5813472,36.1314379,2022-12-26,2022-12,,
3965,qingdao,g00165x00197,qingdao_station_b4776c9a2318,科苑经七路(地铁站),120.4615747,36.1350646,2022-12-26,2022-12,,
3966,qingdao,g00165x00204,qingdao_station_5042a08e3ab0,彭家庄(地铁站),120.4969338,36.1365589,2022-12-26,2022-12,,
3967,foshan,g00065x00196,foshan_station_c5ab6d5a1e23,大良钟楼(地铁站),113.2477508,22.8422324,2022-12-28,2022-12,,
3968,foshan,g00074x00188,foshan_station_058365e089c1,伦教(地铁站),113.2088577,22.8831025,2022-12-28,2022-12,,
3969,foshan,g00081x00188,foshan_station_4c28b3b0d451,广教(地铁站),113.2072098,22.9120497,2022-12-28,2022-12,,
3970,foshan,g00088x00173,foshan_station_65c66efad2aa,岳步(地铁站),113.1392322,22.945626,2022-12-28,2022-12,,
3971,foshan,g00090x00170,foshan_station_2bda281873fe,大墩(地铁站),113.1239572,22.9563508,2022-12-28,2022-12,,
3972,foshan,g00090x00180,foshan_station_0cc0ccbc53b4,北滘西站(地铁站),113.1727509,22.9547709,2022-12-28,2022-12,,
3973,foshan,g00101x00170,foshan_station_10355c37b6c2,亚艺公园(地铁站),113.1238829,23.0044471,2022-12-28,2022-12,,
3974,jinhua,g00148x00101,jinhua_station_7cf323611cb2,八一南街(地铁站),119.650028,29.0845724,2022-12-28,2022-12,,
3975,jinhua,g00194x00214,jinhua_station_908e8b18d32b,人民路(地铁站),120.2348572,29.2801098,2022-12-28,2022-12,,
3976,jinhua,g00198x00204,jinhua_station_11ef390905bc,木雕城(地铁站),120.1813676,29.3000481,2022-12-28,2022-12,,
3977,jinhua,g00203x00196,jinhua_station_3d819d6c9292,江东(地铁站),120.1418673,29.3245041,2022-12-28,2022-12,,
3978,jinhua,g00205x00187,jinhua_station_ac3b9fb4f3ea,国际商贸城(地铁站),120.0978742,29.3339122,2022-12-28,2022-12,,
3979,jinhua,g00205x00191,jinhua_station_7f8a2a59e929,浙医四院(地铁站),120.1183008,29.3327802,2022-12-28,2022-12,,
3980,jinhua,g00206x00181,jinhua_station_13bcf3a5ad5a,春晗(地铁站),120.0653233,29.339534,2022-12-28,2022-12,,
3981,jinhua,g00209x00178,jinhua_station_089cd324d3ce,凌云(地铁站),120.052723,29.3537614,2022-12-28,2022-12,,
3982,nanjing,g00215x00095,nanjing_station_2b27d971c1d0,幕府西路(地铁站),118.7660526,32.1075883,2022-12-28,2022-12,,
3983,nanjing,g00216x00112,nanjing_station_e54ebce92804,丁家庄南(地铁站),118.854845,32.1098554,2022-12-28,2022-12,,
3984,nanjing,g00217x00100,nanjing_station_bd4e03f6596d,幕府山(地铁站),118.7934765,32.1163928,2022-12-28,2022-12,,
3985,nanjing,g00217x00110,nanjing_station_91ee6a71573b,丁家庄(地铁站),118.8448107,32.1137271,2022-12-28,2022-12,,
3986,nanjing,g00218x00104,nanjing_station_14756fdde3c6,晓庄(地铁站),118.8133701,32.1193536,2022-12-28,2022-12,,
3987,nanjing,g00218x00115,nanjing_station_3766e5b9f4cb,尧化新村(地铁站),118.8706734,32.117457,2022-12-28,2022-12,,
3988,nanjing,g00219x00107,nanjing_station_d536c74d4631,万寿站,118.82976,32.12212,2022-12-28,2022-12,,
3989,nanjing,g00220x00104,nanjing_station_4db80783b72d,吉祥庵(地铁站),118.8161972,32.1287657,2022-12-28,2022-12,,
3990,nanjing,g00220x00117,nanjing_station_5cd98a5279c8,尧化门(地铁站),118.8828351,32.1248753,2022-12-28,2022-12,,
3991,nanjing,g00221x00119,nanjing_station_cbbbf37aa17a,仙新路站,118.89329,32.13063,2022-12-28,2022-12,,
3992,nanjing,g00222x00104,nanjing_station_834a9330bcbd,燕子矶(地铁站),118.8167725,32.1382465,2022-12-28,2022-12,,
3993,nanjing,g00224x00106,nanjing_station_c78dbbfaaa39,笆斗山(地铁站),118.8244712,32.1455743,2022-12-28,2022-12,,
3994,nanjing,g00224x00108,nanjing_station_71cd4460c4bd,八卦洲大桥南(地铁站),118.8371555,32.1477422,2022-12-28,2022-12,,
3995,shenzhen,g00208x00163,shenzhen_station_8441ba714444,比亚迪北(地铁站),114.3561507,22.6848216,2022-12-28,2022-12,,
3996,shenzhen,g00209x00163,shenzhen_station_445c6264989b,龙背(地铁站),114.3545571,22.6900047,2022-12-28,2022-12,,
3997,shenzhen,g00210x00163,shenzhen_station_cbdecd0b12de,自然博物馆西(地铁站),114.3532743,22.6946186,2022-12-28,2022-12,,
3998,shenzhen,g00211x00162,shenzhen_station_b6656c3396fb,未来城(地铁站),114.3476709,22.701104,2022-12-28,2022-12,,
3999,shenzhen,g00213x00156,shenzhen_station_2e0af2817198,坪山高铁站(地铁站),114.3228195,22.7083597,2022-12-28,2022-12,,
4000,shenzhen,g00214x00159,shenzhen_station_f114ad043159,站前路东(地铁站),114.3355811,22.7111988,2022-12-28,2022-12,,
4001,shenzhen,g00214x00160,shenzhen_station_d7d6ec5cd88e,文化聚落(地铁站),114.3406147,22.7128732,2022-12-28,2022-12,,
4002,shenzhen,g00214x00162,shenzhen_station_4cf977559cd8,中芯国际(地铁站),114.350859,22.7142203,2022-12-28,2022-12,,
4003,shenzhen,g00214x00163,shenzhen_station_1e8c86b4456c,综合保税区(地铁站),114.3562548,22.7119815,2022-12-28,2022-12,,
4004,taizhou,g00094x00242,taizhou_station_09ca52ae82ce,城南(地铁站),121.40747,28.32703,2022-12-28,2022-12,,
4005,taizhou,g00103x00237,taizhou_station_1560d8b72337,南屏(地铁站),121.3817779,28.3668756,2022-12-28,2022-12,,
4006,taizhou,g00108x00237,taizhou_station_dba190b83b7a,万昌路(地铁站),121.3786,28.389,2022-12-28,2022-12,,
4007,taizhou,g00109x00232,taizhou_station_b01f5721bc42,九龙大道(地铁站),121.3555784,28.3960416,2022-12-28,2022-12,,
4008,taizhou,g00112x00229,taizhou_station_41bfe316814e,温岭第一人民医院(地铁站),121.3389028,28.4077442,2022-12-28,2022-12,,
4009,taizhou,g00118x00227,taizhou_station_dc89a35813c5,汇川王(地铁站),121.3288623,28.4365429,2022-12-28,2022-12,,
4010,taizhou,g00128x00226,taizhou_station_d0c3e98b07c6,温岭火车站(地铁站),121.3222344,28.481999,2022-12-28,2022-12,,
4011,taizhou,g00132x00228,taizhou_station_dbced110e6fb,泽国(地铁站),121.3332967,28.499238,2022-12-28,2022-12,,
4012,taizhou,g00148x00226,taizhou_station_a081a4931906,台州汽车南站(地铁站),121.3243268,28.570802,2022-12-28,2022-12,,
4013,taizhou,g00152x00228,taizhou_station_197c34f7934c,恩泽医院(地铁站),121.3328096,28.5901228,2022-12-28,2022-12,,
4014,taizhou,g00155x00234,taizhou_station_b0e38ddaa980,锦泰(地铁站),121.364421,28.6015163,2022-12-28,2022-12,,
4015,taizhou,g00157x00238,taizhou_station_9ab8732dcbfb,汇丰路(地铁站),121.3844196,28.6135604,2022-12-28,2022-12,,
4016,taizhou,g00160x00240,taizhou_station_69e9e8a129c2,国博中心(地铁站),121.3951826,28.6240962,2022-12-28,2022-12,,
4017,taizhou,g00163x00241,taizhou_station_0a58a023d2d6,学院路(地铁站),121.3983241,28.640938,2022-12-28,2022-12,,
4018,taizhou,g00167x00235,taizhou_station_91191623b63a,台州火车站站,121.3686,28.6554,2022-12-28,2022-12,,
4019,xian,g00136x00254,xian_station_6e6074fe554c,大唐西市(地铁站),108.9054633,34.2531858,2022-12-29,2022-12,,
4020,xian,g00136x00268,xian_station_de5dac2ba3e7,交通大学·兴庆宫(地铁站),108.9824695,34.2526081,2022-12-29,2022-12,,
4021,xian,g00136x00272,xian_station_3301faea8803,公园南路(地铁站),109.0015723,34.2525671,2022-12-29,2022-12,,
4022,xian,g00136x00273,xian_station_0a2747c4a304,万寿南路(地铁站),109.0094396,34.2525875,2022-12-29,2022-12,,
4023,xian,g00136x00275,xian_station_9d2b2866477c,卫星测控中心(地铁站),109.0214263,34.252464,2022-12-29,2022-12,,
4024,xian,g00136x00278,xian_station_b3172cbb3d63,田家湾站,109.03771,34.25255,2022-12-29,2022-12,,
4025,xian,g00136x00281,xian_station_1aec18e75e14,穆将王(地铁站),109.0516374,34.2527073,2022-12-29,2022-12,,
4026,xian,g00137x00282,xian_station_e0f31ece1eff,纺六路(地铁站),109.05906,34.2590834,2022-12-29,2022-12,,
4027,xian,g00138x00256,xian_station_d0ffa31d87ce,安定门(地铁站),108.9176057,34.2609169,2022-12-29,2022-12,,
4028,xian,g00138x00258,xian_station_ffe14a7bce3c,桥梓口(地铁站),108.9256171,34.260997,2022-12-29,2022-12,,
4029,xian,g00138x00260,xian_station_f2b28f35db46,广济街(地铁站),108.9348299,34.2609705,2022-12-29,2022-12,,
4030,xian,g00138x00266,xian_station_854bb677e729,长乐门站,108.97092,34.26074,2022-12-29,2022-12,,
4031,xian,g00140x00282,xian_station_d0b7edc3437a,纺二路(地铁站),109.0579338,34.2710763,2022-12-29,2022-12,,
4032,wuhan,g00084x00092,wuhan_station_43e5422f08ca,通航机场(地铁站),114.057278,30.2720813,2022-12-30,2022-12,,
4033,wuhan,g00086x00090,wuhan_station_82d13d7f5273,纱帽(地铁站),114.0464808,30.2826586,2022-12-30,2022-12,,
4034,wuhan,g00168x00125,wuhan_station_22435f741d21,马池(地铁站),114.2199542,30.65798,2022-12-30,2022-12,,
4035,wuhan,g00178x00128,wuhan_station_91fee9796ce9,汤云海路(地铁站),114.2324195,30.7021729,2022-12-30,2022-12,,
4036,wuhan,g00181x00131,wuhan_station_f4bfe5ee7520,巨龙大道(地铁站),114.2484188,30.7140065,2022-12-30,2022-12,,
4037,wuhan,g00184x00132,wuhan_station_03e2ffeb2d6b,腾龙大道(地铁站),114.2544304,30.7302578,2022-12-30,2022-12,,
4038,wuhan,g00192x00134,wuhan_station_4679fad31170,天阳大道(地铁站),114.26479,30.7678745,2022-12-30,2022-12,,
4039,wuhan,g00197x00136,wuhan_station_598f905872b7,裕福路(地铁站),114.2728729,30.7880924,2022-12-30,2022-12,,
4040,wuhan,g00201x00138,wuhan_station_be667e19274a,横店(地铁站),114.2843085,30.8066206,2022-12-30,2022-12,,
4041,beijing,g00104x00167,beijing_station_2b848e88ca94,看丹(地铁站),116.2664922,39.8336882,2022-12-31,2022-12,,
4042,beijing,g00105x00165,beijing_station_b050286ff345,榆树庄(地铁站),116.2529436,39.8375282,2022-12-31,2022-12,,
4043,beijing,g00105x00170,beijing_station_cf8b600d5ae8,富丰桥(地铁站),116.2809796,39.8349904,2022-12-31,2022-12,,
4044,beijing,g00109x00176,beijing_station_6b70a881ce07,东管头南(地铁站),116.3169919,39.8541626,2022-12-31,2022-12,,
4045,beijing,g00114x00178,beijing_station_bdf4f64f6a91,红莲南路(地铁站),116.3305181,39.8762065,2022-12-31,2022-12,,
4046,zhengzhou,g00128x00163,zhengzhou_station_fd17f85910da,金桢路(地铁站),113.5064567,34.7357439,2023-01-16,2023-01,,
4047,chongqing,g00327x00267,chongqing_station_1a6b95793652,后堡(地铁站),106.5654355,29.5414023,2023-01-18,2023-01,,
4048,chongqing,g00332x00264,chongqing_station_97e016f3fe60,大礼堂(地铁站),106.5519642,29.5646009,2023-01-18,2023-01,,
4049,chongqing,g00364x00272,chongqing_station_5b41d9b3aebc,春华大道(地铁站),106.5960328,29.7092263,2023-01-18,2023-01,,
4050,chongqing,g00366x00272,chongqing_station_aac6a09259c4,兰桂大道(地铁站),106.5927412,29.717127,2023-01-18,2023-01,,
4051,chongqing,g00373x00269,chongqing_station_f304a9aab3a6,丛岩寺(地铁站),106.5814777,29.7473306,2023-01-18,2023-01,,
4052,chongqing,g00375x00270,chongqing_station_0f1b55ebcaad,花石沟(地铁站),106.586612,29.7555267,2023-01-18,2023-01,,
4053,beijing,g00138x00181,beijing_station_ad425c74596f,学院桥(地铁站),116.3472378,39.9868447,2023-02-04,2023-02,,
4054,beijing,g00144x00181,beijing_station_04ac076f5ff2,学知园(地铁站),116.3459939,40.0136506,2023-02-04,2023-02,,
4055,beijing,g00149x00180,beijing_station_dbe9217a1654,清河小营桥站,116.3370411,40.03357,2023-02-04,2023-02,,
4056,hangzhou,g00243x00397,hangzhou_station_6f87f9e9aa3e,丰北站,120.2454283,30.2520605,2023-02-21,2023-02,,
4057,hangzhou,g00245x00397,hangzhou_station_eb9c9630fb07,亚运村(地铁站),120.2429216,30.2601424,2023-02-21,2023-02,,
4058,chongqing,g00364x00266,chongqing_station_17fef489035c,甘悦大道(地铁站),106.5653678,29.7057688,2023-02-27,2023-02,,
4059,chongqing,g00365x00267,chongqing_station_97b40ab1af18,鲁家沟(地铁站),106.5675322,29.7141239,2023-02-27,2023-02,,
4060,chongqing,g00370x00267,chongqing_station_69aff189639f,椿萱大道(地铁站),106.5671235,29.7366936,2023-02-27,2023-02,,
4061,chongqing,g00373x00266,chongqing_station_5af6a3a55446,悦港大道(地铁站),106.5656436,29.7476621,2023-02-27,2023-02,,
4062,chongqing,g00375x00266,chongqing_station_8e462b1da9c9,悦港北路(地铁站),106.5658182,29.7562961,2023-02-27,2023-02,,
4063,dalian,g00052x00122,dalian_station_c7444113b45d,虎滩公园(地铁站),121.6686209,38.8772641,2023-03-17,2023-03,,
4064,dalian,g00052x00124,dalian_station_af2a14ed006d,虎滩新区(地铁站),121.68092,38.8771059,2023-03-17,2023-03,,
4065,dalian,g00053x00120,dalian_station_79822b415f8b,秀月街(地铁站),121.6544665,38.88263,2023-03-17,2023-03,,
4066,dalian,g00054x00118,dalian_station_8899058753d2,桃源(地铁站),121.6465002,38.8865112,2023-03-17,2023-03,,
4067,dalian,g00056x00118,dalian_station_7350ec63500b,青云街(地铁站),121.6438126,38.8934849,2023-03-17,2023-03,,
4068,dalian,g00057x00117,dalian_station_90dc942beac1,石葵路(地铁站),121.6398612,38.8999537,2023-03-17,2023-03,,
4069,dalian,g00069x00113,dalian_station_b09a86958b0c,梭鱼湾南(地铁站),121.6145615,38.9529271,2023-03-17,2023-03,,
4070,dalian,g00071x00114,dalian_station_ef936d8032ce,梭鱼湾(地铁站),121.62052,38.9614,2023-03-17,2023-03,,
4071,dalian,g00073x00114,dalian_station_13352e068a53,甘井子街(地铁站),121.6220623,38.973161,2023-03-17,2023-03,,
4072,dalian,g00075x00115,dalian_station_543bd0587880,甘北路(地铁站),121.6266257,38.9794475,2023-03-17,2023-03,,
4073,dalian,g00078x00117,dalian_station_71f2e4e57931,中华东路(地铁站),121.6346545,38.9952685,2023-03-17,2023-03,,
4074,dalian,g00080x00116,dalian_station_9ba301d38162,泉水东(地铁站),121.6310093,39.0053616,2023-03-17,2023-03,,
4075,dalian,g00091x00116,dalian_station_465ca9e0b463,后关(地铁站),121.6318827,39.0517485,2023-03-17,2023-03,,
4076,beijing,g00126x00178,beijing_station_60c24c4d9730,二里沟(地铁站),116.327551,39.9310867,2023-03-18,2023-03,,
4077,zhengzhou,g00125x00168,zhengzhou_station_8d284f58f7ce,莲湖(地铁站),113.5350439,34.7241427,2023-05-12,2023-05,,
4078,changchun,g00156x00236,changchun_station_bf1637cd325c,天新路(地铁站),125.3599069,43.7526898,2023-06-06,2023-06,,
4079,changchun,g00158x00236,changchun_station_9ef57eac95d7,前十里堡(地铁站),125.3597419,43.760879,2023-06-06,2023-06,,
4080,changchun,g00159x00236,changchun_station_2f5fc41119c7,天普路(地铁站),125.359588,43.7688391,2023-06-06,2023-06,,
4081,changchun,g00161x00235,changchun_station_eb1a434266bf,天青路(地铁站),125.3594421,43.7759249,2023-06-06,2023-06,,
4082,changchun,g00163x00236,changchun_station_99fa40822b58,福祉大路(地铁站),125.3605346,43.7848989,2023-06-06,2023-06,,
4083,shanghai,g00160x00059,shanghai_station_78898a869843,菉葭站,121.0417542,31.3101175,2023-06-24,2023-06,,
4084,suzhou,g00133x00244,suzhou_station_83c4a62b7d71,集善(地铁站),121.0748659,31.2973725,2023-06-24,2023-06,,
4085,suzhou,g00134x00241,suzhou_station_e5eaed63688a,花桥博览中心(地铁站),121.0592301,31.2993064,2023-06-24,2023-06,,
4086,suzhou,g00134x00247,suzhou_station_bcfd6fee0400,花溪公园(地铁站),121.0871065,31.3005094,2023-06-24,2023-06,,
4087,suzhou,g00134x00249,suzhou_station_dad6cb193a68,花桥(地铁站),121.0999792,31.30125,2023-06-24,2023-06,,
4088,suzhou,g00136x00238,suzhou_station_6376c521076d,菉葭(地铁站),121.0415607,31.3105802,2023-06-24,2023-06,,
4089,suzhou,g00139x00237,suzhou_station_c6509120aca4,神童泾(地铁站),121.0355778,31.3219308,2023-06-24,2023-06,,
4090,suzhou,g00142x00239,suzhou_station_a8ba8e492575,夏桥(地铁站),121.0442433,31.3367168,2023-06-24,2023-06,,
4091,suzhou,g00145x00239,suzhou_station_a841a4cb1559,章基路南(地铁站),121.0450108,31.3531575,2023-06-24,2023-06,,
4092,suzhou,g00148x00239,suzhou_station_fedd41201c5a,盛庄(地铁站),121.0450396,31.3665501,2023-06-24,2023-06,,
4093,suzhou,g00152x00191,suzhou_station_ebd3e80bc909,草鞋山(地铁站),120.7956342,31.3781784,2023-06-24,2023-06,,
4094,suzhou,g00152x00216,suzhou_station_a5def7c0507f,江浦(地铁站),120.9242319,31.3826312,2023-06-24,2023-06,,
4095,suzhou,g00152x00239,suzhou_station_087c32c36102,夏驾河公园(地铁站),121.0431713,31.3806116,2023-06-24,2023-06,,
4096,suzhou,g00153x00200,suzhou_station_11f52060662e,阳澄湖东(地铁站),120.8393832,31.3826011,2023-06-24,2023-06,,
4097,suzhou,g00153x00203,suzhou_station_de126e81342b,正仪(地铁站),120.856598,31.3844578,2023-06-24,2023-06,,
4098,suzhou,g00153x00207,suzhou_station_b0d161eb83d9,莲湖公园(地铁站),120.8775106,31.3845492,2023-06-24,2023-06,,
4099,suzhou,g00153x00209,suzhou_station_1c8d6be6f664,祖冲之公园(地铁站),120.890556,31.3833929,2023-06-24,2023-06,,
4100,suzhou,g00153x00211,suzhou_station_946834ec57a7,昆山文化艺术中心(地铁站),120.900558,31.3834927,2023-06-24,2023-06,,
4101,suzhou,g00153x00214,suzhou_station_bede1d35fe19,共青(地铁站),120.9144162,31.3834125,2023-06-24,2023-06,,
4102,suzhou,g00153x00219,suzhou_station_60e95c26e4c5,白马泾(地铁站),120.9386677,31.3832533,2023-06-24,2023-06,,
4103,suzhou,g00153x00221,suzhou_station_5a80212b33d8,玉山广场(地铁站),120.9530879,31.3844841,2023-06-24,2023-06,,
4104,suzhou,g00153x00224,suzhou_station_b7308c6c2d62,绣衣(地铁站),120.9673517,31.3850768,2023-06-24,2023-06,,
4105,suzhou,g00153x00226,suzhou_station_116bcecc3ba1,昆山城市广场(地铁站),120.9782681,31.3853278,2023-06-24,2023-06,,
4106,suzhou,g00153x00229,suzhou_station_f25672bc9ef4,金浦大桥东(地铁站),120.9912199,31.3856089,2023-06-24,2023-06,,
4107,suzhou,g00153x00231,suzhou_station_7aae34cb7d33,顺帆北路(地铁站),121.0027561,31.3858897,2023-06-24,2023-06,,
4108,suzhou,g00153x00233,suzhou_station_19953eda1649,鱼池泾(地铁站),121.0127956,31.3859608,2023-06-24,2023-06,,
4109,suzhou,g00153x00235,suzhou_station_45411c4fc5a6,白河潭(地铁站),121.0237168,31.3859468,2023-06-24,2023-06,,
4110,suzhou,g00153x00237,suzhou_station_f47ed284389b,兵希(地铁站),121.0350768,31.3860235,2023-06-24,2023-06,,
4111,xiamen,g00059x00084,xiamen_station_9d460b843826,国际博览中心(地铁站),118.2036688,24.5591878,2023-06-25,2023-06,,
4112,xiamen,g00061x00087,xiamen_station_ce45722d927d,东界(地铁站),118.214707,24.5676662,2023-06-25,2023-06,,
4113,xiamen,g00063x00088,xiamen_station_3f4e82469a3b,洪坑站,118.22195,24.57437,2023-06-25,2023-06,,
4114,xiamen,g00064x00093,xiamen_station_c52001d87808,翔安市民公园(地铁站),118.2488095,24.5816078,2023-06-25,2023-06,,
4115,xian,g00105x00259,xian_station_275f7918ab50,常宁宫(地铁站),108.9338983,34.1135583,2023-06-27,2023-06,,
4116,xian,g00109x00259,xian_station_a182aa8eb656,何家营(地铁站),108.9352475,34.1288709,2023-06-27,2023-06,,
4117,xian,g00132x00224,xian_station_77bdf587356f,诗经里(地铁站),108.7428591,34.2289133,2023-06-27,2023-06,,
4118,xian,g00139x00228,xian_station_f215e17156ee,沣东城市广场(地铁站),108.7655362,34.2610122,2023-06-27,2023-06,,
4119,xian,g00141x00228,xian_station_952724deabb4,细柳营(地铁站),108.7657716,34.2702707,2023-06-27,2023-06,,
4120,xian,g00143x00229,xian_station_f6c93260d119,西安国际足球中心(地铁站),108.7659207,34.2810403,2023-06-27,2023-06,,
4121,xian,g00147x00229,xian_station_a04242958991,复兴大道北站,108.7654411,34.2981146,2023-06-27,2023-06,,
4122,xian,g00154x00231,xian_station_63efe4eb44c7,西咸大厦站,108.77809,34.33039,2023-06-27,2023-06,,
4123,xian,g00156x00232,xian_station_e8d30b4472f7,秦创原中心站,108.7818,34.33892,2023-06-27,2023-06,,
4124,xian,g00168x00261,xian_station_ad2a82f38b4f,红会医院北区(地铁站),108.940568,34.3949736,2023-06-27,2023-06,,
4125,xian,g00169x00264,xian_station_e8b45ed6760d,草滩(地铁站),108.9548124,34.4003689,2023-06-27,2023-06,,
4126,changsha,g00062x00222,changsha_station_75b6f9999f7b,双湖(地铁站),112.9222881,28.0298591,2023-06-28,2023-06,,
4127,changsha,g00065x00219,changsha_station_b1fa8d931b9e,坪塘(地铁站),112.9070666,28.046884,2023-06-28,2023-06,,
4128,changsha,g00069x00218,changsha_station_63ba83f4138e,红桥(地铁站),112.9039888,28.0626065,2023-06-28,2023-06,,
4129,changsha,g00072x00218,changsha_station_c2934fb338ef,桐溪(地铁站),112.9029832,28.0790639,2023-06-28,2023-06,,
4130,changsha,g00075x00220,changsha_station_e1fb795217f1,大王山(地铁站),112.9114269,28.0923034,2023-06-28,2023-06,,
4131,lanzhou,g00118x00232,lanzhou_station_b34ba4f40554,兰州火车站(地铁站),103.8507817,36.0362471,2023-06-29,2023-06,,
4132,lanzhou,g00118x00233,lanzhou_station_8d52f3bc1bf2,红星巷(地铁站),103.8584439,36.0345053,2023-06-29,2023-06,,
4133,lanzhou,g00119x00235,lanzhou_station_e20f1fd7f9b2,团结新村(地铁站),103.8665627,36.0393183,2023-06-29,2023-06,,
4134,lanzhou,g00122x00236,lanzhou_station_8517d6373a8c,张苏滩(地铁站),103.8747986,36.0560919,2023-06-29,2023-06,,
4135,lanzhou,g00123x00237,lanzhou_station_4fa24da4da23,均家滩(地铁站),103.8789793,36.0610966,2023-06-29,2023-06,,
4136,qingdao,g00152x00178,qingdao_station_ab6a77ef6590,海信桥(地铁站),120.3579622,36.0755562,2023-06-30,2023-06,,
4137,hefei,g00229x00139,hefei_station_0091baa5d7a3,瑶海公园(地铁站),117.3088179,31.8920168,2023-07-01,2023-07,,
4138,hefei,g00232x00139,hefei_station_d776f050602d,兴华苑(地铁站),117.3080595,31.9054561,2023-07-01,2023-07,,
4139,hefei,g00235x00141,hefei_station_6e418464b46b,张洼(地铁站),117.3167343,31.919945,2023-07-01,2023-07,,
4140,qingdao,g00149x00168,qingdao_station_5d3cabaf1563,西镇(地铁站),120.3012969,36.0610115,2023-07-25,2023-07,,
4141,shaoxing,g00198x00154,shaoxing_station_a24c15285991,人民医院总院(地铁站),120.554674,30.0468736,2023-07-26,2023-07,,
4142,shaoxing,g00198x00170,shaoxing_station_6d5201880793,恂南(地铁站),120.6342299,30.0517715,2023-07-26,2023-07,,
4143,shaoxing,g00198x00172,shaoxing_station_ec9c07714579,豆姜(地铁站),120.6452118,30.0505469,2023-07-26,2023-07,,
4144,shaoxing,g00199x00161,shaoxing_station_c482589aef0d,后墅路(地铁站),120.5858777,30.0522339,2023-07-26,2023-07,,
4145,shaoxing,g00199x00163,shaoxing_station_3137f9f25801,袍谷(地铁站),120.5970858,30.0520649,2023-07-26,2023-07,,
4146,shaoxing,g00199x00165,shaoxing_station_1d001a97b4c8,袍中路(地铁站),120.6079457,30.0519748,2023-07-26,2023-07,,
4147,shaoxing,g00199x00168,shaoxing_station_63fe706c0d36,洋泾湖(地铁站),120.6234212,30.0519289,2023-07-26,2023-07,,
4148,tianjin,g00129x00130,tianjin_station_2aaef1832f61,洪泥河东(地铁站),117.3384266,39.0465393,2023-07-31,2023-07,,
4149,wenzhou,g00172x00228,wenzhou_station_926f56606ad7,东山站,120.6509791,27.7564396,2023-08-26,2023-08,,
4150,wenzhou,g00172x00231,wenzhou_station_844e9aa69613,上东路(地铁站),120.667882,27.7584313,2023-08-26,2023-08,,
4151,wenzhou,g00173x00233,wenzhou_station_53991552c52e,上望(地铁站),120.6794068,27.7607857,2023-08-26,2023-08,,
4152,wenzhou,g00175x00236,wenzhou_station_5aefcbbf9a98,莘塍(地铁站),120.6912735,27.7723629,2023-08-26,2023-08,,
4153,wenzhou,g00178x00239,wenzhou_station_f84ccf0f5a4c,汀田(地铁站),120.7055189,27.7862005,2023-08-26,2023-08,,
4154,wenzhou,g00180x00241,wenzhou_station_2ac4d054e4a0,大典下(地铁站),120.7153143,27.7952565,2023-08-26,2023-08,,
4155,wenzhou,g00184x00244,wenzhou_station_5e3a4d378aa5,鲍田(地铁站),120.7313131,27.8122345,2023-08-26,2023-08,,
4156,wenzhou,g00188x00252,wenzhou_station_5a6430530ae8,海城(地铁站),120.774346,27.8296655,2023-08-26,2023-08,,
4157,wenzhou,g00193x00255,wenzhou_station_a68d44d708f3,天河(地铁站),120.7879801,27.8514064,2023-08-26,2023-08,,
4158,wenzhou,g00198x00258,wenzhou_station_c0ad3efad4db,沙城(地铁站),120.8032873,27.8743032,2023-08-26,2023-08,,
4159,wenzhou,g00201x00262,wenzhou_station_0361281d83dc,永兴(地铁站),120.819162,27.8905976,2023-08-26,2023-08,,
4160,wenzhou,g00224x00288,wenzhou_station_83ac91cd7eb1,柳市东(地铁站),120.951206,27.9954264,2023-08-26,2023-08,,
4161,wenzhou,g00230x00293,wenzhou_station_fdb951a3c606,翁垟(地铁站),120.9755673,28.0224682,2023-08-26,2023-08,,
4162,wenzhou,g00234x00293,wenzhou_station_8001c92f91db,新望(地铁站),120.974625,28.0421357,2023-08-26,2023-08,,
4163,wenzhou,g00240x00292,wenzhou_station_a203cdfe410d,盐盆(地铁站),120.9700623,28.0673438,2023-08-26,2023-08,,
4164,wenzhou,g00245x00291,wenzhou_station_1ef4a67389e2,万岙(地铁站),120.9638912,28.0911902,2023-08-26,2023-08,,
4165,wenzhou,g00250x00294,wenzhou_station_b16d37d3489b,旭阳路(地铁站),120.9821779,28.1117708,2023-08-26,2023-08,,
4166,wenzhou,g00254x00298,wenzhou_station_d89fb2fdbde4,清东路(地铁站),120.9988171,28.1324163,2023-08-26,2023-08,,
4167,fuzhou,g00220x00214,fuzhou_station_bd229c561e92,前锦(地铁站),119.3574918,25.9873504,2023-08-27,2023-08,,
4168,fuzhou,g00220x00216,fuzhou_station_631053e36b17,龙江(地铁站),119.3674596,25.9873533,2023-08-27,2023-08,,
4169,fuzhou,g00221x00211,fuzhou_station_f6f8986d3633,螺洲温泉(地铁站),119.3441333,25.9932889,2023-08-27,2023-08,,
4170,fuzhou,g00230x00213,fuzhou_station_884474921ef5,会展中心(地铁站),119.3546534,26.0325664,2023-08-27,2023-08,,
4171,fuzhou,g00232x00211,fuzhou_station_a9bccd484ff4,花海公园(地铁站),119.3454393,26.0430795,2023-08-27,2023-08,,
4172,fuzhou,g00235x00210,fuzhou_station_3b9c8a4b80dc,鳌峰洲(地铁站),119.3396293,26.0577486,2023-08-27,2023-08,,
4173,fuzhou,g00238x00211,fuzhou_station_a28ec0f705e7,光明港(地铁站),119.3418506,26.0674081,2023-08-27,2023-08,,
4174,fuzhou,g00240x00196,fuzhou_station_c5d21ac59e12,凤凰池(地铁站),119.2679389,26.0815225,2023-08-27,2023-08,,
4175,fuzhou,g00241x00198,fuzhou_station_a0286b142b64,陆庄(地铁站),119.2786697,26.0855922,2023-08-27,2023-08,,
4176,fuzhou,g00241x00212,fuzhou_station_2facc9ace0a7,后屿(地铁站),119.3475586,26.0842174,2023-08-27,2023-08,,
4177,fuzhou,g00242x00199,fuzhou_station_d0b395d7cff7,西门(地铁站),119.285264,26.0878182,2023-08-27,2023-08,,
4178,fuzhou,g00242x00203,fuzhou_station_f81732370919,省立医院(地铁站),119.3023235,26.0897966,2023-08-27,2023-08,,
4179,fuzhou,g00243x00204,fuzhou_station_d00330079163,东门(地铁站),119.310186,26.090669,2023-08-27,2023-08,,
4180,fuzhou,g00243x00206,fuzhou_station_3187a9837b08,三角池(地铁站),119.3214071,26.0940361,2023-08-27,2023-08,,
4181,fuzhou,g00243x00212,fuzhou_station_fe70e56db5b4,横屿(地铁站),119.3473343,26.0928425,2023-08-27,2023-08,,
4182,fuzhou,g00244x00209,fuzhou_station_318b0e54b276,竹屿(地铁站),119.332798,26.0960797,2023-08-27,2023-08,,
4183,zhengzhou,g00114x00215,zhengzhou_station_3f79691addac,滨河新城南(地铁站),113.7890051,34.6690601,2023-09-08,2023-09,,
4184,zhengzhou,g00116x00215,zhengzhou_station_c06d988997ce,司赵站,113.789,34.6781,2023-09-08,2023-09,,
4185,zhengzhou,g00119x00215,zhengzhou_station_9ea1b36d0188,滨河新城(地铁站),113.7890391,34.6888169,2023-09-08,2023-09,,
4186,zhengzhou,g00120x00215,zhengzhou_station_490b5e3b343a,潮河(地铁站),113.7890092,34.6966875,2023-09-08,2023-09,,
4187,xian,g00149x00214,xian_station_f75eb6ec9888,安谷站,108.68872,34.30742,2023-09-21,2023-09,,
4188,xian,g00151x00211,xian_station_d237dfdcf731,中华西路站,108.66921,34.31478,2023-09-21,2023-09,,
4189,xian,g00151x00217,xian_station_ee7a9d86fedb,陈杨寨站,108.70177,34.31513,2023-09-21,2023-09,,
4190,xian,g00151x00221,xian_station_0b32ab5bac1c,白马河站,108.72316,34.31824,2023-09-21,2023-09,,
4191,xian,g00152x00223,xian_station_cd96c0381e74,陕西中医药大学站,108.73346,34.31973,2023-09-21,2023-09,,
4192,xian,g00154x00210,xian_station_81a710e83cb6,宝泉路站,108.66118,34.32629,2023-09-21,2023-09,,
4193,xian,g00156x00209,xian_station_7ff201a58a4d,咸阳西站,108.65805,34.33529,2023-09-21,2023-09,,
4194,zhengzhou,g00098x00211,zhengzhou_station_615b3f875f8d,华南城东(地铁站),113.7680943,34.5951676,2023-09-22,2023-09,,
4195,zhengzhou,g00099x00197,zhengzhou_station_6f2fa91f150e,小乔(地铁站),113.6895183,34.6016645,2023-09-22,2023-09,,
4196,zhengzhou,g00131x00151,zhengzhou_station_c32506860293,李商隐公园(地铁站),113.440606,34.750539,2023-09-28,2023-09,,
4197,zhengzhou,g00131x00157,zhengzhou_station_4dae2457d506,庙王(地铁站),113.4757426,34.7502257,2023-09-28,2023-09,,
4198,zhengzhou,g00131x00161,zhengzhou_station_ed11a8819612,柳湖(地铁站),113.500452,34.7490131,2023-09-28,2023-09,,
4199,zhengzhou,g00131x00171,zhengzhou_station_5c3ad0061747,郑州一中(地铁站),113.5505406,34.749156,2023-09-28,2023-09,,
4200,zhengzhou,g00131x00176,zhengzhou_station_558122301232,西流湖公园南(地铁站),113.5773671,34.7486433,2023-09-28,2023-09,,
4201,zhengzhou,g00131x00178,zhengzhou_station_4f3a2b28787a,二砂(地铁站),113.5923359,34.7487356,2023-09-28,2023-09,,
4202,harbin,g00396x00186,harbin_station_374b4d69c757,中华巴洛克街区(地铁站),126.6364098,45.7824367,2023-09-29,2023-09,,
4203,harbin,g00397x00187,harbin_station_cb02c24d4273,清真寺(地铁站),126.6456111,45.7862253,2023-09-29,2023-09,,
4204,harbin,g00397x00189,harbin_station_60c56bfaf58f,靖宇公园(地铁站),126.6615535,45.7868608,2023-09-29,2023-09,,
4205,shenyang,g00120x00186,shenyang_station_9bee0b6e96e9,创新路(地铁站),123.4072184,41.6530679,2023-09-29,2023-09,,
4206,shenyang,g00126x00186,shenyang_station_a975e8bcbf7e,城建学院(地铁站),123.4096664,41.6790945,2023-09-29,2023-09,,
4207,shenyang,g00130x00183,shenyang_station_c63a67e56cfb,云杉路(地铁站),123.3930563,41.6958493,2023-09-29,2023-09,,
4208,shenyang,g00142x00183,shenyang_station_1d71df631074,南京桥(地铁站),123.3929948,41.7492214,2023-09-29,2023-09,,
4209,shenyang,g00149x00183,shenyang_station_ac0b530f5b4c,南五马路(地铁站),123.3940617,41.7807783,2023-09-29,2023-09,,
4210,shenyang,g00153x00186,shenyang_station_e79ad9dca218,市府大路(地铁站),123.4097832,41.8015163,2023-09-29,2023-09,,
4211,shenyang,g00161x00196,shenyang_station_ac8d80d2ea4d,北大营(地铁站),123.4717675,41.8367455,2023-09-29,2023-09,,
4212,shenyang,g00167x00198,shenyang_station_33db5300fb57,望花(地铁站),123.4851204,41.8620133,2023-09-29,2023-09,,
4213,shenyang,g00168x00198,shenyang_station_d1245784367b,文官街(地铁站),123.4806893,41.8688185,2023-09-29,2023-09,,
4214,shenyang,g00171x00196,shenyang_station_0783ebef3c87,正新路(地铁站),123.4740031,41.8803727,2023-09-29,2023-09,,
4215,chongqing,g00329x00272,chongqing_station_cf76ef4d67c8,上浩(地铁站),106.5901202,29.5493852,2023-10-07,2023-10,,
4216,chongqing,g00345x00279,chongqing_station_3cf2f098471a,港城(地铁站),106.6280278,29.6226371,2023-10-07,2023-10,,
4217,qingdao,g00129x00146,qingdao_station_c37f5d369742,香江路(地铁站),120.1812622,35.9659992,2023-10-26,2023-10,,
4218,qingdao,g00131x00145,qingdao_station_357f57b2e0bc,嘉陵江西路(地铁站),120.1736355,35.975001,2023-10-26,2023-10,,
4219,chengdu,g00083x00244,chengdu_station_608ef1a588ff,天府站,104.14865,30.39282,2023-11-28,2023-11,,
4220,chengdu,g00089x00236,chengdu_station_d0814c76765d,蓝家店(地铁站),104.1067288,30.4200971,2023-11-28,2023-11,,
4221,chengdu,g00093x00227,chengdu_station_da77ba360f89,红莲站,104.0598,30.43525,2023-11-28,2023-11,,
4222,chengdu,g00097x00223,chengdu_station_31c94796a706,正兴湾(地铁站),104.039572,30.4544668,2023-11-28,2023-11,,
4223,chengdu,g00104x00217,chengdu_station_2494eda3cd7f,牧华路(地铁站),104.0089646,30.4872888,2023-11-28,2023-11,,
4224,chengdu,g00107x00217,chengdu_station_923619ffba1d,温家山(地铁站),104.0069743,30.5003202,2023-11-28,2023-11,,
4225,chongqing,g00320x00265,chongqing_station_4f7f80f429cd,兰花路(地铁站),106.5539997,29.5071848,2023-11-30,2023-11,,
4226,chongqing,g00324x00266,chongqing_station_79daa0c111a4,万寿路(地铁站),106.5591986,29.5261476,2023-11-30,2023-11,,
4227,chongqing,g00332x00252,chongqing_station_bb679a01434a,忠恕沱(地铁站),106.4901747,29.5657728,2023-11-30,2023-11,,
4228,hangzhou,g00249x00368,hangzhou_station_203de1ba5848,五联(地铁站),120.0942967,30.2780728,2023-11-30,2023-11,,
4229,wuhan,g00118x00131,wuhan_station_3aed3b8d772f,红霞(地铁站),114.2564453,30.4334779,2023-12-01,2023-12,,
4230,wuhan,g00121x00131,wuhan_station_4d3012c3fe4f,黄家湖(武科大)(地铁站),114.2574343,30.4456006,2023-12-01,2023-12,,
4231,guiyang,g00064x00130,guiyang_station_f9ff653cd2e1,桐木岭(省委党校)(地铁站),106.6766858,26.3828959,2023-12-16,2023-12,,
4232,guiyang,g00067x00130,guiyang_station_6a86fc724451,浪风关(地铁站),106.6732514,26.3958816,2023-12-16,2023-12,,
4233,guiyang,g00069x00130,guiyang_station_cabe3236a4cd,花溪南站(地铁站),106.672485,26.4057699,2023-12-16,2023-12,,
4234,guiyang,g00071x00130,guiyang_station_cc35478d5dcc,明珠大道(地铁站),106.6739107,26.4121266,2023-12-16,2023-12,,
4235,guiyang,g00074x00130,guiyang_station_9084d904b4ba,学士路(地铁站),106.6738781,26.4251863,2023-12-16,2023-12,,
4236,guiyang,g00077x00130,guiyang_station_148b8871b39a,花溪公园(地铁站),106.6732978,26.4421322,2023-12-16,2023-12,,
4237,guiyang,g00082x00129,guiyang_station_41ff056a8a7a,孔学堂(地铁站),106.6714128,26.4637417,2023-12-16,2023-12,,
4238,guiyang,g00086x00129,guiyang_station_b447389b2923,十里河滩(地铁站),106.6690264,26.4812993,2023-12-16,2023-12,,
4239,guiyang,g00089x00129,guiyang_station_2cf688f9ba50,中曹司(地铁站),106.67004,26.49482,2023-12-16,2023-12,,
4240,guiyang,g00095x00129,guiyang_station_b4f9f2852c1b,甘荫塘(地铁站),106.6737372,26.5232557,2023-12-16,2023-12,,
4241,guiyang,g00098x00130,guiyang_station_2e7989ad8c46,四方河(省中医院)(地铁站),106.6786234,26.5340438,2023-12-16,2023-12,,
4242,guiyang,g00100x00131,guiyang_station_d49a0db9c195,皂角井(地铁站),106.6827347,26.5460895,2023-12-16,2023-12,,
4243,guiyang,g00103x00130,guiyang_station_6ae30f662a1b,太慈桥(地铁站),106.6787259,26.5565118,2023-12-16,2023-12,,
4244,guiyang,g00104x00129,guiyang_station_c6a81f296d11,五里冲(地铁站),106.6709647,26.5622495,2023-12-16,2023-12,,
4245,guiyang,g00106x00131,guiyang_station_31df11532f18,花果园(地铁站),106.6814599,26.5693338,2023-12-16,2023-12,,
4246,guiyang,g00106x00132,guiyang_station_7aa57c53b062,松花路(地铁站),106.685872,26.5731253,2023-12-16,2023-12,,
4247,guiyang,g00114x00139,guiyang_station_ad30c70f6b20,大营坡(地铁站),106.7221793,26.6083337,2023-12-16,2023-12,,
4248,guiyang,g00120x00147,guiyang_station_9988a7ac36f2,新添(地铁站),106.7654636,26.6353867,2023-12-16,2023-12,,
4249,guiyang,g00122x00157,guiyang_station_ca136d202697,东风(贵黔医院)(地铁站),106.8152387,26.6409457,2023-12-16,2023-12,,
4250,guiyang,g00126x00159,guiyang_station_dd89633beac1,洛湾(地铁站),106.8222324,26.6585786,2023-12-16,2023-12,,
4251,zhengzhou,g00122x00205,zhengzhou_station_fced47ba5ef2,梁湖(地铁站),113.7375758,34.7039052,2023-12-20,2023-12,,
4252,zhengzhou,g00128x00206,zhengzhou_station_75a6f4760da4,经北五路(地铁站),113.7407712,34.7315199,2023-12-20,2023-12,,
4253,zhengzhou,g00139x00208,zhengzhou_station_721e54869ce4,东风东路(地铁站),113.7547493,34.7827913,2023-12-20,2023-12,,
4254,zhengzhou,g00142x00210,zhengzhou_station_7c3fd071049c,高铁公园(地铁站),113.7687557,34.7928879,2023-12-20,2023-12,,
4255,zhengzhou,g00142x00214,zhengzhou_station_535d311f89d4,龙子湖西(地铁站),113.7878331,34.7941401,2023-12-20,2023-12,,
4256,zhengzhou,g00143x00220,zhengzhou_station_6359cc9ffecb,龙子湖东(地铁站),113.8205819,34.795671,2023-12-20,2023-12,,
4257,harbin,g00395x00184,harbin_station_21ee7976b6be,北马路(地铁站),126.6284491,45.7784674,2023-12-26,2023-12,,
4258,hefei,g00183x00113,hefei_station_f32620c9b335,省儿童医院新区(地铁站),117.1703301,31.6874446,2023-12-26,2023-12,,
4259,hefei,g00185x00113,hefei_station_3fa9681947d3,乐平(地铁站),117.1703934,31.6961314,2023-12-26,2023-12,,
4260,hefei,g00186x00111,hefei_station_579c57e35207,芮祠(地铁站),117.1608543,31.702655,2023-12-26,2023-12,,
4261,hefei,g00188x00110,hefei_station_3147bf808889,四十埠(地铁站),117.152734,31.7103507,2023-12-26,2023-12,,
4262,hefei,g00190x00109,hefei_station_540a8492402b,李湾(地铁站),117.1509982,31.7207376,2023-12-26,2023-12,,
4263,hefei,g00192x00110,hefei_station_86696a20adb0,凉亭(地铁站),117.157229,31.7257844,2023-12-26,2023-12,,
4264,hefei,g00196x00112,hefei_station_653a62b1b989,安医一附院南区(地铁站),117.1634409,31.7441701,2023-12-26,2023-12,,
4265,hefei,g00220x00173,hefei_station_2bd8b5626dae,和睦湖(地铁站),117.4865975,31.8540971,2023-12-26,2023-12,,
4266,hefei,g00225x00159,hefei_station_2b2822cb5d64,三十埠东(地铁站),117.4140397,31.8737797,2023-12-26,2023-12,,
4267,hefei,g00225x00161,hefei_station_93ca7d474891,祥和(地铁站),117.4242348,31.8759855,2023-12-26,2023-12,,
4268,hefei,g00225x00163,hefei_station_d7bfa40fb8bc,桂王(地铁站),117.4369842,31.8757915,2023-12-26,2023-12,,
4269,hefei,g00225x00166,hefei_station_e6e91e64cab1,对河(地铁站),117.4510798,31.8746507,2023-12-26,2023-12,,
4270,hefei,g00225x00169,hefei_station_339252562a6c,店埠河(地铁站),117.4661708,31.8770706,2023-12-26,2023-12,,
4271,hefei,g00225x00171,hefei_station_c8109ad4ba28,排头(地铁站),117.4749327,31.8736841,2023-12-26,2023-12,,
4272,nantong,g00097x00165,nantong_station_892468c50bbd,南通东站(地铁站),120.9495849,32.0008306,2023-12-27,2023-12,,
4273,nantong,g00098x00150,nantong_station_019de18af546,易家桥(地铁站),120.871275,32.0056052,2023-12-27,2023-12,,
4274,nantong,g00098x00156,nantong_station_34f363d84c53,园林路(地铁站),120.9034365,32.0054395,2023-12-27,2023-12,,
4275,nantong,g00098x00169,nantong_station_ebb70b7118f2,先锋(地铁站),120.9754664,32.0042435,2023-12-27,2023-12,,
4276,nantong,g00099x00148,nantong_station_42beac26a265,体育公园(地铁站),120.8600057,32.007717,2023-12-27,2023-12,,
4277,nantong,g00099x00153,nantong_station_88a23050c9e6,五一路(地铁站),120.8886447,32.0081012,2023-12-27,2023-12,,
4278,nantong,g00107x00147,nantong_station_fd10581f8839,北城大桥(地铁站),120.8559731,32.0444456,2023-12-27,2023-12,,
4279,nantong,g00109x00147,nantong_station_e5f717604850,北大街(地铁站),120.8559816,32.0510771,2023-12-27,2023-12,,
4280,nantong,g00116x00146,nantong_station_28624ecdd4e1,幸福(地铁站),120.8479926,32.0847328,2023-12-27,2023-12,,
4281,shenzhen,g00187x00145,shenzhen_station_4eae03fc8bcb,盐田墟(地铁站),114.2707446,22.5902088,2023-12-27,2023-12,,
4282,shenzhen,g00188x00143,shenzhen_station_218e35b0213b,鸿安围(地铁站),114.2594037,22.5934009,2023-12-27,2023-12,,
4283,shenzhen,g00188x00152,shenzhen_station_a93d20548e21,大梅沙(地铁站),114.3029714,22.596898,2023-12-27,2023-12,,
4284,shenzhen,g00190x00156,shenzhen_station_f9a419d54513,小梅沙(地铁站),114.3216199,22.6049933,2023-12-27,2023-12,,
4285,chongqing,g00295x00241,chongqing_station_fdf17378771c,跳磴南(地铁站),106.4313106,29.3964561,2023-12-28,2023-12,,
4286,chongqing,g00299x00246,chongqing_station_7fb73d0c2769,金鳌山(地铁站),106.4549376,29.4176809,2023-12-28,2023-12,,
4287,chongqing,g00300x00250,chongqing_station_119a5c305bf9,伏牛溪(地铁站),106.4772159,29.4184329,2023-12-28,2023-12,,
4288,chongqing,g00302x00255,chongqing_station_d4ab6618b8d0,茄子溪(地铁站),106.5001918,29.4267326,2023-12-28,2023-12,,
4289,chongqing,g00304x00257,chongqing_station_719d9a0e1090,巴滨路湿地公园(地铁站),106.5137817,29.4355091,2023-12-28,2023-12,,
4290,chongqing,g00307x00257,chongqing_station_e67bfefbedd4,花溪工业园(地铁站),106.5129064,29.45062,2023-12-28,2023-12,,
4291,chongqing,g00310x00258,chongqing_station_b424502c6b83,重庆理工大学站,106.51712,29.4635,2023-12-28,2023-12,,
4292,chongqing,g00312x00259,chongqing_station_33fd0dd43b5f,李家沱大桥(地铁站),106.5240383,29.471625,2023-12-28,2023-12,,
4293,chongqing,g00315x00261,chongqing_station_d6d7de8c0461,电厂(地铁站),106.5342054,29.4854957,2023-12-28,2023-12,,
4294,chongqing,g00316x00262,chongqing_station_597cc384554b,四川美术学院(地铁站),106.5393964,29.4910464,2023-12-28,2023-12,,
4295,chongqing,g00318x00259,chongqing_station_6800c871d48c,滩子口(地铁站),106.5235984,29.502341,2023-12-28,2023-12,,
4296,chongqing,g00318x00261,chongqing_station_3118349c5aca,黄桷坪(地铁站),106.5329136,29.4993634,2023-12-28,2023-12,,
4297,chongqing,g00322x00255,chongqing_station_9d2147f6566b,石坪桥(地铁站),106.502437,29.5184235,2023-12-28,2023-12,,
4298,guangzhou,g00134x00111,guangzhou_station_c9d2808ddce1,深井(地铁站),113.4040404,23.0712314,2023-12-28,2023-12,,
4299,guangzhou,g00138x00130,guangzhou_station_ff7e6f5062ae,庙头(地铁站),113.4974312,23.0874363,2023-12-28,2023-12,,
4300,guangzhou,g00141x00126,guangzhou_station_3c02d7482ea9,双沙(地铁站),113.4789292,23.1005217,2023-12-28,2023-12,,
4301,guangzhou,g00148x00120,guangzhou_station_cbd54c2c4970,姬堂(地铁站),113.4504652,23.134682,2023-12-28,2023-12,,
4302,guangzhou,g00152x00121,guangzhou_station_cbebfadda7bf,加庄(地铁站),113.4546674,23.1503895,2023-12-28,2023-12,,
4303,guangzhou,g00155x00122,guangzhou_station_db9fecf5be80,科丰路(地铁站),113.4606887,23.1654255,2023-12-28,2023-12,,
4304,guangzhou,g00162x00123,guangzhou_station_dc8540419bd8,燕山(地铁站),113.4694113,23.1976636,2023-12-28,2023-12,,
4305,nanjing,g00184x00083,nanjing_station_fb222f77fed8,太清路站,118.69806,31.96875,2023-12-28,2023-12,,
4306,nanjing,g00188x00087,nanjing_station_f8d9f2c70e97,嘉陵江东街(地铁站),118.7226461,31.9841883,2023-12-28,2023-12,,
4307,nanjing,g00190x00089,nanjing_station_689724ff75b5,新城科技园(地铁站),118.7330229,31.9957193,2023-12-28,2023-12,,
4308,nanjing,g00193x00091,nanjing_station_f4f4338b99e7,梦都大街东(地铁站),118.7412278,32.0059611,2023-12-28,2023-12,,
4309,nanjing,g00196x00091,nanjing_station_26b6420ab884,应天大街(地铁站),118.7439392,32.0184557,2023-12-28,2023-12,,
4310,tianjin,g00132x00135,tianjin_station_3172512a954e,东丽六经路(地铁站),117.3679626,39.0640708,2023-12-28,2023-12,,
4311,tianjin,g00134x00118,tianjin_station_db6bcd0501c3,学苑北路(地铁站),117.2659455,39.0732466,2023-12-28,2023-12,,
4312,tianjin,g00134x00131,tianjin_station_c5ada22b030c,东丽一经路(地铁站),117.3433735,39.0721197,2023-12-28,2023-12,,
4313,tianjin,g00134x00133,tianjin_station_7ab8bd4ef747,东丽三经路(地铁站),117.3518523,39.0691395,2023-12-28,2023-12,,
4314,tianjin,g00135x00128,tianjin_station_02f66ce676e4,东丽文体中心(地铁站),117.3222519,39.0779624,2023-12-28,2023-12,,
4315,tianjin,g00135x00129,tianjin_station_32f135388324,驯海路(地铁站),117.3323064,39.075174,2023-12-28,2023-12,,
4316,tianjin,g00136x00119,tianjin_station_ea3096b369a2,海河东路(地铁站),117.2702216,39.0818234,2023-12-28,2023-12,,
4317,tianjin,g00136x00123,tianjin_station_51552189a096,雪莲南路(地铁站),117.2935947,39.0819653,2023-12-28,2023-12,,
4318,tianjin,g00136x00124,tianjin_station_e92d55c925c1,招远路(地铁站),117.3043602,39.079903,2023-12-28,2023-12,,
4319,tianjin,g00137x00120,tianjin_station_d9e6b3b55cb7,环宇道(地铁站),117.2795282,39.083317,2023-12-28,2023-12,,
4320,zhengzhou,g00028x00226,zhengzhou_station_ab2ec5c0c7d7,大周站,113.8394,34.2773,2023-12-28,2023-12,,
4321,zhengzhou,g00034x00226,zhengzhou_station_f92b3598b6c0,双庙李站,113.8393,34.304,2023-12-28,2023-12,,
4322,zhengzhou,g00051x00226,zhengzhou_station_7c4d603d46b3,八千(地铁站),113.8419124,34.3816054,2023-12-28,2023-12,,
4323,zhengzhou,g00053x00226,zhengzhou_station_702cf19bf1b2,双鹤湖南(地铁站),113.8419323,34.393273,2023-12-28,2023-12,,
4324,zhengzhou,g00056x00226,zhengzhou_station_e49bf594f6dc,双鹤湖(地铁站),113.8419111,34.4041678,2023-12-28,2023-12,,
4325,zhengzhou,g00058x00226,zhengzhou_station_d8f2c424acd0,双鹤湖北(地铁站),113.8419292,34.4137083,2023-12-28,2023-12,,
4326,zhengzhou,g00060x00226,zhengzhou_station_ad2bdbb7a25f,龙王南(地铁站),113.841879,34.4246247,2023-12-28,2023-12,,
4327,zhengzhou,g00065x00224,zhengzhou_station_2fa1c9c10614,龙王(地铁站),113.8336462,34.4436414,2023-12-28,2023-12,,
4328,zhengzhou,g00068x00223,zhengzhou_station_309a2876a2fa,洵美路(地铁站),113.8287881,34.4604168,2023-12-28,2023-12,,
4329,zhengzhou,g00070x00223,zhengzhou_station_ff9f32188919,苑陵故城西(地铁站),113.8287401,34.4686004,2023-12-28,2023-12,,
4330,zhengzhou,g00085x00223,zhengzhou_station_89386bec833b,长安路南(地铁站),113.8264626,34.534199,2023-12-28,2023-12,,
4331,zhengzhou,g00087x00222,zhengzhou_station_ac0811d47b75,翱翔路(地铁站),113.8242236,34.5463067,2023-12-28,2023-12,,
4332,zhengzhou,g00090x00222,zhengzhou_station_d996bf5913c4,枣园(地铁站),113.8269638,34.5563911,2023-12-28,2023-12,,
4333,zhengzhou,g00093x00223,zhengzhou_station_c86e52cc0bc4,文体中心(地铁站),113.8300165,34.5699631,2023-12-28,2023-12,,
4334,zhengzhou,g00099x00225,zhengzhou_station_e11575e5a30c,长安路北(地铁站),113.8406387,34.5978607,2023-12-28,2023-12,,
4335,beijing,g00107x00160,beijing_station_201dad8537ab,宛平城(地铁站),116.2235328,39.8478359,2023-12-30,2023-12,,
4336,beijing,g00107x00163,beijing_station_661460bbb9ce,洪泰庄(地铁站),116.2432987,39.8473253,2023-12-30,2023-12,,
4337,beijing,g00126x00147,beijing_station_7ad9b75a5ff2,模式口(地铁站),116.1498073,39.9321517,2023-12-30,2023-12,,
4338,beijing,g00130x00196,beijing_station_35a4a0af2b02,左家庄(地铁站),116.4365193,39.948598,2023-12-30,2023-12,,
4339,beijing,g00148x00196,beijing_station_9dbcc858ad84,红军营(地铁站),116.4355835,40.0323468,2023-12-30,2023-12,,
4340,beijing,g00152x00196,beijing_station_59008793ab15,清河营(地铁站),116.435887,40.0494085,2023-12-30,2023-12,,
4341,beijing,g00156x00196,beijing_station_1b43c212d8e9,天通苑东(地铁站),116.4361233,40.0669719,2023-12-30,2023-12,,
4342,beijing,g00166x00201,beijing_station_105a405b206a,未来科学城(地铁站),116.4606844,40.1143016,2023-12-30,2023-12,,
4343,beijing,g00170x00201,beijing_station_fab530620323,未来科学城北(地铁站),116.4627093,40.1287525,2023-12-30,2023-12,,
4344,wuhan,g00127x00177,wuhan_station_9e6b9f9dfd84,新月溪公园(地铁站),114.4976055,30.4788665,2023-12-30,2023-12,,
4345,wuhan,g00129x00177,wuhan_station_9fedcee5e55d,光谷五路(地铁站),114.4976018,30.4876051,2023-12-30,2023-12,,
4346,wuhan,g00142x00180,wuhan_station_57414bfe754f,花山河(地铁站),114.5072001,30.5437583,2023-12-30,2023-12,,
4347,wuhan,g00145x00171,wuhan_station_f89634e772ac,鼓架山(地铁站),114.46099,30.555781,2023-12-30,2023-12,,
4348,wuhan,g00145x00178,wuhan_station_d567f5efbe0d,花山新城(地铁站),114.4989079,30.5571311,2023-12-30,2023-12,,
4349,wuhan,g00150x00169,wuhan_station_2fc1bbc77489,武东(地铁站),114.4517133,30.5807796,2023-12-30,2023-12,,
4350,wuhan,g00156x00163,wuhan_station_c0c4b0a5ace6,武汉站西广场(地铁站),114.4173575,30.6070524,2023-12-30,2023-12,,
4351,changchun,g00186x00235,changchun_station_52e9ecfac565,东新路(地铁站),125.3594458,43.8897949,2023-12-31,2023-12,,
4352,changzhou,g00189x00230,changzhou_station_18225dc6e621,南门站,120.267234,31.893197,2024-01-31,2024-01,,
4353,changzhou,g00193x00230,changzhou_station_dea9e3fa7554,中山公园站,120.266477,31.908581,2024-01-31,2024-01,,
4354,shanghai,g00157x00065,shanghai_station_9ff287f54945,集善站,121.0746229,31.2970362,2024-01-31,2024-01,,
4355,shanghai,g00158x00062,shanghai_station_0fdd194e60fa,花桥博览中心站,121.0593454,31.2992972,2024-01-31,2024-01,,
4356,shanghai,g00158x00068,shanghai_station_2a80339626a5,花溪公园站,121.0874372,31.3005609,2024-01-31,2024-01,,
4357,shanghai,g00163x00058,shanghai_station_ed6743a38ead,神童泾站,121.0354692,31.3221446,2024-01-31,2024-01,,
4358,shanghai,g00166x00060,shanghai_station_152e2170b28a,夏桥站,121.0441432,31.3365146,2024-01-31,2024-01,,
4359,shanghai,g00170x00060,shanghai_station_84c50350fdcf,章基路南站,121.0449126,31.3533137,2024-01-31,2024-01,,
4360,shanghai,g00173x00060,shanghai_station_9a7e81022d1b,盛庄站,121.0450279,31.3667331,2024-01-31,2024-01,,
4361,shanghai,g00176x00060,shanghai_station_1b9dc633b3ef,夏驾河公园站,121.0433071,31.3815062,2024-01-31,2024-01,,
4362,wuxi,g00149x00175,wuxi_station_65572a96312b,马镇(地铁站),120.3064797,31.7108616,2024-01-31,2024-01,,
4363,wuxi,g00155x00174,wuxi_station_ecc2d95956ea,霞客湾科学城(地铁站),120.2988428,31.7359965,2024-01-31,2024-01,,
4364,wuxi,g00163x00172,wuxi_station_03f670b03d8b,青阳(地铁站),120.2896482,31.7724797,2024-01-31,2024-01,,
4365,wuxi,g00173x00168,wuxi_station_a89785b8a801,峭岐(地铁站),120.2676247,31.818354,2024-01-31,2024-01,,
4366,wuxi,g00179x00167,wuxi_station_4de24d1ac106,南闸(地铁站),120.2626231,31.8435433,2024-01-31,2024-01,,
4367,wuxi,g00183x00170,wuxi_station_318a1141eb2b,江阴高铁站(地铁站),120.2740043,31.8645086,2024-01-31,2024-01,,
4368,wuxi,g00186x00168,wuxi_station_80f8007b56bb,江阴中医院(地铁站),120.2676405,31.8779964,2024-01-31,2024-01,,
4369,changchun,g00159x00245,changchun_station_940dc2c4bf4e,聚业大街(地铁站),125.4159719,43.7671676,2024-03-28,2024-03,,
4370,changchun,g00159x00246,changchun_station_e810abb9c483,省博物院(地铁站),125.424331,43.7670395,2024-03-28,2024-03,,
4371,changchun,g00160x00240,changchun_station_6d43f1fe70c1,亚泰足球基地(地铁站),125.3886186,43.7701114,2024-03-28,2024-03,,
4372,changchun,g00160x00242,changchun_station_443eafe49e8b,樱花街(地铁站),125.4022899,43.7685963,2024-03-28,2024-03,,
4373,changchun,g00161x00237,changchun_station_0ddca71e5af5,吴家店(地铁站),125.3719067,43.7754059,2024-03-28,2024-03,,
4374,changchun,g00165x00224,changchun_station_d5b35902c31f,兰桡湖公园(地铁站),125.2897694,43.797662,2024-03-28,2024-03,,
4375,changchun,g00166x00226,changchun_station_a9764c4210b1,轨道集团(地铁站),125.2990511,43.7976887,2024-03-28,2024-03,,
4376,changchun,g00166x00227,changchun_station_799c81dd929b,新明街(地铁站),125.3062934,43.7976538,2024-03-28,2024-03,,
4377,changchun,g00166x00234,changchun_station_45e3e99024a5,南溪湿地公园(地铁站),125.3486903,43.7983226,2024-03-28,2024-03,,
4378,changchun,g00167x00221,changchun_station_01a2a95e7dd2,市法院(地铁站),125.2699865,43.8032052,2024-03-28,2024-03,,
4379,changchun,g00168x00221,changchun_station_fdd8f13daa2f,百花园(地铁站),125.2692973,43.8109119,2024-03-28,2024-03,,
4380,changchun,g00172x00217,changchun_station_1c47998c37d6,光谷大街(地铁站),125.2439439,43.8301231,2024-03-28,2024-03,,
4381,changchun,g00174x00215,changchun_station_7109a332edea,欧亚卖场(地铁站),125.2346922,43.8359921,2024-03-28,2024-03,,
4382,changchun,g00178x00212,changchun_station_73953a9674bf,支农大街(地铁站),125.2164179,43.8573273,2024-03-28,2024-03,,
4383,changchun,g00181x00211,changchun_station_534c3a10a393,腾跃街(地铁站),125.2088107,43.8687296,2024-03-28,2024-03,,
4384,nanjing,g00168x00103,nanjing_station_3369cfd43853,九龙湖南(地铁站),118.804736,31.8950552,2024-03-31,2024-03,,
4385,nanjing,g00172x00109,nanjing_station_653c420b6c94,前庄(地铁站),118.8392411,31.9125665,2024-03-31,2024-03,,
4386,nanjing,g00175x00110,nanjing_station_1578fbf0df1e,科宁路(地铁站),118.8450192,31.9250863,2024-03-31,2024-03,,
4387,nanjing,g00179x00110,nanjing_station_f0dd57964d88,新亭路(地铁站),118.8404727,31.9445658,2024-03-31,2024-03,,
4388,nanjing,g00182x00109,nanjing_station_77e1ae5f0e8f,东山站,118.83876,31.95541,2024-03-31,2024-03,,
4389,nanjing,g00183x00109,nanjing_station_767e9d52a3af,文靖路(地铁站),118.8366115,31.9604466,2024-03-31,2024-03,,
4390,shaoxing,g00203x00151,shaoxing_station_c916c30ddef0,绍兴一中(地铁站),120.5338305,30.0698111,2024-04-01,2024-04,,
4391,shaoxing,g00205x00151,shaoxing_station_840ec8c1f8ad,湖西(地铁站),120.5338537,30.0810911,2024-04-01,2024-04,,
4392,shaoxing,g00208x00151,shaoxing_station_fefb7c12d4d0,大庆寺(地铁站),120.5340084,30.0906493,2024-04-01,2024-04,,
4393,chengdu,g00098x00235,chengdu_station_1213f1c12efe,青岛路站,104.09983,30.4616,2024-04-08,2024-04,,
4394,qingdao,g00117x00126,qingdao_station_2a58b0c336a3,华山(地铁站),120.0759388,35.9088371,2024-04-26,2024-04,,
4395,qingdao,g00119x00127,qingdao_station_0074346d67cd,星海滩路(地铁站),120.0783452,35.9164614,2024-04-26,2024-04,,
4396,qingdao,g00120x00130,qingdao_station_abe22f89fb38,赵家庙(影视产业园)(地铁站),120.0970282,35.9246667,2024-04-26,2024-04,,
4397,qingdao,g00121x00133,qingdao_station_a615353a9ce4,毛家山(黄海学院)(地铁站),120.1090061,35.9281938,2024-04-26,2024-04,,
4398,qingdao,g00122x00135,qingdao_station_63b59e26a460,西门外(地铁站),120.1196615,35.9344004,2024-04-26,2024-04,,
4399,qingdao,g00123x00137,qingdao_station_8920a8deebfc,北门外(地铁站),120.1314236,35.937416,2024-04-26,2024-04,,
4400,qingdao,g00126x00142,qingdao_station_850bfb10cdeb,九顶山(地铁站),120.1609163,35.9535846,2024-04-26,2024-04,,
4401,qingdao,g00130x00142,qingdao_station_cbe8218979af,钱塘江路(青职学院)(地铁站),120.1580859,35.9678668,2024-04-26,2024-04,,
4402,qingdao,g00132x00141,qingdao_station_1c0ebcc8dcb9,扒山(滨海学院)(地铁站),120.1546829,35.9802935,2024-04-26,2024-04,,
4403,qingdao,g00134x00141,qingdao_station_2c199c670c5b,青大附院西海岸院区(地铁站),120.1528303,35.9880083,2024-04-26,2024-04,,
4404,qingdao,g00138x00142,qingdao_station_3d9513c2c1ef,港头(地铁站),120.1599317,36.0059441,2024-04-26,2024-04,,
4405,qingdao,g00142x00142,qingdao_station_da990ec4ed78,薛家泊子(地铁站),120.1565835,36.0218342,2024-04-26,2024-04,,
4406,qingdao,g00145x00142,qingdao_station_0e90665ef8eb,马家楼(地铁站),120.1572672,36.0358692,2024-04-26,2024-04,,
4407,qingdao,g00147x00140,qingdao_station_4f7e0cd8ce23,抓马山(地铁站),120.1473533,36.0477487,2024-04-26,2024-04,,
4408,qingdao,g00150x00135,qingdao_station_38ce4cd7777a,河洛埠(中德生态园)(地铁站),120.1193604,36.0613927,2024-04-26,2024-04,,
4409,qingdao,g00150x00139,qingdao_station_94d2fb7ea733,青岛九中(幸福小镇)(地铁站),120.139118,36.0575349,2024-04-26,2024-04,,
4410,qingdao,g00151x00133,qingdao_station_11f87cb093aa,山王河(福莱社区)(地铁站),120.1079701,36.0628069,2024-04-26,2024-04,,
4411,qingdao,g00152x00130,qingdao_station_ddc539a9ec81,横云山路(地铁站),120.0912955,36.0667174,2024-04-26,2024-04,,
4412,hefei,g00199x00099,hefei_station_24cd4f07cda6,烧脉岗(地铁站),117.0964257,31.7571638,2024-05-01,2024-05,,
4413,hefei,g00200x00098,hefei_station_a48d3ecede10,魏庄(地铁站),117.0892209,31.7615133,2024-05-01,2024-05,,
4414,hefei,g00201x00097,hefei_station_c5363d14e1b7,铜锣寨路(地铁站),117.0869041,31.7678206,2024-05-01,2024-05,,
4415,hefei,g00205x00102,hefei_station_640bc47eee26,金小郢(地铁站),117.1111156,31.7843315,2024-05-01,2024-05,,
4416,hefei,g00205x00106,hefei_station_4f852932e213,桃花潭(地铁站),117.1323787,31.7842483,2024-05-01,2024-05,,
4417,hefei,g00209x00107,hefei_station_e2f767d550b7,长安集(地铁站),117.1395731,31.8051316,2024-05-01,2024-05,,
4418,hefei,g00212x00107,hefei_station_86d0ac11ae56,复兴集(地铁站),117.1395258,31.8177517,2024-05-01,2024-05,,
4419,changsha,g00118x00231,changsha_station_96e94c00f774,宿龙桥(地铁站),112.9729808,28.282152,2024-06-28,2024-06,,
4420,changsha,g00121x00229,changsha_station_200199ae5726,秀峰山(地铁站),112.9632089,28.2988448,2024-06-28,2024-06,,
4421,changsha,g00125x00227,changsha_station_99d4ba2fae3c,鹅羊山(地铁站),112.9541384,28.3137744,2024-06-28,2024-06,,
4422,changsha,g00128x00225,changsha_station_417ebd5e6112,金霞(地铁站),112.9407652,28.3289468,2024-06-28,2024-06,,
4423,ningbo,g00276x00162,ningbo_station_d02381301c66,兴海南路(地铁站),121.6013833,29.9261262,2024-06-28,2024-06,,
4424,suzhou,g00129x00185,suzhou_station_dbab6fc9c1ec,金尚路(地铁站),120.7661898,31.2728537,2024-06-29,2024-06,,
4425,suzhou,g00129x00187,suzhou_station_b80e8c7c3416,桑田岛(地铁站),120.7768943,31.2744009,2024-06-29,2024-06,,
4426,suzhou,g00130x00184,suzhou_station_8369dfcdddc3,南斜步(地铁站),120.756736,31.2765027,2024-06-29,2024-06,,
4427,suzhou,g00132x00183,suzhou_station_796f4014a2b0,北斜步(地铁站),120.7548791,31.2879673,2024-06-29,2024-06,,
4428,suzhou,g00134x00183,suzhou_station_74f22dc89afd,金家堰(地铁站),120.7549575,31.2958312,2024-06-29,2024-06,,
4429,suzhou,g00136x00160,suzhou_station_60a509328941,望星桥苏大站,120.632142,31.304631,2024-06-29,2024-06,,
4430,suzhou,g00136x00184,suzhou_station_adc3ce742b9a,涵青桥(地铁站),120.7564825,31.3046003,2024-06-29,2024-06,,
4431,suzhou,g00137x00163,suzhou_station_21f76acb408e,徐家浜站,120.648628,31.307915,2024-06-29,2024-06,,
4432,suzhou,g00137x00167,suzhou_station_b1a493a2c851,秋塘浜站,120.6676672,31.3083428,2024-06-29,2024-06,,
4433,suzhou,g00137x00168,suzhou_station_f1aa5be277c9,李公堤西站,120.6754,31.30873,2024-06-29,2024-06,,
4434,suzhou,g00137x00179,suzhou_station_a086b716a68b,南施公园南(地铁站),120.7294383,31.3105481,2024-06-29,2024-06,,
4435,suzhou,g00137x00181,suzhou_station_f0d11c9aa76f,苏州奥体中心(地铁站),120.7398917,31.3104247,2024-06-29,2024-06,,
4436,suzhou,g00137x00183,suzhou_station_aa580f4a4538,儿童医院总院(地铁站),120.7523753,31.3111205,2024-06-29,2024-06,,
4437,suzhou,g00138x00159,suzhou_station_e14f273d06d7,临顿路(地铁站),120.6262702,31.3108414,2024-06-29,2024-06,,
4438,suzhou,g00139x00159,suzhou_station_3edf1ea51f7a,悬桥巷(地铁站),120.6248755,31.3161821,2024-06-29,2024-06,,
4439,suzhou,g00141x00158,suzhou_station_6c202186848a,拙政园苏博(地铁站),120.6225194,31.3254834,2024-06-29,2024-06,,
4440,suzhou,g00143x00147,suzhou_station_70e2c24f822e,金鸡墩(地铁站),120.5635724,31.3354053,2024-06-29,2024-06,,
4441,suzhou,g00143x00149,suzhou_station_e08d3d3488fa,虎丘(地铁站),120.5750405,31.3322428,2024-06-29,2024-06,,
4442,suzhou,g00143x00151,suzhou_station_ac04a236e161,青山桥浜(地铁站),120.583606,31.3345404,2024-06-29,2024-06,,
4443,suzhou,g00144x00153,suzhou_station_1bcd34f416f0,江星桥南(地铁站),120.5922495,31.3380163,2024-06-29,2024-06,,
4444,suzhou,g00144x00154,suzhou_station_40c25f4bd993,苏锦(地铁站),120.6010242,31.3385968,2024-06-29,2024-06,,
4445,suzhou,g00144x00156,suzhou_station_191916553a2e,平河路(地铁站),120.6102688,31.3390219,2024-06-29,2024-06,,
4446,suzhou,g00144x00159,suzhou_station_904126ea49ff,梅巷(地铁站),120.6265337,31.3376002,2024-06-29,2024-06,,
4447,suzhou,g00147x00145,suzhou_station_c2b9038bf617,长泾(地铁站),120.5499946,31.3498195,2024-06-29,2024-06,,
4448,suzhou,g00149x00143,suzhou_station_4cfd6c1e9b01,富强(地铁站),120.5399244,31.3587208,2024-06-29,2024-06,,
4449,suzhou,g00151x00141,suzhou_station_6c9a5ff20c0a,保丰(地铁站),120.5309256,31.3680765,2024-06-29,2024-06,,
4450,tianjin,g00119x00145,tianjin_station_333c03683dc7,双桥河(地铁站),117.424766,39.0017136,2024-07-01,2024-07,,
4451,foshan,g00111x00167,foshan_station_d08b86b19bfd,中山公园(地铁站),113.1106717,23.0506622,2024-08-23,2024-08,,
4452,foshan,g00111x00170,foshan_station_906ec5ed4007,叠滘(地铁站),113.1218897,23.0508197,2024-08-23,2024-08,,
4453,foshan,g00115x00158,foshan_station_8b888b706cfd,孝德东(地铁站),113.0638163,23.0697458,2024-08-23,2024-08,,
4454,foshan,g00120x00149,foshan_station_166a63a8f579,兴业东路(地铁站),113.0225097,23.0924362,2024-08-23,2024-08,,
4455,foshan,g00126x00149,foshan_station_8a4c46b90a31,博爱中路(地铁站),113.0202672,23.1195011,2024-08-23,2024-08,,
4456,foshan,g00131x00150,foshan_station_05d1dad6af5c,南海大学城(地铁站),113.0268207,23.142851,2024-08-23,2024-08,,
4457,foshan,g00133x00154,foshan_station_00bd3d01eee4,佛山大学(地铁站),113.0497298,23.1482408,2024-08-23,2024-08,,
4458,suzhou,g00124x00181,suzhou_station_f9a682578b2a,车坊(地铁站),120.7425294,31.2500153,2024-09-10,2024-09,,
4459,suzhou,g00126x00180,suzhou_station_338718c26bde,裕新路(地铁站),120.7398361,31.2581831,2024-09-10,2024-09,,
4460,suzhou,g00127x00179,suzhou_station_9a6110d9eb5c,松涛街(地铁站),120.7355778,31.2658462,2024-09-10,2024-09,,
4461,suzhou,g00130x00179,suzhou_station_2b9f1dcd113c,仁爱路(地铁站),120.7315498,31.2774012,2024-09-10,2024-09,,
4462,suzhou,g00132x00179,suzhou_station_95a37bcff6e8,莲池桥(地铁站),120.7299099,31.2880597,2024-09-10,2024-09,,
4463,suzhou,g00135x00179,suzhou_station_0155cd9cdd0a,斜塘(地铁站),120.7298538,31.3013184,2024-09-10,2024-09,,
4464,suzhou,g00137x00177,suzhou_station_52cc951c7f86,琼姬墩(地铁站),120.7212551,31.3106013,2024-09-10,2024-09,,
4465,suzhou,g00139x00143,suzhou_station_5d4decfcfff7,西津桥(地铁站),120.5419157,31.3153175,2024-09-10,2024-09,,
4466,suzhou,g00139x00175,suzhou_station_6e22ed9b340c,苏州当代美术馆(地铁站),120.7097231,31.3189188,2024-09-10,2024-09,,
4467,suzhou,g00140x00175,suzhou_station_bc2b656d8cc7,时代广场(地铁站),120.7088399,31.3244539,2024-09-10,2024-09,,
4468,suzhou,g00142x00143,suzhou_station_107e1c81331b,新元(地铁站),120.5415286,31.3277031,2024-09-10,2024-09,,
4469,suzhou,g00142x00175,suzhou_station_2c7d5bee9712,华池浜(地铁站),120.7081951,31.3327757,2024-09-10,2024-09,,
4470,suzhou,g00144x00145,suzhou_station_2dc0f3eeca41,时家桥(地铁站),120.5506532,31.337392,2024-09-10,2024-09,,
4471,suzhou,g00144x00169,suzhou_station_19ae3242b619,唐庄(地铁站),120.679321,31.3425124,2024-09-10,2024-09,,
4472,suzhou,g00145x00146,suzhou_station_d62aede47640,白洋湾公园(地铁站),120.5568372,31.3427718,2024-09-10,2024-09,,
4473,suzhou,g00145x00174,suzhou_station_1a09dad6f892,苏州园区火车站(地铁站),120.7074731,31.3443965,2024-09-10,2024-09,,
4474,suzhou,g00146x00167,suzhou_station_0e6b53a9e1ac,南泽庄(地铁站),120.6695405,31.351137,2024-09-10,2024-09,,
4475,suzhou,g00146x00173,suzhou_station_5e21591e9ef2,古楼(地铁站),120.6975058,31.347713,2024-09-10,2024-09,,
4476,suzhou,g00147x00147,suzhou_station_f4ae09556856,虎北路(地铁站),120.5617989,31.3502247,2024-09-10,2024-09,,
4477,suzhou,g00150x00151,suzhou_station_481b1e5136e9,虎丘湿地公园(地铁站),120.5858632,31.3638023,2024-09-10,2024-09,,
4478,suzhou,g00150x00154,suzhou_station_c56f606f31a4,孙武纪念园(地铁站),120.5986103,31.3641169,2024-09-10,2024-09,,
4479,suzhou,g00150x00155,suzhou_station_1d511e70cdab,御窑(地铁站),120.6052991,31.3644333,2024-09-10,2024-09,,
4480,suzhou,g00150x00157,suzhou_station_edde294838f3,陆慕古巷(地铁站),120.6167739,31.3651418,2024-09-10,2024-09,,
4481,suzhou,g00150x00161,suzhou_station_10211a4d708b,夏圩(地铁站),120.6340956,31.3670959,2024-09-10,2024-09,,
4482,suzhou,g00151x00158,suzhou_station_26d1a882c992,阳澄湖中路(地铁站),120.6227406,31.3689013,2024-09-10,2024-09,,
4483,suzhou,g00151x00162,suzhou_station_4e0f04169be7,白荡北(地铁站),120.6431345,31.3694288,2024-09-10,2024-09,,
4484,suzhou,g00152x00165,suzhou_station_e7e57b4c6d64,五潨泾(地铁站),120.6562909,31.3750705,2024-09-10,2024-09,,
4485,suzhou,g00152x00167,suzhou_station_66fbe33e441b,古香圩(地铁站),120.6667394,31.3749177,2024-09-10,2024-09,,
4486,xian,g00108x00236,xian_station_b4ba04d9fb5a,西安南站(地铁站),108.8107304,34.1229898,2024-09-26,2024-09,,
4487,xian,g00110x00239,xian_station_9563196f67cf,西电科大南校区·未来之瞳(地铁站),108.8258171,34.1338169,2024-09-26,2024-09,,
4488,xian,g00129x00278,xian_station_b380e9d98e8e,月登阁(地铁站),109.0334372,34.221722,2024-09-26,2024-09,,
4489,xian,g00129x00280,xian_station_ded4c8c3ced6,雁鸣湖(地铁站),109.0459309,34.2237491,2024-09-26,2024-09,,
4490,xian,g00151x00268,xian_station_94944da134c4,井上村(地铁站),108.9783833,34.3186232,2024-09-26,2024-09,,
4491,xian,g00153x00268,xian_station_2911a8613792,帽珥冢(地铁站),108.9794747,34.3308952,2024-09-26,2024-09,,
4492,xian,g00156x00268,xian_station_5311d61b82ce,团结村(地铁站),108.9795046,34.3415969,2024-09-26,2024-09,,
4493,xian,g00159x00268,xian_station_173227161d79,红旗厂(地铁站),108.9768446,34.3553419,2024-09-26,2024-09,,
4494,xian,g00163x00268,xian_station_68c7e43fb492,西安工大·武德路(地铁站),108.9768539,34.3755693,2024-09-26,2024-09,,
4495,xian,g00167x00268,xian_station_f14e67c751e0,景家堡(地铁站),108.9775097,34.3934237,2024-09-26,2024-09,,
4496,xian,g00171x00270,xian_station_13a36447d895,未央湖(地铁站),108.9881959,34.4088591,2024-09-26,2024-09,,
4497,xian,g00171x00276,xian_station_c5f7f08e0c1a,西堡(地铁站),109.0219734,34.4122347,2024-09-26,2024-09,,
4498,xian,g00175x00279,xian_station_599d3409b584,水流(地铁站),109.0344029,34.4284069,2024-09-26,2024-09,,
4499,xian,g00180x00279,xian_station_36143fbfd281,泾渭半岛(地铁站),109.0331753,34.4515036,2024-09-26,2024-09,,
4500,xian,g00184x00278,xian_station_e065ae7e6d45,杨官寨(地铁站),109.0310446,34.4691166,2024-09-26,2024-09,,
4501,xian,g00188x00278,xian_station_c25f323b0631,军庄(地铁站),109.0293511,34.4902617,2024-09-26,2024-09,,
4502,xian,g00192x00279,xian_station_cea50c512e48,崇皇(地铁站),109.0340066,34.5058163,2024-09-26,2024-09,,
4503,xian,g00192x00283,xian_station_e913d659f5bd,榆楚(地铁站),109.0567003,34.5074466,2024-09-26,2024-09,,
4504,xian,g00192x00287,xian_station_842d8c1e5331,鹿苑大道(地铁站),109.0768333,34.5088488,2024-09-26,2024-09,,
4505,xian,g00193x00291,xian_station_63eda6cfa474,杏王(地铁站),109.0985205,34.5106972,2024-09-26,2024-09,,
4506,xian,g00195x00292,xian_station_294fffc31ce2,昭慧广场(地铁站),109.10498,34.5232515,2024-09-26,2024-09,,
4507,shanghai,g00125x00155,shanghai_station_7dbf1ecf97f7,康恒路(地铁站),121.5494458,31.1564265,2024-09-28,2024-09,,
4508,tianjin,g00107x00085,tianjin_station_d31d8471fb6c,团泊医学园(地铁站),117.0733385,38.9482501,2024-09-28,2024-09,,
4509,tianjin,g00112x00086,tianjin_station_48aa97de6f3d,团泊健康城(地铁站),117.0803222,38.9730533,2024-09-28,2024-09,,
4510,tianjin,g00123x00092,tianjin_station_0c7366a4385b,精武(地铁站),117.1182711,39.0202435,2024-09-28,2024-09,,
4511,tianjin,g00125x00098,tianjin_station_8e20356503d1,京华东道(地铁站),117.1503297,39.0302863,2024-09-28,2024-09,,
4512,chengdu,g00024x00334,chengdu_station_e8fee9626a57,幸福大道站,104.61923,30.130039,2024-09-29,2024-09,,
4513,chengdu,g00035x00327,chengdu_station_74ab4d424b43,资阳临空站,104.582537,30.175802,2024-09-29,2024-09,,
4514,chengdu,g00058x00289,chengdu_station_c9693ab13547,福田(地铁站),104.3848752,30.2806562,2024-09-29,2024-09,,
4515,wuhan,g00218x00147,wuhan_station_7bc71251db64,青仔村(轨道产业基地)(地铁站),114.3273001,30.8844483,2024-10-01,2024-10,,
4516,wuhan,g00218x00152,wuhan_station_ecd8f037a884,百泰路(地铁站),114.353406,30.8857333,2024-10-01,2024-10,,
4517,wuhan,g00218x00156,wuhan_station_581cc5826e76,黄陂广场(地铁站),114.3731825,30.8829827,2024-10-01,2024-10,,
4518,guangzhou,g00105x00111,guangzhou_station_a370c31ebdd6,傍江(地铁站),113.4041274,22.9393591,2024-11-01,2024-11,,
4519,guangzhou,g00105x00117,guangzhou_station_d7469dc30018,石碁南(地铁站),113.4344085,22.9407159,2024-11-01,2024-11,,
4520,guangzhou,g00106x00121,guangzhou_station_965c00ad169e,海涌路(地铁站),113.4523039,22.9446539,2024-11-01,2024-11,,
4521,zhengzhou,g00133x00168,zhengzhou_station_0694594e91ef,市民大道(地铁站),113.5348818,34.7587771,2024-11-19,2024-11,,
4522,jinan,g00198x00197,jinan_station_9ef2f414a833,临港北路(地铁站),117.2011404,36.7981003,2024-11-22,2024-11,,
4523,jinan,g00201x00197,jinan_station_8b3031b32e0a,临空(地铁站),117.204101,36.814849,2024-11-22,2024-11,,
4524,harbin,g00387x00174,harbin_station_b4af67c66297,丁香公园(地铁站),126.5619565,45.7390428,2024-11-26,2024-11,,
4525,harbin,g00387x00176,harbin_station_f4b276129e5e,河山街(地铁站),126.5785389,45.741306,2024-11-26,2024-11,,
4526,harbin,g00388x00178,harbin_station_16173a202bb3,河松街(地铁站),126.5880229,45.7470339,2024-11-26,2024-11,,
4527,harbin,g00390x00178,harbin_station_35eb5e187a52,公路大桥(地铁站),126.5896836,45.7563126,2024-11-26,2024-11,,
4528,harbin,g00392x00178,harbin_station_28038aebaeaa,上海街(地铁站),126.5911635,45.7637688,2024-11-26,2024-11,,
4529,harbin,g00395x00181,harbin_station_d81099aa76b2,友谊宫(地铁站),126.6062666,45.7750922,2024-11-26,2024-11,,
4530,harbin,g00395x00183,harbin_station_53b7951c415c,兆麟公园(地铁站),126.6181991,45.7773747,2024-11-26,2024-11,,
4531,zhengzhou,g00126x00174,zhengzhou_station_44c1fcb74903,冯湾(地铁站),113.567552,34.7284328,2024-11-30,2024-11,,
4532,zhengzhou,g00127x00177,zhengzhou_station_ff2ef0cac917,李江沟(地铁站),113.5854459,34.7300852,2024-11-30,2024-11,,
4533,zhengzhou,g00127x00179,zhengzhou_station_5d3b1662e4b5,卧龙岗(地铁站),113.5975973,34.7301112,2024-11-30,2024-11,,
4534,zhengzhou,g00127x00184,zhengzhou_station_05719c7ab039,嵩淮(地铁站),113.6227221,34.7300961,2024-11-30,2024-11,,
4535,zhengzhou,g00127x00187,zhengzhou_station_f7ebccfa32ec,大学中路(地铁站),113.6379077,34.7292183,2024-11-30,2024-11,,
4536,zhengzhou,g00127x00189,zhengzhou_station_1108b31ff429,火车头体育场(地铁站),113.6490003,34.7301773,2024-11-30,2024-11,,
4537,zhengzhou,g00127x00193,zhengzhou_station_fded07c48238,陇秀公园(地铁站),113.6692251,34.7303239,2024-11-30,2024-11,,
4538,zhengzhou,g00127x00196,zhengzhou_station_dfe2fb286df6,二里岗东(地铁站),113.6858135,34.7287596,2024-11-30,2024-11,,
4539,zhengzhou,g00129x00198,zhengzhou_station_774b175d2f57,凤凰台南(地铁站),113.6979933,34.7389704,2024-11-30,2024-11,,
4540,zhengzhou,g00140x00200,zhengzhou_station_512be9096047,金汇桥(地铁站),113.7100375,34.7871262,2024-11-30,2024-11,,
4541,zhengzhou,g00142x00200,zhengzhou_station_9d03f20a1f91,小营(地铁站),113.7130352,34.7958288,2024-11-30,2024-11,,
4542,zhengzhou,g00146x00201,zhengzhou_station_8732a022cb48,金融岛西(地铁站),113.7196174,34.8129952,2024-11-30,2024-11,,
4543,suzhou,g00123x00160,suzhou_station_04e6de5c72ab,枫津路(地铁站),120.6330023,31.2453866,2024-12-01,2024-12,,
4544,suzhou,g00123x00161,suzhou_station_d79c8a18473e,金家桥南(地铁站),120.6415526,31.2435641,2024-12-01,2024-12,,
4545,suzhou,g00123x00165,suzhou_station_d46b6f370660,尹山(地铁站),120.6624612,31.2434293,2024-12-01,2024-12,,
4546,suzhou,g00124x00167,suzhou_station_223e73a553d6,郭巷(地铁站),120.6695318,31.2510354,2024-12-01,2024-12,,
4547,suzhou,g00126x00167,suzhou_station_d774d1fbb437,林家潭(地铁站),120.6700691,31.2589279,2024-12-01,2024-12,,
4548,suzhou,g00129x00166,suzhou_station_e9b189da987d,通园路南(地铁站),120.6642152,31.2716576,2024-12-01,2024-12,,
4549,suzhou,g00131x00166,suzhou_station_c8aa4267726e,群力(地铁站),120.6626457,31.2811436,2024-12-01,2024-12,,
4550,suzhou,g00133x00165,suzhou_station_c79402468593,娄葑(地铁站),120.66111,31.2914334,2024-12-01,2024-12,,
4551,suzhou,g00135x00165,suzhou_station_4f42ad292ece,黄天荡(地铁站),120.6594698,31.2988755,2024-12-01,2024-12,,
4552,suzhou,g00137x00165,suzhou_station_39003d910d93,惹云桥站,120.657945,31.307926,2024-12-01,2024-12,,
4553,suzhou,g00138x00165,suzhou_station_7d55b43d969e,中央公园(地铁站),120.6568707,31.3149302,2024-12-01,2024-12,,
4554,suzhou,g00140x00165,suzhou_station_7a9faa08a447,积翠桥(地铁站),120.6561994,31.3225576,2024-12-01,2024-12,,
4555,suzhou,g00143x00164,suzhou_station_f8c2249a7890,洋泾(地铁站),120.6530616,31.3358166,2024-12-01,2024-12,,
4556,suzhou,g00145x00164,suzhou_station_4b923fec954a,板泾(地铁站),120.6522316,31.3428316,2024-12-01,2024-12,,
4557,suzhou,g00153x00162,suzhou_station_f2ca7ace390a,华元路东(地铁站),120.6416524,31.3781635,2024-12-01,2024-12,,
4558,suzhou,g00154x00162,suzhou_station_7ab6a20930be,春申湖东路(地铁站),120.6405847,31.3845284,2024-12-01,2024-12,,
4559,suzhou,g00156x00162,suzhou_station_f45af6dc3bdd,蠡塘河路(地铁站),120.6401338,31.391849,2024-12-01,2024-12,,
4560,suzhou,g00158x00162,suzhou_station_4fce3ce1ee0e,登云(地铁站),120.6420266,31.4031367,2024-12-01,2024-12,,
4561,suzhou,g00160x00164,suzhou_station_4df6fa2d6239,常楼站,120.649001,31.413814,2024-12-01,2024-12,,
4562,xuzhou,g00114x00166,xuzhou_station_ddff4075da5f,银山(地铁站),117.1459831,34.1419552,2024-12-03,2024-12,,
4563,xuzhou,g00147x00181,xuzhou_station_7734b3ca751f,杨庄(地铁站),117.2238563,34.2902197,2024-12-03,2024-12,,
4564,xuzhou,g00148x00182,xuzhou_station_3b0477566376,金山桥(地铁站),117.2338893,34.2946793,2024-12-03,2024-12,,
4565,xuzhou,g00150x00188,xuzhou_station_dcee3cef8f8e,蟠桃(地铁站),117.265864,34.3012551,2024-12-03,2024-12,,
4566,xuzhou,g00150x00190,xuzhou_station_ae51d91b2d39,振兴大道(地铁站),117.2762077,34.301214,2024-12-03,2024-12,,
4567,beijing,g00126x00198,beijing_station_9e802747c149,工人体育场(地铁站),116.4442684,39.9327033,2024-12-15,2024-12,,
4568,beijing,g00126x00199,beijing_station_8444ce6861a7,团结湖(地铁站),116.4540343,39.9324008,2024-12-15,2024-12,,
4569,beijing,g00126x00202,beijing_station_89069898a349,朝阳公园(地铁站),116.4721999,39.932206,2024-12-15,2024-12,,
4570,beijing,g00126x00206,beijing_station_b452bfa0f327,石佛营(地铁站),116.4934509,39.9341709,2024-12-15,2024-12,,
4571,beijing,g00128x00168,beijing_station_88bb764abfae,四季青桥(地铁站),116.2681514,39.9411855,2024-12-15,2024-12,,
4572,beijing,g00128x00207,beijing_station_cc47b69e2cab,朝阳站(地铁站),116.4997718,39.9425674,2024-12-15,2024-12,,
4573,beijing,g00129x00211,beijing_station_8ad7b83eed6f,姚家园(地铁站),116.5213701,39.9466049,2024-12-15,2024-12,,
4574,beijing,g00130x00214,beijing_station_85e06c5cf4d3,东坝南(地铁站),116.5412784,39.951044,2024-12-15,2024-12,,
4575,beijing,g00131x00169,beijing_station_5b36e5ac58a1,蓝靛厂(地铁站),116.2765405,39.9558791,2024-12-15,2024-12,,
4576,beijing,g00133x00173,beijing_station_98a7b7ead350,苏州桥(地铁站),116.3017349,39.9610381,2024-12-15,2024-12,,
4577,beijing,g00133x00180,beijing_station_a7ac10d37a53,大钟寺(地铁站),116.338959,39.965266,2024-12-15,2024-12,,
4578,beijing,g00133x00196,beijing_station_6d7b12be71d9,西坝河(地铁站),116.4360502,39.9643386,2024-12-15,2024-12,,
4579,beijing,g00133x00214,beijing_station_4de1a9b7e868,东坝(地铁站),116.5412717,39.9646354,2024-12-15,2024-12,,
4580,beijing,g00134x00182,beijing_station_cae432651d69,蓟门桥(地铁站),116.3497674,39.9663824,2024-12-15,2024-12,,
4581,beijing,g00134x00184,beijing_station_13983ea31933,北太平庄(地铁站),116.36381,39.966497,2024-12-15,2024-12,,
4582,beijing,g00134x00186,beijing_station_4d617a8c64fe,马甸桥(地铁站),116.3759719,39.9668633,2024-12-15,2024-12,,
4583,beijing,g00134x00190,beijing_station_d44c71737162,安贞桥(地铁站),116.4009684,39.967506,2024-12-15,2024-12,,
4584,beijing,g00134x00195,beijing_station_81292b3a2695,光熙门站,116.425641,39.9669843,2024-12-15,2024-12,,
4585,beijing,g00135x00203,beijing_station_518222fc54df,将台西(地铁站),116.4739554,39.9713803,2024-12-15,2024-12,,
4586,beijing,g00135x00212,beijing_station_52d82c4f5e50,东坝西(地铁站),116.5287799,39.9731441,2024-12-15,2024-12,,
4587,beijing,g00135x00216,beijing_station_c970de03e201,东坝北站,116.5495417,39.9744111,2024-12-15,2024-12,,
4588,beijing,g00136x00205,beijing_station_0ade591e0496,高家园(地铁站),116.4855042,39.9791235,2024-12-15,2024-12,,
4589,beijing,g00136x00207,beijing_station_b21be432ec35,驼房营(地铁站),116.4996337,39.9792315,2024-12-15,2024-12,,
4590,beijing,g00149x00178,beijing_station_fe80ab5b9de7,朱房北(地铁站),116.3255524,40.0346301,2024-12-15,2024-12,,
4591,qingdao,g00151x00168,qingdao_station_53d91f9e2c28,四川路(轮渡)(地铁站),120.2986379,36.0672586,2024-12-18,2024-12,,
4592,qingdao,g00153x00170,qingdao_station_4cbff4a75a0e,小港(地铁站),120.3138251,36.0776718,2024-12-18,2024-12,,
4593,qingdao,g00155x00171,qingdao_station_4ccb6438a14f,国际邮轮港(地铁站),120.317763,36.0845648,2024-12-18,2024-12,,
4594,chengdu,g00116x00210,chengdu_station_c930fe5bf04e,龙港(地铁站),103.9719333,30.5380931,2024-12-19,2024-12,,
4595,chengdu,g00149x00216,chengdu_station_b6f9c710644f,金沙滨河公园(地铁站),103.999121,30.6888303,2024-12-19,2024-12,,
4596,chengdu,g00149x00217,chengdu_station_c6a8d6932501,黄忠(地铁站),104.0053439,30.6899509,2024-12-19,2024-12,,
4597,chengdu,g00149x00245,chengdu_station_7fcd38f1fd0d,圣灯公园(地铁站),104.1489045,30.689926,2024-12-19,2024-12,,
4598,chengdu,g00150x00214,chengdu_station_93c1d5bed39a,蜀鑫路(地铁站),103.9912121,30.6919179,2024-12-19,2024-12,,
4599,chengdu,g00150x00246,chengdu_station_a2db3c7077d1,龙潭立交(地铁站),104.1551543,30.6966949,2024-12-19,2024-12,,
4600,chengdu,g00151x00218,chengdu_station_dce59ed98625,羊犀立交(地铁站),104.0103005,30.696443,2024-12-19,2024-12,,
4601,chengdu,g00152x00247,chengdu_station_afeb0dcb8d4b,龙潭寺(地铁站),104.1624985,30.7043138,2024-12-19,2024-12,,
4602,chengdu,g00153x00220,chengdu_station_61a64b8b131f,金牛公园(地铁站),104.0206024,30.706893,2024-12-19,2024-12,,
4603,chengdu,g00154x00221,chengdu_station_39894280e0ed,花照壁北(地铁站),104.0278269,30.7106893,2024-12-19,2024-12,,
4604,chengdu,g00154x00223,chengdu_station_57dd3c65a0dd,金府(地铁站),104.0344875,30.7138736,2024-12-19,2024-12,,
4605,chengdu,g00154x00248,chengdu_station_ddeb7f07242f,同乐(地铁站),104.1679834,30.7142434,2024-12-19,2024-12,,
4606,chengdu,g00155x00230,chengdu_station_11242ecb34d3,双水碾(地铁站),104.0736542,30.7155774,2024-12-19,2024-12,,
4607,chengdu,g00155x00250,chengdu_station_77f8d1462765,桂林(地铁站),104.1767798,30.7193145,2024-12-19,2024-12,,
4608,chengdu,g00155x00252,chengdu_station_0380a609c59e,桂龙路(地铁站),104.1867207,30.7193396,2024-12-19,2024-12,,
4609,chengdu,g00156x00224,chengdu_station_f155e6df3902,新桥(地铁站),104.0417618,30.7194615,2024-12-19,2024-12,,
4610,chengdu,g00156x00229,chengdu_station_d4ba90b30f54,王贾桥(地铁站),104.0658701,30.7197584,2024-12-19,2024-12,,
4611,chengdu,g00156x00232,chengdu_station_f363810f45c6,韦家碾站,104.0844,30.7201,2024-12-19,2024-12,,
4612,chengdu,g00157x00225,chengdu_station_57aa77ac1bec,沙河源(地铁站),104.0482151,30.7251808,2024-12-19,2024-12,,
4613,chengdu,g00157x00227,chengdu_station_1cd4bb3fcf80,洞子口(地铁站),104.0559756,30.7239307,2024-12-19,2024-12,,
4614,chengdu,g00159x00233,chengdu_station_132301970457,赖家店(地铁站),104.0861743,30.7349191,2024-12-19,2024-12,,
4615,chengdu,g00163x00235,chengdu_station_adc8fe76f573,鲤鱼湾(地铁站),104.0967297,30.7549401,2024-12-19,2024-12,,
4616,chengdu,g00165x00235,chengdu_station_28ebb8dc2a33,范家巷(地铁站),104.100132,30.7627705,2024-12-19,2024-12,,
4617,chengdu,g00167x00235,chengdu_station_1b4590d39c52,三圣寺(地铁站),104.0993926,30.7726252,2024-12-19,2024-12,,
4618,chengdu,g00169x00235,chengdu_station_ed224f14750f,石门坎(地铁站),104.0992223,30.7791128,2024-12-19,2024-12,,
4619,chengdu,g00174x00236,chengdu_station_8c7ee2609487,旃檀寺(地铁站),104.1030874,30.8019586,2024-12-19,2024-12,,
4620,chengdu,g00176x00237,chengdu_station_4b78474829e0,兴城大道(地铁站),104.1077091,30.8126068,2024-12-19,2024-12,,
4621,chengdu,g00178x00238,chengdu_station_2c4a4c2b46ad,慈义(地铁站),104.1123879,30.8200326,2024-12-19,2024-12,,
4622,chengdu,g00179x00237,chengdu_station_2d5e14508cec,石佛(地铁站),104.109348,30.8274866,2024-12-19,2024-12,,
4623,hefei,g00228x00134,hefei_station_abdfe22cffdd,一里井(地铁站),117.2816529,31.889028,2024-12-26,2024-12,,
4624,hefei,g00236x00133,hefei_station_adbc08bb8d64,庐阳经开区(地铁站),117.2750243,31.9246808,2024-12-26,2024-12,,
4625,hefei,g00243x00128,hefei_station_60bb532323e2,双凤(地铁站),117.2514636,31.9584622,2024-12-26,2024-12,,
4626,hefei,g00247x00128,hefei_station_3fb3e971b5c0,金梅路(地铁站),117.2493373,31.9775821,2024-12-26,2024-12,,
4627,hefei,g00252x00128,hefei_station_e50e0e739042,梅冲湖(地铁站),117.248506,31.9967347,2024-12-26,2024-12,,
4628,hefei,g00255x00127,hefei_station_090d20123cc1,北城世纪城(地铁站),117.2426522,32.0123397,2024-12-26,2024-12,,
4629,hefei,g00259x00127,hefei_station_46f216b304de,双墩(地铁站),117.2430983,32.0315471,2024-12-26,2024-12,,
4630,hefei,g00263x00126,hefei_station_808c27f4d49b,省立医院北区(地铁站),117.2406046,32.0465553,2024-12-26,2024-12,,
4631,hefei,g00267x00128,hefei_station_6e4212bbed7d,北城高铁站(地铁站),117.2508291,32.0647977,2024-12-26,2024-12,,
4632,xian,g00124x00256,xian_station_e3d7deff25e3,安化门(地铁站),108.9147953,34.1999926,2024-12-26,2024-12,,
4633,xian,g00124x00257,xian_station_41e8adc9c9fb,东仪路(地铁站),108.923729,34.2000537,2024-12-26,2024-12,,
4634,xian,g00124x00264,xian_station_d8f5a4491266,大唐不夜城(地铁站),108.9590766,34.1984669,2024-12-26,2024-12,,
4635,xian,g00125x00253,xian_station_c34c56ea7963,山门口(地铁站),108.900703,34.2000133,2024-12-26,2024-12,,
4636,xian,g00125x00268,xian_station_40abc315a10c,寒窑(地铁站),108.9844056,34.2015498,2024-12-26,2024-12,,
4637,xian,g00125x00270,xian_station_0ed426d85f04,新开门(地铁站),108.9942472,34.2015499,2024-12-26,2024-12,,
4638,xian,g00126x00273,xian_station_34c58d5ce3e4,缪家寨(地铁站),109.0086058,34.2094078,2024-12-26,2024-12,,
4639,xian,g00127x00275,xian_station_02962a091461,植物园(地铁站),109.0204656,34.2117857,2024-12-26,2024-12,,
4640,xian,g00128x00250,xian_station_bb108b9fa32b,木塔寺西(地铁站),108.8851951,34.2138849,2024-12-26,2024-12,,
4641,xian,g00131x00250,xian_station_18fff7403c20,科技二路(地铁站),108.885157,34.2272961,2024-12-26,2024-12,,
4642,xian,g00131x00274,xian_station_ace5b7273eb2,东等驾坡(地铁站),109.015057,34.2302964,2024-12-26,2024-12,,
4643,xian,g00134x00273,xian_station_c16bcd204caa,西等驾坡(地铁站),109.0094136,34.2426563,2024-12-26,2024-12,,
4644,xian,g00137x00274,xian_station_28b58657f357,韩森寨站,109.011092,34.259793,2024-12-26,2024-12,,
4645,xian,g00138x00250,xian_station_9a296cdfb8c4,土门(地铁站),108.8850883,34.2609463,2024-12-26,2024-12,,
4646,xian,g00143x00251,xian_station_5bac1c4e91ca,白家口(地铁站),108.8867894,34.2833809,2024-12-26,2024-12,,
4647,xian,g00143x00273,xian_station_7ebb95497146,幸福林带北(地铁站),109.0094798,34.2838127,2024-12-26,2024-12,,
4648,xian,g00144x00253,xian_station_7d6e1c4c0927,光化门(地铁站),108.8978691,34.2880332,2024-12-26,2024-12,,
4649,xian,g00144x00255,xian_station_4ef6cd39b7f9,景曜门(地铁站),108.908645,34.2864619,2024-12-26,2024-12,,
4650,xian,g00145x00257,xian_station_804b485749bd,红庙坡(地铁站),108.9176321,34.2919061,2024-12-26,2024-12,,
4651,xian,g00147x00274,xian_station_7f4889e2babf,米家崖(地铁站),109.0104122,34.3038912,2024-12-26,2024-12,,
4652,xian,g00148x00257,xian_station_b26ce23ccff1,大风阁(地铁站),108.9185346,34.303882,2024-12-26,2024-12,,
4653,xian,g00150x00271,xian_station_a164888f5fdb,北辰东路(地铁站),108.9978876,34.3186293,2024-12-26,2024-12,,
4654,xian,g00151x00258,xian_station_b32ff790bd96,霸城门(地铁站),108.9251254,34.3194426,2024-12-26,2024-12,,
4655,xian,g00151x00264,xian_station_c21cff4b5fe2,市第三医院(地铁站),108.9556152,34.3193935,2024-12-26,2024-12,,
4656,shanghai,g00119x00143,shanghai_station_380129956dc0,三林南站,121.48336,31.12818,2024-12-27,2024-12,,
4657,shanghai,g00123x00167,shanghai_station_412c8b53ac24,康桥东站,121.6106944,31.1490556,2024-12-27,2024-12,,
4658,shanghai,g00125x00179,shanghai_station_5465ae21a8e8,上海国际旅游度假区(地铁站),121.6754311,31.1583142,2024-12-27,2024-12,,
4659,wuhan,g00132x00160,wuhan_station_e60acfb18d39,关山大道(地铁站),114.4078989,30.499349,2024-12-27,2024-12,,
4660,wuhan,g00134x00157,wuhan_station_251107fdb0c0,光谷广场站,114.39,30.5079,2024-12-27,2024-12,,
4661,wuhan,g00136x00148,wuhan_station_831ec323cd4f,马房山(地铁站),114.3425743,30.5164269,2024-12-27,2024-12,,
4662,wuhan,g00136x00152,wuhan_station_ff94b0e813b6,虎泉(地铁站),114.3649461,30.5146833,2024-12-27,2024-12,,
4663,wuhan,g00137x00154,wuhan_station_e11773ce994c,武汉体育学院(地铁站),114.3739211,30.5192912,2024-12-27,2024-12,,
4664,wuhan,g00138x00137,wuhan_station_4b15d9796b3d,江安路站,114.287896,30.521075,2024-12-27,2024-12,,
4665,wuhan,g00138x00145,wuhan_station_4e587f32e704,丁字桥(地铁站),114.3254517,30.5238544,2024-12-27,2024-12,,
4666,wuhan,g00140x00139,wuhan_station_3e075f8920bd,紫阳湖站,114.295709,30.530771,2024-12-27,2024-12,,
4667,guangzhou,g00135x00081,guangzhou_station_64d2a0b4e2bd,棣园(地铁站),113.2589423,23.075608,2024-12-28,2024-12,,
4668,guangzhou,g00136x00091,guangzhou_station_1320bd8c875f,上涌(地铁站),113.3074772,23.0824787,2024-12-28,2024-12,,
4669,guangzhou,g00137x00087,guangzhou_station_7ed726b24f9b,五凤(地铁站),113.2907051,23.0846681,2024-12-28,2024-12,,
4670,guangzhou,g00137x00089,guangzhou_station_816d5cd82084,逸景路(地铁站),113.299718,23.0846405,2024-12-28,2024-12,,
4671,guangzhou,g00138x00077,guangzhou_station_8f5444c0c20e,大冲口(地铁站),113.2392296,23.0916996,2024-12-28,2024-12,,
4672,guangzhou,g00138x00101,guangzhou_station_39844d9ecfcd,赤沙(地铁站),113.3580191,23.0872892,2024-12-28,2024-12,,
4673,guangzhou,g00141x00073,guangzhou_station_d1f9b5387fdb,石围塘(地铁站),113.2195149,23.1064494,2024-12-28,2024-12,,
4674,guangzhou,g00149x00079,guangzhou_station_b03299f98a6e,流花(地铁站),113.2518685,23.1425593,2024-12-28,2024-12,,
4675,guangzhou,g00149x00100,guangzhou_station_763b0f232bb0,华景路站,113.35422,23.13709,2024-12-28,2024-12,,
4676,guangzhou,g00150x00096,guangzhou_station_a767f338aabc,龙口西(地铁站),113.3322185,23.1440337,2024-12-28,2024-12,,
4677,guangzhou,g00152x00090,guangzhou_station_621cd687d321,沙河(地铁站),113.3073525,23.1550343,2024-12-28,2024-12,,
4678,guangzhou,g00153x00086,guangzhou_station_6a9ce54eab4a,云台花园(地铁站),113.287186,23.1565401,2024-12-28,2024-12,,
4679,guangzhou,g00154x00083,guangzhou_station_ae5666f123f6,大金钟路(地铁站),113.271567,23.1643882,2024-12-28,2024-12,,
4680,nanjing,g00197x00092,nanjing_station_b9e17df485ed,南湖站,118.74901,32.02579,2024-12-28,2024-12,,
4681,nanjing,g00199x00093,nanjing_station_dfd4de2a840e,大士茶亭(地铁站),118.7521105,32.0337891,2024-12-28,2024-12,,
4682,nanjing,g00208x00092,nanjing_station_e37a6ab118b4,古平岗(地铁站),118.752707,32.0732671,2024-12-28,2024-12,,
4683,nanjing,g00210x00093,nanjing_station_36e6ed34a32e,福建路(地铁站),118.7541357,32.0819474,2024-12-28,2024-12,,
4684,shenzhen,g00177x00105,shenzhen_station_1266ecbf199c,福星(地铁站),114.0764094,22.5400757,2024-12-28,2024-12,,
4685,shenzhen,g00190x00084,shenzhen_station_e4a6fd283dc8,北大(地铁站),113.9733685,22.5969245,2024-12-28,2024-12,,
4686,shenzhen,g00220x00147,shenzhen_station_2ad3dd1e289b,梨园(地铁站),114.276901,22.7376439,2024-12-28,2024-12,,
4687,shenzhen,g00223x00046,shenzhen_station_b1ce265dff24,蚝乡(地铁站),113.7850287,22.7434054,2024-12-28,2024-12,,
4688,shenzhen,g00223x00048,shenzhen_station_0dcfccc6f1eb,沙蚝(地铁站),113.7964966,22.7424849,2024-12-28,2024-12,,
4689,shenzhen,g00223x00147,shenzhen_station_f9a1a6bb7d6e,新生(地铁站),114.2781863,22.7507935,2024-12-28,2024-12,,
4690,shenzhen,g00224x00050,shenzhen_station_552db1cd6e91,沙井古墟(地铁站),113.8034764,22.7469923,2024-12-28,2024-12,,
4691,shenzhen,g00226x00147,shenzhen_station_9afe4aa4b88f,坪西(地铁站),114.2774018,22.7662276,2024-12-28,2024-12,,
4692,shenzhen,g00227x00051,shenzhen_station_58cb7c3f1968,步涌(地铁站),113.8071118,22.7602156,2024-12-28,2024-12,,
4693,shenzhen,g00228x00149,shenzhen_station_625fdb489adc,低碳城(地铁站),114.2845109,22.7738002,2024-12-28,2024-12,,
4694,shenzhen,g00228x00152,shenzhen_station_a779c719747d,白石塘(地铁站),114.2980092,22.7778923,2024-12-28,2024-12,,
4695,shenzhen,g00229x00052,shenzhen_station_4798c20356d6,朗下(地铁站),113.8130607,22.7708111,2024-12-28,2024-12,,
4696,shenzhen,g00230x00054,shenzhen_station_d9ce4f34c989,松岗(地铁站),113.8226641,22.7746539,2024-12-28,2024-12,,
4697,shenzhen,g00230x00153,shenzhen_station_abae750ff8b4,富坪(地铁站),114.3060384,22.7829077,2024-12-28,2024-12,,
4698,shenzhen,g00231x00156,shenzhen_station_50539fb1e496,坪地六联(地铁站),114.3171728,22.7897127,2024-12-28,2024-12,,
4699,tianjin,g00134x00114,tianjin_station_5143e1dfc68f,陈塘(地铁站),117.243286,39.0698424,2024-12-28,2024-12,,
4700,tianjin,g00135x00113,tianjin_station_8f8f9aeb2c6d,内江路(地铁站),117.2393365,39.0768049,2024-12-28,2024-12,,
4701,tianjin,g00136x00109,tianjin_station_1057b239b9cc,医大二院(地铁站),117.2166631,39.0803989,2024-12-28,2024-12,,
4702,tianjin,g00137x00107,tianjin_station_8215b06b16e8,文化中心(地铁站),117.2010741,39.0846737,2024-12-28,2024-12,,
4703,tianjin,g00140x00099,tianjin_station_ed85f8a00542,水上公园西路站,117.1595,39.0989722,2024-12-28,2024-12,,
4704,tianjin,g00140x00103,tianjin_station_c06555ead14e,吴家窑(地铁站),117.1798195,39.0987406,2024-12-28,2024-12,,
4705,tianjin,g00140x00105,tianjin_station_5b970ebde850,佟楼(地铁站),117.1920883,39.0987295,2024-12-28,2024-12,,
4706,tianjin,g00141x00102,tianjin_station_f882c6a43a13,南开大学八里台(地铁站),117.1732882,39.1016938,2024-12-28,2024-12,,
4707,zhengzhou,g00111x00187,zhengzhou_station_50fbe0d659d3,南岗刘(地铁站),113.6381259,34.6569139,2024-12-29,2024-12,,
4708,zhengzhou,g00114x00187,zhengzhou_station_1afee78ff82e,南环公园(地铁站),113.6379886,34.6718965,2024-12-29,2024-12,,
4709,zhengzhou,g00116x00187,zhengzhou_station_332a066ac3cc,荆胡(地铁站),113.6380295,34.6816874,2024-12-29,2024-12,,
4710,zhengzhou,g00120x00187,zhengzhou_station_1f3aa64bd2ee,漓江路(地铁站),113.6379661,34.6959462,2024-12-29,2024-12,,
4711,zhengzhou,g00122x00187,zhengzhou_station_1b5ed37dbbb7,王胡砦(地铁站),113.6379869,34.7070276,2024-12-29,2024-12,,
4712,zhengzhou,g00129x00187,zhengzhou_station_e24eb3f46fcf,市骨科医院(地铁站),113.6379957,34.7375859,2024-12-29,2024-12,,
4713,zhengzhou,g00131x00219,zhengzhou_station_2530b905a1b8,圃田(地铁站),113.8150496,34.7442867,2024-12-29,2024-12,,
4714,zhengzhou,g00133x00187,zhengzhou_station_59ce8053d149,郑大一附院(地铁站),113.6385828,34.7570287,2024-12-29,2024-12,,
4715,zhengzhou,g00135x00224,zhengzhou_station_9f9611334c32,省社科院(地铁站),113.8428414,34.7592018,2024-12-29,2024-12,,
4716,zhengzhou,g00135x00228,zhengzhou_station_7e8900521d97,福泽路(地铁站),113.8636357,34.7597313,2024-12-29,2024-12,,
4717,zhengzhou,g00135x00230,zhengzhou_station_d3fb2a3d7054,李湖桥(地铁站),113.8767008,34.7597694,2024-12-29,2024-12,,
4718,zhengzhou,g00135x00234,zhengzhou_station_1e5b409b74b0,龙王庙(地铁站),113.8966507,34.7593944,2024-12-29,2024-12,,
4719,zhengzhou,g00136x00239,zhengzhou_station_afce9b7f688a,绿博园(地铁站),113.9236561,34.7619445,2024-12-29,2024-12,,
4720,zhengzhou,g00136x00242,zhengzhou_station_a648a6b782c6,鲁庙(地铁站),113.9419226,34.7640247,2024-12-29,2024-12,,
4721,zhengzhou,g00139x00211,zhengzhou_station_a442c21daa8e,畅和街(地铁站),113.7697698,34.7806524,2024-12-29,2024-12,,
4722,zhengzhou,g00140x00181,zhengzhou_station_869f2b01c706,五龙口(地铁站),113.60734,34.7905798,2024-12-29,2024-12,,
4723,zhengzhou,g00140x00191,zhengzhou_station_2ba8010d2ce1,农业大学(地铁站),113.6604725,34.7884702,2024-12-29,2024-12,,
4724,zhengzhou,g00141x00174,zhengzhou_station_a04b0b993afb,南流(地铁站),113.5726513,34.7928399,2024-12-29,2024-12,,
4725,zhengzhou,g00141x00179,zhengzhou_station_b2412f212d7f,大学科技园(地铁站),113.598729,34.7919516,2024-12-29,2024-12,,
4726,zhengzhou,g00142x00196,zhengzhou_station_c5c0c656300e,枣庄(地铁站),113.6881628,34.7958928,2024-12-29,2024-12,,
4727,zhengzhou,g00142x00208,zhengzhou_station_b0828b630ffc,郑大一附院东区(地铁站),113.7571126,34.7965431,2024-12-29,2024-12,,
4728,zhengzhou,g00143x00173,zhengzhou_station_60606ef394c7,冬青街(地铁站),113.5622766,34.8022271,2024-12-29,2024-12,,
4729,zhengzhou,g00143x00187,zhengzhou_station_e66d8942984f,省中医院(地铁站),113.6420041,34.8007473,2024-12-29,2024-12,,
4730,zhengzhou,g00143x00191,zhengzhou_station_13a4791da197,白庙(地铁站),113.6607817,34.8002135,2024-12-29,2024-12,,
4731,zhengzhou,g00144x00156,zhengzhou_station_428d0139946b,天健湖(地铁站),113.4723035,34.8090389,2024-12-29,2024-12,,
4732,zhengzhou,g00144x00161,zhengzhou_station_f898a05bc29d,轻工业大学(地铁站),113.4996144,34.8091392,2024-12-29,2024-12,,
4733,zhengzhou,g00144x00164,zhengzhou_station_c5ff5106cb41,祥营(地铁站),113.5179272,34.8090931,2024-12-29,2024-12,,
4734,zhengzhou,g00144x00171,zhengzhou_station_c76c70e610c6,银屏路(地铁站),113.5549751,34.8091872,2024-12-29,2024-12,,
4735,zhengzhou,g00146x00190,zhengzhou_station_a95dd3035c85,陈砦(地铁站),113.6583047,34.8133825,2024-12-29,2024-12,,
4736,zhengzhou,g00152x00188,zhengzhou_station_eed890184cbc,琉璃寺(地铁站),113.6475568,34.8433137,2024-12-29,2024-12,,
4737,zhengzhou,g00156x00186,zhengzhou_station_22a760941b49,北大学城(地铁站),113.6404202,34.8609841,2024-12-29,2024-12,,
4738,zhengzhou,g00160x00186,zhengzhou_station_a0024624967f,东赵(地铁站),113.6371289,34.8804613,2024-12-29,2024-12,,
4739,hangzhou,g00247x00339,hangzhou_station_eddec1127626,南湖东(地铁站),119.9424261,30.262623,2025-01-01,2025-01,,
4740,chongqing,g00345x00199,chongqing_station_73bebd0dfb47,璧城(地铁站),106.2176091,29.6272772,2025-01-02,2025-01,,
4741,chongqing,g00351x00197,chongqing_station_6a6855ae7410,河边(地铁站),106.206629,29.6539122,2025-01-02,2025-01,,
4742,chongqing,g00367x00199,chongqing_station_dcfd6950e59f,大路(地铁站),106.2156904,29.7255824,2025-01-02,2025-01,,
4743,chongqing,g00382x00185,chongqing_station_b4fe175ca8cf,庆隆(地铁站),106.1457491,29.7919915,2025-01-02,2025-01,,
4744,chongqing,g00388x00177,chongqing_station_8f742e6ef7ad,科创新城(地铁站),106.1041996,29.8185677,2025-01-02,2025-01,,
4745,chongqing,g00390x00165,chongqing_station_55e54252bc1e,铜梁西(地铁站),106.0421349,29.8282117,2025-01-02,2025-01,,
4746,chongqing,g00391x00171,chongqing_station_d1e01235209f,铜梁龙城天街(地铁站),106.0753065,29.8338124,2025-01-02,2025-01,,
4747,ningbo,g00290x00130,ningbo_station_85f4e8c27641,慈城西(地铁站),121.4330326,29.987301,2025-01-10,2025-01,,
4748,xian,g00182x00232,xian_station_2a9c1281a6ac,机场（T5）站,108.7801,34.4554,2025-02-18,2025-02,,
4749,taiyuan,g00098x00214,taiyuan_station_1cf65176f6fd,北营(地铁站),112.6143082,37.7857021,2025-02-22,2025-02,,
4750,taiyuan,g00100x00212,taiyuan_station_8a4e83da7ac6,太原南站(地铁站),112.6061929,37.7922702,2025-02-22,2025-02,,
4751,taiyuan,g00103x00212,taiyuan_station_675ca792e12f,学府东街(地铁站),112.6036922,37.8093529,2025-02-22,2025-02,,
4752,taiyuan,g00108x00211,taiyuan_station_6228fdf058fb,南十方街(地铁站),112.5998686,37.8298025,2025-02-22,2025-02,,
4753,taiyuan,g00110x00211,taiyuan_station_4890a94e4afc,双塔(地铁站),112.5983444,37.8397436,2025-02-22,2025-02,,
4754,taiyuan,g00114x00194,taiyuan_station_cbd3d05d5d73,下元(地铁站),112.5043851,37.8570358,2025-02-22,2025-02,,
4755,taiyuan,g00114x00197,taiyuan_station_0b5c2e4536e4,太原理工大学(地铁站),112.5201201,37.8574155,2025-02-22,2025-02,,
4756,taiyuan,g00114x00205,taiyuan_station_f2ae8a66c2d3,五一广场(地铁站),112.5675734,37.8597074,2025-02-22,2025-02,,
4757,taiyuan,g00114x00211,taiyuan_station_4b6e112c6bd1,朝阳街(地铁站),112.5984076,37.855055,2025-02-22,2025-02,,
4758,taiyuan,g00115x00207,taiyuan_station_3a13a858413d,太原站西广场(地铁站),112.5763797,37.8598701,2025-02-22,2025-02,,
4759,taiyuan,g00115x00208,taiyuan_station_1968312d5eca,太原站东广场(地铁站),112.5840803,37.8598998,2025-02-22,2025-02,,
4760,ningbo,g00241x00167,ningbo_station_475723fcd4af,国际会议中心(地铁站),121.6309263,29.7653758,2025-05-16,2025-05,,
4761,guangzhou,g00159x00130,guangzhou_station_82a870780036,下中路站,113.50121,23.17983,2025-06-20,2025-06,,
4762,chongqing,g00316x00287,chongqing_station_7525ed18322f,重庆东站,106.6683194,29.487685,2025-06-27,2025-06,,
4763,chongqing,g00320x00285,chongqing_station_6c5483b7a182,桃花桥(地铁站),106.6582975,29.5062663,2025-06-27,2025-06,,
4764,chongqing,g00322x00286,chongqing_station_4683265bbb5b,百乐园(地铁站),106.662556,29.5172627,2025-06-27,2025-06,,
4765,guangzhou,g00143x00089,guangzhou_station_ec152149a865,二沙岛站,113.29807,23.11262,2025-06-28,2025-06,,
4766,guangzhou,g00157x00069,guangzhou_station_b1508835d964,浔峰岗北(地铁站),113.2017158,23.175397,2025-06-28,2025-06,,
4767,guangzhou,g00161x00080,guangzhou_station_7a7e790fd26d,新市墟(地铁站),113.2579238,23.1967283,2025-06-28,2025-06,,
4768,guangzhou,g00162x00078,guangzhou_station_0aa5fd6af912,棠涌(地铁站),113.2489427,23.1986356,2025-06-28,2025-06,,
4769,nanchang,g00119x00134,nanchang_station_95e9ceb35694,南昌东站(地铁站),116.0134043,28.6172304,2025-06-28,2025-06,,
4770,nanchang,g00120x00132,nanchang_station_fe09dc6ffe6d,国展中心(地铁站),116.0014173,28.6193171,2025-06-28,2025-06,,
4771,nanchang,g00121x00130,nanchang_station_c35f426b11a1,枫下(地铁站),115.9921396,28.625665,2025-06-28,2025-06,,
4772,nanchang,g00124x00129,nanchang_station_f05214b5d5d3,罗家集(地铁站),115.9845424,28.6366252,2025-06-28,2025-06,,
4773,nanchang,g00125x00125,nanchang_station_2b49679895f3,沈桥(地铁站),115.9670071,28.6441516,2025-06-28,2025-06,,
4774,nanchang,g00125x00127,nanchang_station_9d53e558c322,观田(地铁站),115.9759289,28.641494,2025-06-28,2025-06,,
4775,nanchang,g00126x00123,nanchang_station_85a082d38b3b,李巷(地铁站),115.9528872,28.6472998,2025-06-28,2025-06,,
4776,nanchang,g00127x00120,nanchang_station_a9d7058b1895,楞上(地铁站),115.93797,28.654049,2025-06-28,2025-06,,
4777,nanchang,g00127x00121,nanchang_station_832137f27c27,北罗(地铁站),115.9448333,28.6512333,2025-06-28,2025-06,,
4778,nanchang,g00131x00143,nanchang_station_e4fe4f17c5ef,瑶湖东(地铁站),116.0561793,28.6692111,2025-06-28,2025-06,,
4779,nanchang,g00131x00146,nanchang_station_ac6a140b2492,麻丘(地铁站),116.0734578,28.6695821,2025-06-28,2025-06,,
4780,nanchang,g00150x00104,nanchang_station_62ba692f983e,蛟桥(地铁站),115.8540528,28.7548787,2025-06-28,2025-06,,
4781,nanchang,g00152x00103,nanchang_station_446ebd7e1649,方志敏大道(地铁站),115.8506608,28.7622175,2025-06-28,2025-06,,
4782,nanchang,g00153x00102,nanchang_station_7a52fde03228,南齿(地铁站),115.8462181,28.7690566,2025-06-28,2025-06,,
4783,nanchang,g00154x00107,nanchang_station_7259bd52dcdc,定子山(地铁站),115.8695409,28.775441,2025-06-28,2025-06,,
4784,nanchang,g00155x00104,nanchang_station_3ab911ccaf5b,冠山(地铁站),115.8566306,28.7758033,2025-06-28,2025-06,,
4785,nanchang,g00159x00108,nanchang_station_935623795743,建业大道(地铁站),115.8756377,28.7960814,2025-06-28,2025-06,,
4786,nanchang,g00162x00108,nanchang_station_66977f31e627,汇贤大道(地铁站),115.8771378,28.809585,2025-06-28,2025-06,,
4787,nanchang,g00173x00115,nanchang_station_1487cf8bb85b,昌北机场(地铁站),115.9137334,28.8588065,2025-06-28,2025-06,,
4788,guangzhou,g00131x00081,guangzhou_station_d64827bb0731,东沙站,113.25901,23.05961,2025-06-29,2025-06,,
4789,guangzhou,g00132x00085,guangzhou_station_7283d2365ca9,大干围(地铁站),113.2781936,23.0632133,2025-06-29,2025-06,,
4790,guangzhou,g00134x00086,guangzhou_station_0eb2c6c162d7,工业大道南(地铁站),113.2834946,23.0705345,2025-06-29,2025-06,,
4791,guangzhou,g00138x00103,guangzhou_station_57b46f7e1f87,北山(地铁站),113.3697819,23.0877522,2025-06-29,2025-06,,
4792,guangzhou,g00139x00098,guangzhou_station_79e01cdabbfd,赤沙北(地铁站),113.3413891,23.0927408,2025-06-29,2025-06,,
4793,guangzhou,g00141x00093,guangzhou_station_e0edcb9012cf,赤岗塔(地铁站),113.3192378,23.1047363,2025-06-29,2025-06,,
4794,guangzhou,g00142x00086,guangzhou_station_d54e5da60909,滨江东路(地铁站),113.2864885,23.1067432,2025-06-29,2025-06,,
4795,hangzhou,g00252x00358,hangzhou_station_bb609203c529,荆长路(地铁站),120.0385964,30.2888685,2025-06-30,2025-06,,
4796,ningbo,g00248x00156,ningbo_station_518f0cead4b1,寒松路(地铁站),121.5724678,29.7960458,2025-06-30,2025-06,,
4797,ningbo,g00250x00153,ningbo_station_4b695fdf4912,学府路(地铁站),121.555366,29.8072061,2025-06-30,2025-06,,
4798,ningbo,g00251x00151,ningbo_station_f981f5b5152b,南部商务区(地铁站),121.5449999,29.8094684,2025-06-30,2025-06,,
4799,ningbo,g00253x00146,ningbo_station_e811dacf595f,庙堰(地铁站),121.5223206,29.8219454,2025-06-30,2025-06,,
4800,ningbo,g00256x00147,ningbo_station_b4650a71ddaa,堇山西路(地铁站),121.5243003,29.8313819,2025-06-30,2025-06,,
4801,ningbo,g00258x00146,ningbo_station_9bff74f13d49,段塘(地铁站),121.5192258,29.843556,2025-06-30,2025-06,,
4802,ningbo,g00260x00146,ningbo_station_a6cba7b5e1af,南苑(地铁站),121.5196174,29.8515185,2025-06-30,2025-06,,
4803,ningbo,g00262x00145,ningbo_station_f9a6010800f5,丽园南路(地铁站),121.5134609,29.8606355,2025-06-30,2025-06,,
4804,ningbo,g00265x00144,ningbo_station_af688194cd49,联丰(地铁站),121.5115274,29.8722072,2025-06-30,2025-06,,
4805,ningbo,g00267x00145,ningbo_station_f78ac8d5ae3a,泽民(地铁站),121.516903,29.881141,2025-06-30,2025-06,,
4806,ningbo,g00269x00145,ningbo_station_31a1fd8b1c4f,市中医院(地铁站),121.5149746,29.891831,2025-06-30,2025-06,,
4807,ningbo,g00274x00145,ningbo_station_de5aaa0fe00c,榭嘉(地铁站),121.5154964,29.9164624,2025-06-30,2025-06,,
4808,ningbo,g00276x00146,ningbo_station_cff83be632ae,洪大路(地铁站),121.5175929,29.923798,2025-06-30,2025-06,,
4809,ningbo,g00278x00145,ningbo_station_a873f4c78158,洪盛路(地铁站),121.5124807,29.9334082,2025-06-30,2025-06,,
4810,ningbo,g00280x00143,ningbo_station_d106926137ed,洪塘(地铁站),121.5028022,29.9415075,2025-06-30,2025-06,,
4811,ningbo,g00282x00141,ningbo_station_145932bc37c1,开元路(地铁站),121.4950241,29.948258,2025-06-30,2025-06,,
4812,shaoxing,g00210x00147,shaoxing_station_77bc96162836,会展中心(地铁站),120.512939,30.1034588,2025-06-30,2025-06,,
4813,shaoxing,g00210x00151,shaoxing_station_63a0c6f8945c,绍兴北站(地铁站),120.5334458,30.1013818,2025-06-30,2025-06,,
4814,tianjin,g00155x00099,tianjin_station_0a934eaf9c0e,同城商务区西于庄(地铁站),117.1597306,39.1653941,2025-07-08,2025-07,,
4815,tianjin,g00156x00100,tianjin_station_68421305e32b,西沽公园(地铁站),117.1642053,39.1711201,2025-07-08,2025-07,,
4816,tianjin,g00157x00102,tianjin_station_13f25eefdd2c,北洋桥(地铁站),117.1732917,39.1766148,2025-07-08,2025-07,,
4817,tianjin,g00159x00100,tianjin_station_2208649434ce,白庙(地铁站),117.1651737,39.1827531,2025-07-08,2025-07,,
4818,tianjin,g00160x00099,tianjin_station_34b3f2caf949,柳滩(地铁站),117.1578664,39.186896,2025-07-08,2025-07,,
4819,tianjin,g00162x00097,tianjin_station_fe36e6c9e6fe,天穆(地铁站),117.1451225,39.19761,2025-07-08,2025-07,,
4820,tianjin,g00164x00096,tianjin_station_f843f15ee4a4,南仓站,117.1375394,39.2067133,2025-07-08,2025-07,,
4821,tianjin,g00165x00095,tianjin_station_7b2be5902d99,果园南道(地铁站),117.1320178,39.2134451,2025-07-08,2025-07,,
4822,tianjin,g00167x00093,tianjin_station_71636a77ac21,北仓(地铁站),117.1237923,39.2212228,2025-07-08,2025-07,,
4823,tianjin,g00169x00092,tianjin_station_aa4de8503ce1,延吉道(地铁站),117.1177446,39.2314713,2025-07-08,2025-07,,
4824,tianjin,g00174x00091,tianjin_station_0b8faa9ca823,西赵庄(地铁站),117.1096875,39.2514532,2025-07-08,2025-07,,
4825,tianjin,g00176x00090,tianjin_station_e94509dc7dbb,双街(地铁站),117.1042509,39.2615883,2025-07-08,2025-07,,
4826,tianjin,g00178x00089,tianjin_station_304c1fcb673a,柴楼(地铁站),117.1014538,39.2696217,2025-07-08,2025-07,,
4827,tianjin,g00181x00089,tianjin_station_f6baea185178,郎园(地铁站),117.0983355,39.2826618,2025-07-08,2025-07,,
4828,tianjin,g00186x00088,tianjin_station_8b6cdcf8dcdf,小街(地铁站),117.0912527,39.3040289,2025-07-08,2025-07,,
4829,chongqing,g00362x00267,chongqing_station_b3c0a36dbff8,玉河沟(地铁站),106.5655685,29.6972437,2025-07-15,2025-07,,
4830,hangzhou,g00267x00381,hangzhou_station_21281e676856,独城生态公园(地铁站),120.1567049,30.3594385,2025-07-26,2025-07,,
4831,nanjing,g00186x00108,nanjing_station_1c7e42262abe,东山香樟园(地铁站),118.8342224,31.9735663,2025-08-06,2025-08,,
4832,nanjing,g00190x00106,nanjing_station_73ba700ef15a,神机营(地铁站),118.8201652,31.9910981,2025-08-06,2025-08,,
4833,nanjing,g00192x00105,nanjing_station_5f78e3ec7ada,大校场(地铁站),118.8174245,32.000071,2025-08-06,2025-08,,
4834,nanjing,g00194x00105,nanjing_station_33c38d2f8994,七桥瓮(地铁站),118.8202305,32.0108788,2025-08-06,2025-08,,
4835,nanjing,g00197x00103,nanjing_station_e5a933bfb90f,光华门站,118.8097444,32.0255778,2025-08-06,2025-08,,
4836,nanjing,g00198x00102,nanjing_station_d75aa28c0527,通济门(地铁站),118.7995498,32.0277134,2025-08-06,2025-08,,
4837,nanjing,g00199x00095,nanjing_station_0a825265b200,朝天宫(地铁站),118.7674395,32.0346937,2025-08-06,2025-08,,
4838,nanjing,g00203x00096,nanjing_station_237b254abf67,五台山站,118.771251,32.052095,2025-08-06,2025-08,,
4839,nanjing,g00207x00095,nanjing_station_b5f223b74ce6,青春广场(地铁站),118.7675963,32.0707028,2025-08-06,2025-08,,
4840,nanjing,g00211x00090,nanjing_station_b9fb6da0ebbb,下关站,118.737286,32.088923,2025-08-06,2025-08,,
4841,nanjing,g00211x00091,nanjing_station_dde1598ff4bd,盐仓桥(地铁站),118.7475838,32.0878362,2025-08-06,2025-08,,
4842,nanjing,g00212x00089,nanjing_station_59a0ef2d5373,静海寺(地铁站),118.7328229,32.0940383,2025-08-06,2025-08,,
4843,nanjing,g00213x00089,nanjing_station_e5f91a79eb92,南京西站(地铁站),118.7362149,32.0981528,2025-08-06,2025-08,,
4844,nanjing,g00215x00090,nanjing_station_a0a0e4edccb0,方家营(地铁站),118.7425762,32.1066221,2025-08-06,2025-08,,
4845,chengdu,g00092x00222,chengdu_station_acedf8035e34,芦角(地铁站),104.0352887,30.4341287,2025-08-22,2025-08,,
4846,ningbo,g00245x00161,ningbo_station_d023ef8ff92e,云龙(地铁站),121.5981236,29.7858205,2025-08-29,2025-08,,
4847,ningbo,g00249x00166,ningbo_station_4a3edf8850d0,安石路(地铁站),121.6227094,29.8022986,2025-08-29,2025-08,,
4848,ningbo,g00253x00166,ningbo_station_606c66359d8a,回龙(地铁站),121.6234781,29.8208897,2025-08-29,2025-08,,
4849,ningbo,g00256x00166,ningbo_station_c177fc38f2e1,尚德路(地铁站),121.6260053,29.8327786,2025-08-29,2025-08,,
4850,ningbo,g00261x00168,ningbo_station_060d6a9cf78a,盛莫路(地铁站),121.6321573,29.8590493,2025-08-29,2025-08,,
4851,ningbo,g00263x00166,ningbo_station_f18ebbd40a56,北明程路(地铁站),121.6226243,29.8682189,2025-08-29,2025-08,,
4852,ningbo,g00264x00164,ningbo_station_4c35af55f5a7,民安东路(地铁站),121.6132744,29.8707289,2025-08-29,2025-08,,
4853,ningbo,g00265x00158,ningbo_station_b445adbc3ca5,体育馆(地铁站),121.5812308,29.8743915,2025-08-29,2025-08,,
4854,ningbo,g00265x00160,ningbo_station_3609e5144c02,福民公园(地铁站),121.5932452,29.8744719,2025-08-29,2025-08,,
4855,ningbo,g00265x00162,ningbo_station_aa43b71bc36f,新天路(地铁站),121.6014384,29.8739716,2025-08-29,2025-08,,
4856,ningbo,g00266x00155,ningbo_station_6eba55420a99,曙光(地铁站),121.5688653,29.879184,2025-08-29,2025-08,,
4857,ningbo,g00267x00153,ningbo_station_65a603632c03,外滩大桥(地铁站),121.5546724,29.8854107,2025-08-29,2025-08,,
4858,ningbo,g00269x00151,ningbo_station_455fd5751b45,宁波大剧院(地铁站),121.5462484,29.8928967,2025-08-29,2025-08,,
4859,ningbo,g00271x00151,ningbo_station_9ba571ce7a3a,湾头(地铁站),121.5469183,29.9017716,2025-08-29,2025-08,,
4860,ningbo,g00275x00150,ningbo_station_97a47c6df179,云飞路(康桥南)(地铁站),121.5394747,29.9182481,2025-08-29,2025-08,,
4861,ningbo,g00278x00150,ningbo_station_67b69cbee88f,宁慈东路(地铁站),121.5405384,29.932943,2025-08-29,2025-08,,
4862,ningbo,g00284x00151,ningbo_station_fc41bace0e8b,应嘉路(地铁站),121.5463835,29.9589527,2025-08-29,2025-08,,
4863,ningbo,g00285x00166,ningbo_station_1c40949d7ee9,明海北路(地铁站),121.6197237,29.9641043,2025-08-29,2025-08,,
4864,ningbo,g00285x00172,ningbo_station_77012afe4bed,俞范(地铁站),121.6546214,29.9674593,2025-08-29,2025-08,,
4865,chengdu,g00137x00221,chengdu_station_49fbcead6838,红牌楼(地铁站),104.0274664,30.6372112,2025-09-17,2025-09,,
4866,chengdu,g00139x00224,chengdu_station_1f77642233e8,高升桥(地铁站),104.040094,30.6425172,2025-09-17,2025-09,,
4867,chengdu,g00140x00225,chengdu_station_ff4fa1d1e7c6,武侯祠站,104.04782,30.64699,2025-09-17,2025-09,,
4868,chengdu,g00141x00215,chengdu_station_5d4926f17532,阳公桥(地铁站),103.9931048,30.6517131,2025-09-17,2025-09,,
4869,chengdu,g00141x00217,chengdu_station_d83d78a706c0,龙爪堰(地铁站),104.0061585,30.6539065,2025-09-17,2025-09,,
4870,chengdu,g00141x00219,chengdu_station_395d49e62c79,清水河大桥(地铁站),104.0178105,30.6542839,2025-09-17,2025-09,,
4871,chengdu,g00141x00222,chengdu_station_e54fe6e4dace,浣花里站,104.02963,30.65338,2025-09-17,2025-09,,
4872,chengdu,g00141x00223,chengdu_station_fb8d55753fff,省骨科医院(地铁站),104.0385261,30.6543069,2025-09-17,2025-09,,
4873,chengdu,g00141x00225,chengdu_station_1631dc58620d,小南街(地铁站),104.047949,30.6555804,2025-09-17,2025-09,,
4874,chengdu,g00143x00226,chengdu_station_c8e3c9b0ef66,人民公园站,104.05415,30.66191,2025-09-17,2025-09,,
4875,chengdu,g00145x00233,chengdu_station_299c5aba92b1,红星桥站,104.088,30.6734,2025-09-17,2025-09,,
4876,chengdu,g00145x00234,chengdu_station_37fb71036125,建设北路站,104.09629,30.67355,2025-09-17,2025-09,,
4877,chengdu,g00146x00227,chengdu_station_ea36c28b6a1a,西大街站,104.05643,30.67668,2025-09-17,2025-09,,
4878,chengdu,g00146x00236,chengdu_station_256682b1bb73,踏水桥站,104.105759,30.677568,2025-09-17,2025-09,,
4879,chengdu,g00147x00231,chengdu_station_aa58af970da2,城隍庙(地铁站),104.0772252,30.681702,2025-09-17,2025-09,,
4880,chengdu,g00147x00240,chengdu_station_9b0dd37e65e7,二仙桥(地铁站),104.1238293,30.6832838,2025-09-17,2025-09,,
4881,chengdu,g00149x00241,chengdu_station_a04ebe76daa0,机车厂(地铁站),104.1320636,30.6908075,2025-09-17,2025-09,,
4882,chengdu,g00149x00247,chengdu_station_eb3174f01d95,航天路(地铁站),104.1626564,30.6910044,2025-09-17,2025-09,,
4883,chengdu,g00149x00250,chengdu_station_8bbb377fc759,威灵站,104.177189,30.691688,2025-09-17,2025-09,,
4884,chengdu,g00149x00253,chengdu_station_2c1a4bfe5a7d,高洪(地铁站),104.1931758,30.6926224,2025-09-17,2025-09,,
4885,chengdu,g00150x00244,chengdu_station_c208aef868ac,人民塘(地铁站),104.1482272,30.6931644,2025-09-17,2025-09,,
4886,nanning,g00137x00255,nanning_station_0d57308c5641,清平坡(地铁站),108.4507232,22.7622954,2025-09-26,2025-09,,
4887,nanning,g00138x00257,nanning_station_514c5951d587,龙岗(地铁站),108.4615692,22.766131,2025-09-26,2025-09,,
4888,changchun,g00185x00247,changchun_station_5d4e37f49fd5,哈尔滨大街(地铁站),125.4375537,43.8825611,2025-09-28,2025-09,,
4889,changchun,g00187x00252,changchun_station_9d0c8c02cfcd,窦家沟(地铁站),125.467051,43.8890554,2025-09-28,2025-09,,
4890,changchun,g00187x00255,changchun_station_bf8fbda03612,英俊大街(地铁站),125.4831919,43.8892811,2025-09-28,2025-09,,
4891,changchun,g00187x00258,changchun_station_3a016237bbc9,英凯大街(地铁站),125.5057107,43.8891437,2025-09-28,2025-09,,
4892,changchun,g00187x00262,changchun_station_49bf45a4f52b,林溪大街(地铁站),125.5274808,43.8893316,2025-09-28,2025-09,,
4893,shenzhen,g00221x00080,shenzhen_station_d37e2d43f3bd,光明城站(地铁站),113.9486655,22.7359834,2025-09-28,2025-09,,
4894,shenzhen,g00224x00079,shenzhen_station_ce471663880c,虹桥公园(地铁站),113.9452668,22.7529296,2025-09-28,2025-09,,
4895,shenzhen,g00226x00079,shenzhen_station_485a35e46c50,碧眼(地铁站),113.9461699,22.7609452,2025-09-28,2025-09,,
4896,tianjin,g00114x00111,tianjin_station_033ca8f68acc,赛达路(地铁站),117.2257267,38.9812193,2025-09-28,2025-09,,
4897,tianjin,g00116x00110,tianjin_station_bcce905715d8,芦北路(地铁站),117.2232255,38.9900332,2025-09-28,2025-09,,
4898,tianjin,g00119x00109,tianjin_station_5cd16a78e3fc,宏源道(地铁站),117.2157377,39.0059619,2025-09-28,2025-09,,
4899,tianjin,g00122x00108,tianjin_station_619dcb5930df,兴华道(地铁站),117.2099469,39.0179473,2025-09-28,2025-09,,
4900,tianjin,g00124x00108,tianjin_station_2853fd4c9cba,张道口站,117.211686,39.027118,2025-09-28,2025-09,,
4901,tianjin,g00126x00107,tianjin_station_a15067b4a334,梅江会展中心南站,117.200818,39.03546,2025-09-28,2025-09,,
4902,tianjin,g00129x00105,tianjin_station_6c463616d0e6,王兰庄(地铁站),117.1889294,39.0496956,2025-09-28,2025-09,,
4903,tianjin,g00139x00101,tianjin_station_bf5f2159d2e1,天塔(地铁站),117.1714196,39.0947216,2025-09-28,2025-09,,
4904,tianjin,g00145x00101,tianjin_station_4b1f95fed915,海光寺(地铁站),117.1711908,39.121279,2025-09-28,2025-09,,
4905,tianjin,g00147x00102,tianjin_station_da0b00858fbe,福安大街(地铁站),117.1742677,39.1279167,2025-09-28,2025-09,,
4906,xuzhou,g00123x00184,xuzhou_station_9393d2a5c72b,塘坊(地铁站),117.24382,34.1817564,2025-09-28,2025-09,,
4907,xuzhou,g00123x00187,xuzhou_station_5753389cfb53,市中医院(地铁站),117.2558541,34.1790915,2025-09-28,2025-09,,
4908,xuzhou,g00123x00189,xuzhou_station_b640514cb52a,迎宾大道(地铁站),117.2718047,34.1797825,2025-09-28,2025-09,,
4909,xuzhou,g00124x00171,xuzhou_station_116e9bb1e9d6,铜山中医院(地铁站),117.1706198,34.1860496,2025-09-28,2025-09,,
4910,xuzhou,g00124x00176,xuzhou_station_331e32cc6640,高家营(地铁站),117.1986588,34.1862598,2025-09-28,2025-09,,
4911,xuzhou,g00124x00178,xuzhou_station_513852887c6f,驿城(地铁站),117.2075376,34.1853353,2025-09-28,2025-09,,
4912,xuzhou,g00124x00182,xuzhou_station_ce87848da378,检测园(地铁站),117.2337787,34.1839627,2025-09-28,2025-09,,
4913,xuzhou,g00125x00190,xuzhou_station_4df796f24eb0,丽水路(地铁站),117.2747087,34.1910697,2025-09-28,2025-09,,
4914,xuzhou,g00133x00191,xuzhou_station_d7a51263454e,奥体中心(地铁站),117.2823977,34.2284221,2025-09-28,2025-09,,
4915,xuzhou,g00134x00193,xuzhou_station_1a17a9813ad6,博览中心(地铁站),117.2907739,34.2298844,2025-09-28,2025-09,,
4916,xuzhou,g00136x00195,xuzhou_station_eb24a8bd5918,赵武(地铁站),117.2997939,34.2402547,2025-09-28,2025-09,,
4917,xuzhou,g00140x00196,xuzhou_station_b375a05da8b4,大湖(地铁站),117.307372,34.2594946,2025-09-28,2025-09,,
4918,fuzhou,g00200x00262,fuzhou_station_887055e3c72c,大数据(地铁站),119.5933534,25.8947697,2025-09-29,2025-09,,
4919,fuzhou,g00207x00239,fuzhou_station_0627eeb27429,首占(地铁站),119.4803914,25.9270178,2025-09-29,2025-09,,
4920,fuzhou,g00209x00277,fuzhou_station_13541683b769,机场(地铁站),119.6707872,25.9310449,2025-09-29,2025-09,,
4921,fuzhou,g00219x00281,fuzhou_station_a1250c391ec0,文岭(地铁站),119.6907338,25.9771177,2025-09-29,2025-09,,
4922,fuzhou,g00237x00205,fuzhou_station_c31ef155642a,南公园(地铁站),119.3150555,26.0671533,2025-09-29,2025-09,,
4923,fuzhou,g00240x00205,fuzhou_station_2cfb799a605e,闽都(地铁站),119.3144877,26.078588,2025-09-29,2025-09,,
4924,guangzhou,g00145x00113,guangzhou_station_24c01817e8fe,天河珠村(地铁站),113.4151595,23.1191598,2025-09-29,2025-09,,
4925,guangzhou,g00147x00105,guangzhou_station_c12c96967c0f,棠下(地铁站),113.376134,23.1281095,2025-09-29,2025-09,,
4926,guangzhou,g00159x00080,guangzhou_station_237ab515f62f,云霄路(地铁站),113.255384,23.1862063,2025-09-29,2025-09,,
4927,guangzhou,g00163x00080,guangzhou_station_7f1c72e43e11,马务(地铁站),113.2584539,23.2046412,2025-09-29,2025-09,,
4928,guangzhou,g00166x00081,guangzhou_station_ba55bcd395df,鹤边(地铁站),113.2612752,23.2156476,2025-09-29,2025-09,,
4929,guangzhou,g00168x00082,guangzhou_station_86a6be716ab2,鹤龙(地铁站),113.2669017,23.2252112,2025-09-29,2025-09,,
4930,guangzhou,g00169x00084,guangzhou_station_971e1ffd0f33,彭边(地铁站),113.2762239,23.2298195,2025-09-29,2025-09,,
4931,shanghai,g00132x00104,shanghai_station_655078ff6c5c,蟠祥路·国家会计学院(地铁站),121.2816897,31.18341,2025-11-01,2025-11,,
4932,beijing,g00106x00189,beijing_station_d61828176ef0,大红门(地铁站),116.3929182,39.8439824,2025-11-08,2025-11,,
4933,dongguan,g00078x00111,dongguan_station_6a45b84d3521,凤山(地铁站),113.9661455,22.9117858,2025-11-28,2025-11,,
4934,dongguan,g00079x00082,dongguan_station_489196068249,大岭山(地铁站),113.8280284,22.9166554,2025-11-28,2025-11,,
4935,dongguan,g00082x00102,dongguan_station_34b91195380a,大朗(地铁站),113.921933,22.9309386,2025-11-28,2025-11,,
4936,dongguan,g00091x00070,dongguan_station_78410ba41786,同沙公园(地铁站),113.7697214,22.9735764,2025-11-28,2025-11,,
4937,dongguan,g00095x00070,dongguan_station_25a2500fb57b,东城南站(地铁站),113.7702441,22.989602,2025-11-28,2025-11,,
4938,dongguan,g00099x00040,dongguan_station_f31ef563fe6c,东莞西站(地铁站),113.622475,23.0125846,2025-11-28,2025-11,,
4939,dongguan,g00099x00047,dongguan_station_0992e8b7a155,厚德(地铁站),113.6563198,23.0123431,2025-11-28,2025-11,,
4940,dongguan,g00101x00063,dongguan_station_37949c789f05,元美(地铁站),113.7355425,23.0196239,2025-11-28,2025-11,,
4941,dongguan,g00101x00065,dongguan_station_e08e23aba70e,中心广场(地铁站),113.7477982,23.0170774,2025-11-28,2025-11,,
4942,dongguan,g00102x00060,dongguan_station_e855dea55b7a,坝头(地铁站),113.7212965,23.0251623,2025-11-28,2025-11,,
4943,dongguan,g00103x00054,dongguan_station_cf5892acd5e8,人民医院(地铁站),113.6937114,23.029165,2025-11-28,2025-11,,
4944,jinan,g00173x00201,jinan_station_da8e2451b8b2,历城文博中心(地铁站),117.2264641,36.6893812,2025-12-06,2025-12,,
4945,jinan,g00173x00202,jinan_station_f32b43b69eeb,唐宣路(地铁站),117.2311863,36.6893038,2025-12-06,2025-12,,
4946,jinan,g00174x00219,jinan_station_7b4537b0169a,大正路(地铁站),117.3244898,36.6937283,2025-12-06,2025-12,,
4947,jinan,g00175x00208,jinan_station_f657eb5ab12f,世纪大道春喧路(地铁站),117.2674967,36.6949063,2025-12-06,2025-12,,
4948,jinan,g00178x00202,jinan_station_07af5368d546,唐冶东路(地铁站),117.2317161,36.7088346,2025-12-06,2025-12,,
4949,fuzhou,g00236x00189,fuzhou_station_9d54d51da090,半洲(地铁站),119.2330684,26.0596981,2025-12-10,2025-12,,
4950,fuzhou,g00237x00189,fuzhou_station_b4f163c3c36e,建新(地铁站),119.2330988,26.0674933,2025-12-10,2025-12,,
4951,fuzhou,g00240x00194,fuzhou_station_8f468c109b45,金牛山(地铁站),119.2569588,26.0794412,2025-12-10,2025-12,,
4952,chengdu,g00121x00210,chengdu_station_e865494b1966,寺圣(地铁站),103.9676913,30.5629723,2025-12-16,2025-12,,
4953,chengdu,g00121x00211,chengdu_station_a376fd559677,星月(地铁站),103.9754471,30.5642694,2025-12-16,2025-12,,
4954,chengdu,g00121x00213,chengdu_station_0c215241f7e0,光明(地铁站),103.9854586,30.5645341,2025-12-16,2025-12,,
4955,chengdu,g00122x00215,chengdu_station_4359c0b8082c,谢家渡(地铁站),103.9985813,30.5669605,2025-12-16,2025-12,,
4956,chengdu,g00122x00217,chengdu_station_f0294af21561,珠江路(地铁站),104.005681,30.5690732,2025-12-16,2025-12,,
4957,chengdu,g00122x00252,chengdu_station_c7f9dd5b3ea5,龙安(地铁站),104.1914807,30.5666579,2025-12-16,2025-12,,
4958,chengdu,g00123x00250,chengdu_station_84dcce85cfa0,龙华寺(地铁站),104.1776419,30.5736367,2025-12-16,2025-12,,
4959,chengdu,g00124x00219,chengdu_station_434e74ec7ccf,大同站,104.01459,30.57532,2025-12-16,2025-12,,
4960,chengdu,g00126x00222,chengdu_station_309f77cb4be2,石羊东站,104.0305556,30.5863889,2025-12-16,2025-12,,
4961,chengdu,g00126x00244,chengdu_station_b1dd8f411430,三圣花乡站,104.14863,30.58788,2025-12-16,2025-12,,
4962,chengdu,g00127x00223,chengdu_station_cec5cf692763,新园大道(地铁站),104.0374232,30.5905702,2025-12-16,2025-12,,
4963,chengdu,g00127x00225,chengdu_station_ebbfbffb7eb2,市一医院站,104.0482,30.59224,2025-12-16,2025-12,,
4964,chengdu,g00127x00227,chengdu_station_3f07ea306e7d,益州大道站,104.057962,30.591088,2025-12-16,2025-12,,
4965,chengdu,g00127x00229,chengdu_station_c0e47a5ff2f1,金融城北站,104.067221,30.591014,2025-12-16,2025-12,,
4966,chengdu,g00127x00230,chengdu_station_9c678ca55f3f,府城桥站,104.073186,30.5913,2025-12-16,2025-12,,
4967,chengdu,g00127x00232,chengdu_station_07c26e7b4675,金石路站,104.08673,30.59274,2025-12-16,2025-12,,
4968,chengdu,g00128x00235,chengdu_station_fea1c5d28a74,棬子树(地铁站),104.1008297,30.5969863,2025-12-16,2025-12,,
4969,chengdu,g00128x00242,chengdu_station_2c435f7d2364,幸福梅林(地铁站),104.1381796,30.5943158,2025-12-16,2025-12,,
4970,chengdu,g00129x00237,chengdu_station_82fab61905d0,锦逸(地铁站),104.1110294,30.5982373,2025-12-16,2025-12,,
4971,chengdu,g00129x00240,chengdu_station_1b74bcf2d156,娇子立交(地铁站),104.1270246,30.6008262,2025-12-16,2025-12,,
4972,chengdu,g00131x00242,chengdu_station_414619a948d9,海桐街(地铁站),104.1346139,30.6077435,2025-12-16,2025-12,,
4973,chengdu,g00132x00238,chengdu_station_4a8e8c325a0f,四川师大(地铁站),104.1135181,30.6117927,2025-12-16,2025-12,,
4974,chengdu,g00132x00243,chengdu_station_935d0e7e40c1,航天立交(地铁站),104.1405502,30.6153283,2025-12-16,2025-12,,
4975,chengdu,g00132x00245,chengdu_station_3f3d0497ac54,惠王陵(地铁站),104.1495951,30.6145456,2025-12-16,2025-12,,
4976,chengdu,g00132x00247,chengdu_station_39f40760e78d,玉石(地铁站),104.1649852,30.6150364,2025-12-16,2025-12,,
4977,chengdu,g00136x00234,chengdu_station_5d5a72fdc769,三官堂(地铁站),104.0919259,30.6307957,2025-12-16,2025-12,,
4978,chengdu,g00138x00232,chengdu_station_f58ce5ec61a0,九眼桥(地铁站),104.0854411,30.6418831,2025-12-16,2025-12,,
4979,chengdu,g00139x00228,chengdu_station_f6aaccd69d96,华西坝站,104.063766,30.645638,2025-12-16,2025-12,,
4980,chengdu,g00139x00230,chengdu_station_3d76e6846d39,新南门站,104.07255,30.6466,2025-12-16,2025-12,,
4981,chengdu,g00141x00226,chengdu_station_c4c5b447907d,文翁石室站,104.05497,30.65166,2025-12-16,2025-12,,
4982,chengdu,g00143x00211,chengdu_station_1c56fa47d2fd,培风站,103.97491,30.66317,2025-12-16,2025-12,,
4983,chengdu,g00143x00214,chengdu_station_8fad39db99aa,万寿桥站,103.99045,30.66399,2025-12-16,2025-12,,
4984,chengdu,g00143x00217,chengdu_station_c4a15d625778,东坡路(地铁站),104.0055742,30.663587,2025-12-16,2025-12,,
4985,chengdu,g00143x00223,chengdu_station_a7e96e8ae9d1,青羊宫(地铁站),104.0383263,30.6624758,2025-12-16,2025-12,,
4986,chengdu,g00144x00206,chengdu_station_262a8674ee7a,瓦窑滩(地铁站),103.9461815,30.6647081,2025-12-16,2025-12,,
4987,chengdu,g00144x00208,chengdu_station_5e7aacb35c51,万家湾站,103.9609,30.6657,2025-12-16,2025-12,,
4988,chengdu,g00144x00220,chengdu_station_65645dac451f,光华村(地铁站),104.0192181,30.6648352,2025-12-16,2025-12,,
4989,chengdu,g00144x00221,chengdu_station_f35caff3cd72,杜甫草堂(地铁站),104.0279127,30.6650161,2025-12-16,2025-12,,
4990,nanjing,g00157x00108,nanjing_station_af4c000782b4,秣陵(地铁站),118.8303111,31.8429478,2025-12-19,2025-12,,
4991,nanjing,g00159x00108,nanjing_station_3ad243484848,上秦淮西(地铁站),118.8312011,31.8522003,2025-12-19,2025-12,,
4992,nanjing,g00190x00103,nanjing_station_093938bdc9ec,机场跑道旧址站,118.8079361,31.9935972,2025-12-19,2025-12,,
4993,nanjing,g00192x00118,nanjing_station_d9863a5c1b59,东麒路站,118.883775,32.001621,2025-12-19,2025-12,,
4994,hefei,g00215x00151,hefei_station_a3759ce57081,钢红(地铁站),117.3722333,31.8299418,2025-12-26,2025-12,,
4995,hefei,g00216x00115,hefei_station_c8de09425770,开福寺(地铁站),117.1799117,31.8337187,2025-12-26,2025-12,,
4996,hefei,g00216x00118,hefei_station_ecd3d6e2ef13,梦城(地铁站),117.1962045,31.8345445,2025-12-26,2025-12,,
4997,hefei,g00216x00121,hefei_station_144995ff0ed2,松荫桥(地铁站),117.2155715,31.8357299,2025-12-26,2025-12,,
4998,hefei,g00216x00153,hefei_station_adc7567c2cea,大兴集(地铁站),117.3798024,31.8366227,2025-12-26,2025-12,,
4999,hefei,g00217x00155,hefei_station_150062551aaa,伏龙(地铁站),117.3949328,31.8399893,2025-12-26,2025-12,,
5000,hefei,g00217x00158,hefei_station_6c26ded60e60,龙塘(地铁站),117.4094553,31.8384536,2025-12-26,2025-12,,
5001,beijing,g00113x00198,beijing_station_5cdf29e696a1,潘家园西(地铁站),116.4447,39.8738298,2025-12-27,2025-12,,
5002,beijing,g00116x00250,beijing_station_ba4722ad066c,潞阳(地铁站),116.7509793,39.8888336,2025-12-27,2025-12,,
5003,beijing,g00151x00170,beijing_station_5f84e7d3f43f,上地软件园站,116.28057,40.0426,2025-12-27,2025-12,,
5004,beijing,g00153x00171,beijing_station_fb3c890d4514,东北旺站,116.28875,40.05192,2025-12-27,2025-12,,
5005,beijing,g00157x00174,beijing_station_6eb860f4acb3,龙泽西站,116.30178,40.0713,2025-12-27,2025-12,,
5006,beijing,g00157x00194,beijing_station_92f17e6fc076,太平庄(地铁站),116.4208259,40.0727278,2025-12-27,2025-12,,
5007,beijing,g00158x00177,beijing_station_9a36158b87a1,回龙观西大街(地铁站),116.3245074,40.0770897,2025-12-27,2025-12,,
5008,beijing,g00159x00180,beijing_station_ad15f5a356a7,文华路(地铁站),116.336496,40.0787899,2025-12-27,2025-12,,
5009,beijing,g00159x00185,beijing_station_921abad09255,霍营东(地铁站),116.3702986,40.0806359,2025-12-27,2025-12,,
5010,jinan,g00164x00155,jinan_station_cf3cfb53b8b2,南辛庄(地铁站),116.965987,36.6482079,2025-12-27,2025-12,,
5011,jinan,g00164x00156,jinan_station_c565fd710250,五里牌坊(地铁站),116.9764343,36.6482593,2025-12-27,2025-12,,
5012,jinan,g00164x00159,jinan_station_db8a3e567cf2,八一立交桥(地铁站),116.9927729,36.648502,2025-12-27,2025-12,,
5013,jinan,g00164x00166,jinan_station_c9f501e901ea,千佛山(地铁站),117.0285259,36.6476759,2025-12-27,2025-12,,
5014,jinan,g00164x00170,jinan_station_38ca56e07104,山大路南口(地铁站),117.0502454,36.6485281,2025-12-27,2025-12,,
5015,jinan,g00166x00176,jinan_station_e7ec9f40af09,山东博物馆(地铁站),117.0877074,36.6553371,2025-12-27,2025-12,,
5016,jinan,g00167x00182,jinan_station_afd5c3b9af72,奥体东路(地铁站),117.1212524,36.6588996,2025-12-27,2025-12,,
5017,jinan,g00167x00210,jinan_station_11c5f3115417,公路技师学院(地铁站),117.2782222,36.6618197,2025-12-27,2025-12,,
5018,jinan,g00169x00173,jinan_station_49510612cf81,山大南路东口(地铁站),117.0686031,36.6714553,2025-12-27,2025-12,,
5019,jinan,g00169x00181,jinan_station_038b07149fd5,天泺路(地铁站),117.1129315,36.6690691,2025-12-27,2025-12,,
5020,jinan,g00169x00236,jinan_station_3b7874805717,圣井(地铁站),117.4202719,36.6703923,2025-12-27,2025-12,,
5021,jinan,g00169x00240,jinan_station_eb6a40c7e77c,山大龙山(地铁站),117.4463613,36.6692381,2025-12-27,2025-12,,
5022,jinan,g00170x00174,jinan_station_c8c629a20ed8,七里河路南口(地铁站),117.0749533,36.6719851,2025-12-27,2025-12,,
5023,jinan,g00170x00218,jinan_station_c43c1f4a38de,山东职业学院(地铁站),117.3189869,36.6746039,2025-12-27,2025-12,,
5024,jinan,g00171x00200,jinan_station_b882cf85a478,唐冶公园(地铁站),117.2208507,36.6790605,2025-12-27,2025-12,,
5025,jinan,g00171x00222,jinan_station_c4d841248df6,山东现代学院(地铁站),117.3457817,36.6759083,2025-12-27,2025-12,,
5026,jinan,g00173x00186,jinan_station_09fb491f85c9,世纪大道(地铁站),117.1421136,36.6887296,2025-12-27,2025-12,,
5027,jinan,g00174x00200,jinan_station_ff4420a55c3a,唐冶(地铁站),117.2202791,36.6898393,2025-12-27,2025-12,,
5028,jinan,g00176x00201,jinan_station_ff4c03d3659e,历城二中唐冶校区(地铁站),117.2231062,36.7024025,2025-12-27,2025-12,,
5029,shanghai,g00165x00130,shanghai_station_93b3b3f6c603,康文路(地铁站),121.4146753,31.3371176,2025-12-27,2025-12,,
5030,shanghai,g00166x00134,shanghai_station_51df1c83fbba,呼兰路(地铁站),121.4330837,31.3415214,2025-12-27,2025-12,,
5031,shanghai,g00166x00142,shanghai_station_3810000accc3,通南路(地铁站),121.4751245,31.3395919,2025-12-27,2025-12,,
5032,shanghai,g00167x00136,shanghai_station_31c20da151a2,爱辉路(地铁站),121.4447282,31.3459897,2025-12-27,2025-12,,
5033,shanghai,g00168x00141,shanghai_station_ca637e0da6eb,长江西路(地铁站),121.4705666,31.3480353,2025-12-27,2025-12,,
5034,guangzhou,g00127x00080,guangzhou_station_610ad23d3b37,南浦西站,113.25534,23.04119,2025-12-29,2025-12,,
5035,guangzhou,g00130x00078,guangzhou_station_d99dfb99d74d,南漖(地铁站),113.2436333,23.0534104,2025-12-29,2025-12,,
5036,guangzhou,g00133x00074,guangzhou_station_76a9d90bb3d5,西塱(地铁站),113.2261894,23.067764,2025-12-29,2025-12,,
5037,guangzhou,g00138x00087,guangzhou_station_bcaa1f9ff835,中大南門站,113.2910431,23.0919856,2025-12-29,2025-12,,
5038,xian,g00115x00257,xian_station_fabc37b97372,长安广场(地铁站),108.9240497,34.1585785,2025-12-29,2025-12,,
5039,xian,g00115x00263,xian_station_1a048bb17395,皇子坡,108.956877,34.156047,2025-12-29,2025-12,,
5040,xian,g00115x00270,xian_station_8a5f9e754734,东兆余(地铁站),108.9915347,34.1568635,2025-12-29,2025-12,,
5041,xian,g00116x00232,xian_station_bb48134dc79d,细柳(地铁站),108.787648,34.1613069,2025-12-29,2025-12,,
5042,xian,g00116x00234,xian_station_2ae64a42b041,府君庙(地铁站),108.8001027,34.1613052,2025-12-29,2025-12,,
5043,xian,g00116x00237,xian_station_d41fb100fc77,祝村西(地铁站),108.8136362,34.1613641,2025-12-29,2025-12,,
5044,xian,g00116x00240,xian_station_b928be3199ec,祝村(地铁站),108.8303976,34.1613594,2025-12-29,2025-12,,
5045,xian,g00116x00245,xian_station_0a35d7b1a958,郭杜(地铁站),108.8589389,34.1611973,2025-12-29,2025-12,,
5046,xian,g00116x00248,xian_station_cebb2b972bea,樱花广场(地铁站),108.8741144,34.1611691,2025-12-29,2025-12,,
5047,xian,g00116x00252,xian_station_ce1050f586b5,邮电大学(地铁站),108.8988667,34.1593755,2025-12-29,2025-12,,
5048,jinan,g00227x00181,jinan_station_19583fb923e0,回河(地铁站),117.1139875,36.9325872,2025-12-30,2025-12,,
